{"dtos":[{"child":{"id":1210083463,"type":0,"typeAsString":"NEW_CHARGE_TYPE","description":"Kids 16.05.24 - 31.05.24","descriptionShort":"Kids","date":"2024-05-16","amount":18.060000,"amountOpen":0.000000},"parent":{"id":1210083951,"type":50,"typeAsString":"PAYMENT_RUN_TYPE","description":"Zahllauf-Position M--0016-0000004","descriptionShort":"Zahllauf-Position M--0016-0000004","date":"2024-05-20","amount":51.060000,"amountOpen":0.000000},"unlinkCause":null,"linkDate":"2024-05-20","unlinkDate":null,"amount":18.060000},{"child":{"id":1210083951,"type":50,"typeAsString":"PAYMENT_RUN_TYPE","description":"Zahllauf-Position M--0016-0000004","descriptionShort":"Zahllauf-Position M--0016-0000004","date":"2024-05-20","amount":51.060000,"amountOpen":0.000000},"parent":{"id":1210083463,"type":0,"typeAsString":"NEW_CHARGE_TYPE","description":"Kids 16.05.24 - 31.05.24","descriptionShort":"Kids","date":"2024-05-16","amount":18.060000,"amountOpen":0.000000},"unlinkCause":null,"linkDate":"2024-05-20","unlinkDate":null,"amount":18.060000},{"child":{"id":1210083816,"type":10,"typeAsString":"NEW_STARTER_PACKAGE_TYPE","description":"Beitrag für Startpaket für Vertrag Kids","descriptionShort":"Kids","date":"2024-05-16","amount":33.000000,"amountOpen":0.000000},"parent":{"id":1210083951,"type":50,"typeAsString":"PAYMENT_RUN_TYPE","description":"Zahllauf-Position M--0016-0000004","descriptionShort":"Zahllauf-Position M--0016-0000004","date":"2024-05-20","amount":51.060000,"amountOpen":0.000000},"unlinkCause":null,"linkDate":"2024-05-20","unlinkDate":null,"amount":33.000000},{"child":{"id":1210083951,"type":50,"typeAsString":"PAYMENT_RUN_TYPE","description":"Zahllauf-Position M--0016-0000004","descriptionShort":"Zahllauf-Position M--0016-0000004","date":"2024-05-20","amount":51.060000,"amountOpen":0.000000},"parent":{"id":1210083816,"type":10,"typeAsString":"NEW_STARTER_PACKAGE_TYPE","description":"Beitrag für Startpaket für Vertrag Kids","descriptionShort":"Kids","date":"2024-05-16","amount":33.000000,"amountOpen":0.000000},"unlinkCause":null,"linkDate":"2024-05-20","unlinkDate":null,"amount":33.000000},{"child":{"id":1210083464,"type":0,"typeAsString":"NEW_CHARGE_TYPE","description":"Kids 01.06.24 - 30.06.24","descriptionShort":"Kids","date":"2024-06-01","amount":34.990000,"amountOpen":0.000000},"parent":{"id":1210093960,"type":50,"typeAsString":"PAYMENT_RUN_TYPE","description":"Zahllauf-Position M--0017-0000005","descriptionShort":"Zahllauf-Position M--0017-0000005","date":"2024-06-07","amount":34.990000,"amountOpen":0.000000},"unlinkCause":null,"linkDate":"2024-06-07","unlinkDate":null,"amount":34.990000},{"child":{"id":1210093960,"type":50,"typeAsString":"PAYMENT_RUN_TYPE","description":"Zahllauf-Position M--0017-0000005","descriptionShort":"Zahllauf-Position M--0017-0000005","date":"2024-06-07","amount":34.990000,"amountOpen":0.000000},"parent":{"id":1210083464,"type":0,"typeAsString":"NEW_CHARGE_TYPE","description":"Kids 01.06.24 - 30.06.24","descriptionShort":"Kids","date":"2024-06-01","amount":34.990000,"amountOpen":0.000000},"unlinkCause":null,"linkDate":"2024-06-07","unlinkDate":null,"amount":34.990000},{"child":{"id":1210083465,"type":0,"typeAsString":"NEW_CHARGE_TYPE","description":"Kids 01.07.24 - 31.07.24","descriptionShort":"Kids","date":"2024-07-01","amount":34.990000,"amountOpen":0.000000},"parent":{"id":1210107066,"type":50,"typeAsString":"PAYMENT_RUN_TYPE","description":"Zahllauf-Position M--0018-0000005","descriptionShort":"Zahllauf-Position M--0018-0000005","date":"2024-07-02","amount":34.990000,"amountOpen":0.000000},"unlinkCause":null,"linkDate":"2024-07-02","unlinkDate":null,"amount":34.990000},{"child":{"id":1210107066,"type":50,"typeAsString":"PAYMENT_RUN_TYPE","description":"Zahllauf-Position M--0018-0000005","descriptionShort":"Zahllauf-Position M--0018-0000005","date":"2024-07-02","amount":34.990000,"amountOpen":0.000000},"parent":{"id":1210083465,"type":0,"typeAsString":"NEW_CHARGE_TYPE","description":"Kids 01.07.24 - 31.07.24","descriptionShort":"Kids","date":"2024-07-01","amount":34.990000,"amountOpen":0.000000},"unlinkCause":null,"linkDate":"2024-07-02","unlinkDate":null,"amount":34.990000},{"child":{"id":1210083466,"type":0,"typeAsString":"NEW_CHARGE_TYPE","description":"Kids 01.08.24 - 31.08.24","descriptionShort":"Kids","date":"2024-08-01","amount":34.990000,"amountOpen":0.000000},"parent":{"id":1210130610,"type":50,"typeAsString":"PAYMENT_RUN_TYPE","description":"Zahllauf-Position M--0019-0000004","descriptionShort":"Zahllauf-Position M--0019-0000004","date":"2024-08-05","amount":34.990000,"amountOpen":0.000000},"unlinkCause":null,"linkDate":"2024-08-05","unlinkDate":null,"amount":34.990000},{"child":{"id":1210130610,"type":50,"typeAsString":"PAYMENT_RUN_TYPE","description":"Zahllauf-Position M--0019-0000004","descriptionShort":"Zahllauf-Position M--0019-0000004","date":"2024-08-05","amount":34.990000,"amountOpen":0.000000},"parent":{"id":1210083466,"type":0,"typeAsString":"NEW_CHARGE_TYPE","description":"Kids 01.08.24 - 31.08.24","descriptionShort":"Kids","date":"2024-08-01","amount":34.990000,"amountOpen":0.000000},"unlinkCause":null,"linkDate":"2024-08-05","unlinkDate":null,"amount":34.990000},{"child":{"id":1210083467,"type":0,"typeAsString":"NEW_CHARGE_TYPE","description":"Kids 01.09.24 - 30.09.24","descriptionShort":"Kids","date":"2024-09-01","amount":34.990000,"amountOpen":0.000000},"parent":{"id":1210151715,"type":50,"typeAsString":"PAYMENT_RUN_TYPE","description":"Zahllauf-Position M--0020-0000004","descriptionShort":"Zahllauf-Position M--0020-0000004","date":"2024-09-09","amount":34.990000,"amountOpen":0.000000},"unlinkCause":null,"linkDate":"2024-09-09","unlinkDate":null,"amount":34.990000},{"child":{"id":1210151715,"type":50,"typeAsString":"PAYMENT_RUN_TYPE","description":"Zahllauf-Position M--0020-0000004","descriptionShort":"Zahllauf-Position M--0020-0000004","date":"2024-09-09","amount":34.990000,"amountOpen":0.000000},"parent":{"id":1210083467,"type":0,"typeAsString":"NEW_CHARGE_TYPE","description":"Kids 01.09.24 - 30.09.24","descriptionShort":"Kids","date":"2024-09-01","amount":34.990000,"amountOpen":0.000000},"unlinkCause":null,"linkDate":"2024-09-09","unlinkDate":null,"amount":34.990000},{"child":{"id":1210083468,"type":0,"typeAsString":"NEW_CHARGE_TYPE","description":"Kids 01.10.24 - 31.10.24","descriptionShort":"Kids","date":"2024-10-01","amount":34.990000,"amountOpen":0.000000},"parent":{"id":1210169210,"type":50,"typeAsString":"PAYMENT_RUN_TYPE","description":"Zahllauf-Position M--0021-0000004","descriptionShort":"Zahllauf-Position M--0021-0000004","date":"2024-10-04","amount":34.990000,"amountOpen":0.000000},"unlinkCause":null,"linkDate":"2024-10-04","unlinkDate":null,"amount":34.990000},{"child":{"id":1210169210,"type":50,"typeAsString":"PAYMENT_RUN_TYPE","description":"Zahllauf-Position M--0021-0000004","descriptionShort":"Zahllauf-Position M--0021-0000004","date":"2024-10-04","amount":34.990000,"amountOpen":0.000000},"parent":{"id":1210083468,"type":0,"typeAsString":"NEW_CHARGE_TYPE","description":"Kids 01.10.24 - 31.10.24","descriptionShort":"Kids","date":"2024-10-01","amount":34.990000,"amountOpen":0.000000},"unlinkCause":null,"linkDate":"2024-10-04","unlinkDate":null,"amount":34.990000},{"child":{"id":1210083469,"type":0,"typeAsString":"NEW_CHARGE_TYPE","description":"Kids 01.11.24 - 30.11.24","descriptionShort":"Kids","date":"2024-11-01","amount":34.990000,"amountOpen":0.000000},"parent":{"id":1210186364,"type":50,"typeAsString":"PAYMENT_RUN_TYPE","description":"Zahllauf-Position M--0022-0000004","descriptionShort":"Zahllauf-Position M--0022-0000004","date":"2024-11-06","amount":34.990000,"amountOpen":0.000000},"unlinkCause":null,"linkDate":"2024-11-06","unlinkDate":null,"amount":34.990000},{"child":{"id":1210186364,"type":50,"typeAsString":"PAYMENT_RUN_TYPE","description":"Zahllauf-Position M--0022-0000004","descriptionShort":"Zahllauf-Position M--0022-0000004","date":"2024-11-06","amount":34.990000,"amountOpen":0.000000},"parent":{"id":1210083469,"type":0,"typeAsString":"NEW_CHARGE_TYPE","description":"Kids 01.11.24 - 30.11.24","descriptionShort":"Kids","date":"2024-11-01","amount":34.990000,"amountOpen":0.000000},"unlinkCause":null,"linkDate":"2024-11-06","unlinkDate":null,"amount":34.990000},{"child":{"id":1210083810,"type":0,"typeAsString":"NEW_CHARGE_TYPE","description":"Kids 01.12.24 - 31.12.24","descriptionShort":"Kids","date":"2024-12-01","amount":34.990000,"amountOpen":0.000000},"parent":{"id":1210201516,"type":50,"typeAsString":"PAYMENT_RUN_TYPE","description":"Zahllauf-Position M--0024-0000004","descriptionShort":"Zahllauf-Position M--0024-0000004","date":"2024-12-02","amount":34.990000,"amountOpen":0.000000},"unlinkCause":null,"linkDate":"2024-12-02","unlinkDate":null,"amount":34.990000},{"child":{"id":1210201516,"type":50,"typeAsString":"PAYMENT_RUN_TYPE","description":"Zahllauf-Position M--0024-0000004","descriptionShort":"Zahllauf-Position M--0024-0000004","date":"2024-12-02","amount":34.990000,"amountOpen":0.000000},"parent":{"id":1210083810,"type":0,"typeAsString":"NEW_CHARGE_TYPE","description":"Kids 01.12.24 - 31.12.24","descriptionShort":"Kids","date":"2024-12-01","amount":34.990000,"amountOpen":0.000000},"unlinkCause":null,"linkDate":"2024-12-02","unlinkDate":null,"amount":34.990000},{"child":{"id":1210083811,"type":0,"typeAsString":"NEW_CHARGE_TYPE","description":"Kids 01.01.25 - 31.01.25","descriptionShort":"Kids","date":"2025-01-01","amount":34.990000,"amountOpen":0.000000},"parent":{"id":1210221710,"type":50,"typeAsString":"PAYMENT_RUN_TYPE","description":"Zahllauf-Position M--0028-0000004","descriptionShort":"Zahllauf-Position M--0028-0000004","date":"2025-01-01","amount":34.990000,"amountOpen":0.000000},"unlinkCause":null,"linkDate":"2025-01-01","unlinkDate":null,"amount":34.990000},{"child":{"id":1210221710,"type":50,"typeAsString":"PAYMENT_RUN_TYPE","description":"Zahllauf-Position M--0028-0000004","descriptionShort":"Zahllauf-Position M--0028-0000004","date":"2025-01-01","amount":34.990000,"amountOpen":0.000000},"parent":{"id":1210083811,"type":0,"typeAsString":"NEW_CHARGE_TYPE","description":"Kids 01.01.25 - 31.01.25","descriptionShort":"Kids","date":"2025-01-01","amount":34.990000,"amountOpen":0.000000},"unlinkCause":null,"linkDate":"2025-01-01","unlinkDate":null,"amount":34.990000},{"child":{"id":1210083812,"type":0,"typeAsString":"NEW_CHARGE_TYPE","description":"Kids 01.02.25 - 28.02.25","descriptionShort":"Kids","date":"2025-02-01","amount":34.990000,"amountOpen":0.000000},"parent":{"id":1210242134,"type":50,"typeAsString":"PAYMENT_RUN_TYPE","description":"Zahllauf-Position M--0030-0000004","descriptionShort":"Zahllauf-Position M--0030-0000004","date":"2025-02-01","amount":34.990000,"amountOpen":0.000000},"unlinkCause":null,"linkDate":"2025-02-01","unlinkDate":null,"amount":34.990000},{"child":{"id":1210242134,"type":50,"typeAsString":"PAYMENT_RUN_TYPE","description":"Zahllauf-Position M--0030-0000004","descriptionShort":"Zahllauf-Position M--0030-0000004","date":"2025-02-01","amount":34.990000,"amountOpen":0.000000},"parent":{"id":1210083812,"type":0,"typeAsString":"NEW_CHARGE_TYPE","description":"Kids 01.02.25 - 28.02.25","descriptionShort":"Kids","date":"2025-02-01","amount":34.990000,"amountOpen":0.000000},"unlinkCause":null,"linkDate":"2025-02-01","unlinkDate":null,"amount":34.990000},{"child":{"id":1210083813,"type":0,"typeAsString":"NEW_CHARGE_TYPE","description":"Kids 01.03.25 - 31.03.25","descriptionShort":"Kids","date":"2025-03-01","amount":34.990000,"amountOpen":0.000000},"parent":{"id":1210265961,"type":50,"typeAsString":"PAYMENT_RUN_TYPE","description":"Zahllauf-Position M--0032-0000004","descriptionShort":"Zahllauf-Position M--0032-0000004","date":"2025-03-04","amount":34.990000,"amountOpen":0.000000},"unlinkCause":null,"linkDate":"2025-03-04","unlinkDate":null,"amount":34.990000},{"child":{"id":1210265961,"type":50,"typeAsString":"PAYMENT_RUN_TYPE","description":"Zahllauf-Position M--0032-0000004","descriptionShort":"Zahllauf-Position M--0032-0000004","date":"2025-03-04","amount":34.990000,"amountOpen":0.000000},"parent":{"id":1210083813,"type":0,"typeAsString":"NEW_CHARGE_TYPE","description":"Kids 01.03.25 - 31.03.25","descriptionShort":"Kids","date":"2025-03-01","amount":34.990000,"amountOpen":0.000000},"unlinkCause":null,"linkDate":"2025-03-04","unlinkDate":null,"amount":34.990000},{"child":{"id":1210083814,"type":0,"typeAsString":"NEW_CHARGE_TYPE","description":"Kids 01.04.25 - 30.04.25","descriptionShort":"Kids","date":"2025-04-01","amount":34.990000,"amountOpen":0.000000},"parent":{"id":1210282675,"type":50,"typeAsString":"PAYMENT_RUN_TYPE","description":"Zahllauf-Position M--0034-0000004","descriptionShort":"Zahllauf-Position M--0034-0000004","date":"2025-04-01","amount":34.990000,"amountOpen":0.000000},"unlinkCause":null,"linkDate":"2025-04-01","unlinkDate":null,"amount":34.990000},{"child":{"id":1210282675,"type":50,"typeAsString":"PAYMENT_RUN_TYPE","description":"Zahllauf-Position M--0034-0000004","descriptionShort":"Zahllauf-Position M--0034-0000004","date":"2025-04-01","amount":34.990000,"amountOpen":0.000000},"parent":{"id":1210083814,"type":0,"typeAsString":"NEW_CHARGE_TYPE","description":"Kids 01.04.25 - 30.04.25","descriptionShort":"Kids","date":"2025-04-01","amount":34.990000,"amountOpen":0.000000},"unlinkCause":null,"linkDate":"2025-04-01","unlinkDate":null,"amount":34.990000},{"child":{"id":1210083815,"type":0,"typeAsString":"NEW_CHARGE_TYPE","description":"Kids 01.05.25 - 31.05.25","descriptionShort":"Kids","date":"2025-05-01","amount":34.990000,"amountOpen":0.000000},"parent":{"id":1210303227,"type":50,"typeAsString":"PAYMENT_RUN_TYPE","description":"Zahllauf-Position M--0035-0000004","descriptionShort":"Zahllauf-Position M--0035-0000004","date":"2025-05-02","amount":34.990000,"amountOpen":0.000000},"unlinkCause":null,"linkDate":"2025-05-02","unlinkDate":null,"amount":34.990000},{"child":{"id":1210303227,"type":50,"typeAsString":"PAYMENT_RUN_TYPE","description":"Zahllauf-Position M--0035-0000004","descriptionShort":"Zahllauf-Position M--0035-0000004","date":"2025-05-02","amount":34.990000,"amountOpen":0.000000},"parent":{"id":1210083815,"type":0,"typeAsString":"NEW_CHARGE_TYPE","description":"Kids 01.05.25 - 31.05.25","descriptionShort":"Kids","date":"2025-05-01","amount":34.990000,"amountOpen":0.000000},"unlinkCause":null,"linkDate":"2025-05-02","unlinkDate":null,"amount":34.990000},{"child":{"id":1210258244,"type":0,"typeAsString":"NEW_CHARGE_TYPE","description":"Kids 01.06.25 - 30.06.25","descriptionShort":"Kids","date":"2025-06-01","amount":34.990000,"amountOpen":0.000000},"parent":{"id":1210321701,"type":50,"typeAsString":"PAYMENT_RUN_TYPE","description":"Zahllauf-Position M--0036-0000004","descriptionShort":"Zahllauf-Position M--0036-0000004","date":"2025-06-01","amount":34.990000,"amountOpen":0.000000},"unlinkCause":null,"linkDate":"2025-06-01","unlinkDate":null,"amount":34.990000},{"child":{"id":1210321701,"type":50,"typeAsString":"PAYMENT_RUN_TYPE","description":"Zahllauf-Position M--0036-0000004","descriptionShort":"Zahllauf-Position M--0036-0000004","date":"2025-06-01","amount":34.990000,"amountOpen":0.000000},"parent":{"id":1210258244,"type":0,"typeAsString":"NEW_CHARGE_TYPE","description":"Kids 01.06.25 - 30.06.25","descriptionShort":"Kids","date":"2025-06-01","amount":34.990000,"amountOpen":0.000000},"unlinkCause":null,"linkDate":"2025-06-01","unlinkDate":null,"amount":34.990000},{"child":{"id":1210258245,"type":0,"typeAsString":"NEW_CHARGE_TYPE","description":"Kids 01.07.25 - 31.07.25","descriptionShort":"Kids","date":"2025-07-01","amount":34.990000,"amountOpen":0.000000},"parent":{"id":1210340242,"type":50,"typeAsString":"PAYMENT_RUN_TYPE","description":"Zahllauf-Position M--0037-0000004","descriptionShort":"Zahllauf-Position M--0037-0000004","date":"2025-07-02","amount":34.990000,"amountOpen":0.000000},"unlinkCause":null,"linkDate":"2025-07-02","unlinkDate":null,"amount":34.990000},{"child":{"id":1210340242,"type":50,"typeAsString":"PAYMENT_RUN_TYPE","description":"Zahllauf-Position M--0037-0000004","descriptionShort":"Zahllauf-Position M--0037-0000004","date":"2025-07-02","amount":34.990000,"amountOpen":0.000000},"parent":{"id":1210258245,"type":0,"typeAsString":"NEW_CHARGE_TYPE","description":"Kids 01.07.25 - 31.07.25","descriptionShort":"Kids","date":"2025-07-01","amount":34.990000,"amountOpen":0.000000},"unlinkCause":null,"linkDate":"2025-07-02","unlinkDate":null,"amount":34.990000},{"child":{"id":1210258246,"type":0,"typeAsString":"NEW_CHARGE_TYPE","description":"Kids 01.08.25 - 31.08.25","descriptionShort":"Kids","date":"2025-08-01","amount":34.990000,"amountOpen":0.000000},"parent":{"id":1210360652,"type":50,"typeAsString":"PAYMENT_RUN_TYPE","description":"Zahllauf-Position M--0040-0000004","descriptionShort":"Zahllauf-Position M--0040-0000004","date":"2025-08-01","amount":34.990000,"amountOpen":0.000000},"unlinkCause":null,"linkDate":"2025-08-01","unlinkDate":null,"amount":34.990000},{"child":{"id":1210360652,"type":50,"typeAsString":"PAYMENT_RUN_TYPE","description":"Zahllauf-Position M--0040-0000004","descriptionShort":"Zahllauf-Position M--0040-0000004","date":"2025-08-01","amount":34.990000,"amountOpen":0.000000},"parent":{"id":1210258246,"type":0,"typeAsString":"NEW_CHARGE_TYPE","description":"Kids 01.08.25 - 31.08.25","descriptionShort":"Kids","date":"2025-08-01","amount":34.990000,"amountOpen":0.000000},"unlinkCause":null,"linkDate":"2025-08-01","unlinkDate":null,"amount":34.990000},{"child":{"id":1210258247,"type":0,"typeAsString":"NEW_CHARGE_TYPE","description":"Kids 01.09.25 - 30.09.25","descriptionShort":"Kids","date":"2025-09-01","amount":34.990000,"amountOpen":0.000000},"parent":{"id":1210377891,"type":50,"typeAsString":"PAYMENT_RUN_TYPE","description":"Zahllauf-Position M--0041-0000004","descriptionShort":"Zahllauf-Position M--0041-0000004","date":"2025-09-01","amount":34.990000,"amountOpen":0.000000},"unlinkCause":null,"linkDate":"2025-09-01","unlinkDate":null,"amount":34.990000},{"child":{"id":1210377891,"type":50,"typeAsString":"PAYMENT_RUN_TYPE","description":"Zahllauf-Position M--0041-0000004","descriptionShort":"Zahllauf-Position M--0041-0000004","date":"2025-09-01","amount":34.990000,"amountOpen":0.000000},"parent":{"id":1210258247,"type":0,"typeAsString":"NEW_CHARGE_TYPE","description":"Kids 01.09.25 - 30.09.25","descriptionShort":"Kids","date":"2025-09-01","amount":34.990000,"amountOpen":0.000000},"unlinkCause":null,"linkDate":"2025-09-01","unlinkDate":null,"amount":34.990000},{"child":{"id":1210258248,"type":0,"typeAsString":"NEW_CHARGE_TYPE","description":"Kids 01.10.25 - 31.10.25","descriptionShort":"Kids","date":"2025-10-01","amount":34.990000,"amountOpen":0.000000},"parent":{"id":1210396979,"type":50,"typeAsString":"PAYMENT_RUN_TYPE","description":"Zahllauf-Position M--0042-0000004","descriptionShort":"Zahllauf-Position M--0042-0000004","date":"2025-10-02","amount":34.990000,"amountOpen":0.000000},"unlinkCause":null,"linkDate":"2025-10-02","unlinkDate":null,"amount":34.990000},{"child":{"id":1210396979,"type":50,"typeAsString":"PAYMENT_RUN_TYPE","description":"Zahllauf-Position M--0042-0000004","descriptionShort":"Zahllauf-Position M--0042-0000004","date":"2025-10-02","amount":34.990000,"amountOpen":0.000000},"parent":{"id":1210258248,"type":0,"typeAsString":"NEW_CHARGE_TYPE","description":"Kids 01.10.25 - 31.10.25","descriptionShort":"Kids","date":"2025-10-01","amount":34.990000,"amountOpen":0.000000},"unlinkCause":null,"linkDate":"2025-10-02","unlinkDate":null,"amount":34.990000},{"child":{"id":1210258249,"type":0,"typeAsString":"NEW_CHARGE_TYPE","description":"Kids 01.11.25 - 30.11.25","descriptionShort":"Kids","date":"2025-11-01","amount":34.990000,"amountOpen":0.000000},"parent":{"id":1210417422,"type":50,"typeAsString":"PAYMENT_RUN_TYPE","description":"Zahllauf-Position M--0043-0000004","descriptionShort":"Zahllauf-Position M--0043-0000004","date":"2025-11-01","amount":34.990000,"amountOpen":0.000000},"unlinkCause":null,"linkDate":"2025-11-01","unlinkDate":null,"amount":34.990000},{"child":{"id":1210417422,"type":50,"typeAsString":"PAYMENT_RUN_TYPE","description":"Zahllauf-Position M--0043-0000004","descriptionShort":"Zahllauf-Position M--0043-0000004","date":"2025-11-01","amount":34.990000,"amountOpen":0.000000},"parent":{"id":1210258249,"type":0,"typeAsString":"NEW_CHARGE_TYPE","description":"Kids 01.11.25 - 30.11.25","descriptionShort":"Kids","date":"2025-11-01","amount":34.990000,"amountOpen":0.000000},"unlinkCause":null,"linkDate":"2025-11-01","unlinkDate":null,"amount":34.990000},{"child":{"id":1210258250,"type":0,"typeAsString":"NEW_CHARGE_TYPE","description":"Kids 01.12.25 - 31.12.25","descriptionShort":"Kids","date":"2025-12-01","amount":34.990000,"amountOpen":0.000000},"parent":{"id":1210440569,"type":50,"typeAsString":"PAYMENT_RUN_TYPE","description":"Zahllauf-Position M--0046-0000004","descriptionShort":"Zahllauf-Position M--0046-0000004","date":"2025-12-02","amount":34.990000,"amountOpen":0.000000},"unlinkCause":null,"linkDate":"2025-12-02","unlinkDate":null,"amount":34.990000},{"child":{"id":1210440569,"type":50,"typeAsString":"PAYMENT_RUN_TYPE","description":"Zahllauf-Position M--0046-0000004","descriptionShort":"Zahllauf-Position M--0046-0000004","date":"2025-12-02","amount":34.990000,"amountOpen":0.000000},"parent":{"id":1210258250,"type":0,"typeAsString":"NEW_CHARGE_TYPE","description":"Kids 01.12.25 - 31.12.25","descriptionShort":"Kids","date":"2025-12-01","amount":34.990000,"amountOpen":0.000000},"unlinkCause":null,"linkDate":"2025-12-02","unlinkDate":null,"amount":34.990000}]}