[{"customerNumber":"M-8","firstName":"Sophia","lastName":"Reiter","dateOfBirth":"2024-01-30","email":"nicki83reiter@gmail.com","street":"Niedersattling","houseNumber":"22a","addition":null,"zip":"84137","city":"Vilsbiburg","country":"Germany","rateName":"Kids","rateTerm":"12M","cancellationPeriod":"3M","paymentFrequency":"1M","chargeAmountAtContractStart":34.99,"chargeAmountCurrent":34.99,"starterPackageAmount":33.000000,"paymentType":"Lastschrift","paymentTypeContract":null,"signedContract":"16.05.2024","startDate":"2024-05-16","startDateOfUse":null,"startDateIncludingPreviousContracts":"2024-05-16","startDateOfUseIncludingPreviousContracts":null,"externalIdentifier":"","countPeriod":2,"endDateCurrentTerm":"2026-05-15","endDate":"2026-05-15","lastPossibleCancellationDate":"2026-02-15","origin":"Verwaltung","campaign":"","extensionType":"Vertragsverlängerung","extensionRate":"","extensionValue":"12M","chargeAmountNextPeriod":34.99,"cancelledTo":null,"cancelledAt":null,"cancellationType":"","cancellationReason":"","paymentRunGroupName":null,"paidTimePeriodCalculationType":"Kalendarium","company":null,"externalId":null,"location":null,"voucherCode":null,"imported":null,"voucherType":null,"discountType":null,"voucherAmount":null,"discountEffectivePeriod":null,"discountValidFrom":null,"discountValidUntil":null,"additionalDiscount":null,"additionalDiscountType":null,"additionalDiscountEffectivePeriod":null,"additionalDiscountValidFrom":null,"additionalDiscountValidUntil":null,"voucherBonusPeriodDuration":null,"voucherBonusPeriodType":null,"voucherBonusPeriodStartDate":null,"voucherBonusPeriodEndDate":null,"omitStarterPackage":null,"hasAdditionalVoucher":null,"id":1210083411,"type":"CONTRACT","referenceContractId":null}]