{"uuid":"432f53e8-67ce-4fd1-b7df-534b3cfd9f58","lastName":"Reiter","firstName":"Sophia","dateOfBirth":"2024-01-30","placeOfBirth":null,"countryOfBirth":null,"gender":"Weiblich","title":"NONE","taxId":null,"documentNumber":null,"documentType":null,"email":"nicki83reiter@gmail.com","addresses":[{"street":"Niedersattling","houseNumber":"22a","addition":null,"zip":"84137","city":"Vilsbiburg","country":"DE","additionalInformation":null,"streetType":null,"block":null,"portal":null,"stairway":null,"floor":null,"door":null,"province":null,"secondStreet":null,"buildingName":null,"cityPart":null,"district":null,"addressStatus":"VALID","statusInformation":null,"addressStatusSince":null}]}