{"uuid":"432f53e8-67ce-4fd1-b7df-534b3cfd9f58","customerNumber":"M-8","customerStatus":"Mitglied","gender":"Weiblich","title":"Kein Titel","lastName":"Reiter","secondLastName":null,"firstName":"Sophia","secondFirstName":null,"dateOfBirth":"2024-01-30","note":null,"cardNumbers":"","customerTags":"","addresses":[{"street":"Niedersattling","houseNumber":"22a","addition":null,"zip":"84137","city":"Vilsbiburg","country":"DE","additionalInformation":null,"streetType":null,"block":null,"portal":null,"stairway":null,"floor":null,"door":null,"province":null,"secondStreet":null,"buildingName":null,"cityPart":null,"district":null,"addressStatus":"VALID","statusInformation":null,"addressStatusSince":null}],"contact":{"telPrivate":null,"telBusiness":null,"telPrivateMobile":null,"telBusinessMobile":"+49 170 9082040","email":"nicki83reiter@gmail.com"},"paymentMethod":"Lastschrift","bankAccount":{"accountHolder":"Nicole Reiter","iban":"DE50743923000000419907","bic":"GENODEF1VBV","bankName":"VR-Bank Isar-Vils","sepaMandateDtos":[{"sepaMandateStatus":"CONFIRMED","referenceNumber":"MLREFM00008","mandateGivenDate":"2024-05-16","mandateWithdrawnDate":null,"signatureRequired":true,"owner":"STUDIO"}]},"emailStatus":{"type":"NOT_YET_USED","information":""},"importedFrom":"NONE","communicationStop":false,"campaign":null,"taxId":null,"documentIdentificationm":null,"locale":null,"deceased":false,"referralCode":"QP4VM","excludedFromReferral":false,"medicalCertificate":null,"aggregatorAssignments":[],"referralType":null,"lead":null}