{"uuid":"f74a403f-94f9-4888-ac77-0e7017b1d9e7","customerNumber":"M-16","customerStatus":"Mitglied","gender":"Männlich","title":"Kein Titel","lastName":"Krämer","secondLastName":null,"firstName":"Matteo","secondFirstName":null,"dateOfBirth":"2020-05-16","note":null,"cardNumbers":"","customerTags":"","addresses":[{"street":"Falkensteinstr.","houseNumber":"2","addition":null,"zip":"84137","city":"Vilsbiburg","country":"DE","additionalInformation":null,"streetType":null,"block":null,"portal":null,"stairway":null,"floor":null,"door":null,"province":null,"secondStreet":null,"buildingName":null,"cityPart":null,"district":null,"addressStatus":"VALID","statusInformation":null,"addressStatusSince":null}],"contact":{"telPrivate":"087419483960","telBusiness":null,"telPrivateMobile":"01704579413","telBusinessMobile":null,"email":"philipp-fatemeh@web.de"},"paymentMethod":"Lastschrift","bankAccount":{"accountHolder":"Philipp Kraemer","iban":"DE30743500000003054209","bic":"BYLADEM1LAH","bankName":"Sparkasse Landshut","sepaMandateDtos":[{"sepaMandateStatus":"CONFIRMED","referenceNumber":"MLREFM00016","mandateGivenDate":"2025-01-28","mandateWithdrawnDate":null,"signatureRequired":true,"owner":"STUDIO"}]},"emailStatus":{"type":"NOT_YET_USED","information":""},"importedFrom":"NONE","communicationStop":false,"campaign":null,"taxId":null,"documentIdentificationm":null,"locale":null,"deceased":false,"referralCode":"2WGJQ","excludedFromReferral":false,"medicalCertificate":null,"aggregatorAssignments":[],"referralType":null,"lead":null}