{"uuid":"f74a403f-94f9-4888-ac77-0e7017b1d9e7","lastName":"Krämer","firstName":"Matteo","dateOfBirth":"2020-05-16","placeOfBirth":null,"countryOfBirth":null,"gender":"Männlich","title":"NONE","taxId":null,"documentNumber":null,"documentType":null,"email":"philipp-fatemeh@web.de","addresses":[{"street":"Falkensteinstr.","houseNumber":"2","addition":null,"zip":"84137","city":"Vilsbiburg","country":"DE","additionalInformation":null,"streetType":null,"block":null,"portal":null,"stairway":null,"floor":null,"door":null,"province":null,"secondStreet":null,"buildingName":null,"cityPart":null,"district":null,"addressStatus":"VALID","statusInformation":null,"addressStatusSince":null}]}