{"dtos":[{"child":{"id":1210019849,"type":10,"typeAsString":"NEW_STARTER_PACKAGE_TYPE","description":"Beitrag für Startpaket für Vertrag Erwachsene","descriptionShort":"Erwachsene","date":"2024-01-28","amount":33.000000,"amountOpen":0.000000},"parent":{"id":1210021670,"type":50,"typeAsString":"PAYMENT_RUN_TYPE","description":"Zahllauf-Position M--0006-0000003","descriptionShort":"Zahllauf-Position M--0006-0000003","date":"2024-02-05","amount":106.380000,"amountOpen":0.000000},"unlinkCause":{"id":1210066130,"type":51,"typeAsString":"PAYMENT_RUN_CHARGED_BACK_TYPE","description":"Sonstiger Grund Rückbuchung - M--0006-0000003","descriptionShort":"Sonstiger Grund Rückbuchung - M--0006-0000003","date":"2024-04-19","amount":-106.380000,"amountOpen":0.000000},"linkDate":"2024-02-05","unlinkDate":"2024-04-19","amount":33.000000},{"child":{"id":1210021670,"type":50,"typeAsString":"PAYMENT_RUN_TYPE","description":"Zahllauf-Position M--0006-0000003","descriptionShort":"Zahllauf-Position M--0006-0000003","date":"2024-02-05","amount":106.380000,"amountOpen":0.000000},"parent":{"id":1210019849,"type":10,"typeAsString":"NEW_STARTER_PACKAGE_TYPE","description":"Beitrag für Startpaket für Vertrag Erwachsene","descriptionShort":"Erwachsene","date":"2024-01-28","amount":33.000000,"amountOpen":0.000000},"unlinkCause":{"id":1210066130,"type":51,"typeAsString":"PAYMENT_RUN_CHARGED_BACK_TYPE","description":"Sonstiger Grund Rückbuchung - M--0006-0000003","descriptionShort":"Sonstiger Grund Rückbuchung - M--0006-0000003","date":"2024-04-19","amount":-106.380000,"amountOpen":0.000000},"linkDate":"2024-02-05","unlinkDate":"2024-04-19","amount":33.000000},{"child":{"id":1210019846,"type":0,"typeAsString":"NEW_CHARGE_TYPE","description":"Erwachsene 01.02.24 - 29.02.24","descriptionShort":"Erwachsene","date":"2024-02-01","amount":64.990000,"amountOpen":0.000000},"parent":{"id":1210021670,"type":50,"typeAsString":"PAYMENT_RUN_TYPE","description":"Zahllauf-Position M--0006-0000003","descriptionShort":"Zahllauf-Position M--0006-0000003","date":"2024-02-05","amount":106.380000,"amountOpen":0.000000},"unlinkCause":{"id":1210066130,"type":51,"typeAsString":"PAYMENT_RUN_CHARGED_BACK_TYPE","description":"Sonstiger Grund Rückbuchung - M--0006-0000003","descriptionShort":"Sonstiger Grund Rückbuchung - M--0006-0000003","date":"2024-04-19","amount":-106.380000,"amountOpen":0.000000},"linkDate":"2024-02-05","unlinkDate":"2024-04-19","amount":64.990000},{"child":{"id":1210021670,"type":50,"typeAsString":"PAYMENT_RUN_TYPE","description":"Zahllauf-Position M--0006-0000003","descriptionShort":"Zahllauf-Position M--0006-0000003","date":"2024-02-05","amount":106.380000,"amountOpen":0.000000},"parent":{"id":1210019846,"type":0,"typeAsString":"NEW_CHARGE_TYPE","description":"Erwachsene 01.02.24 - 29.02.24","descriptionShort":"Erwachsene","date":"2024-02-01","amount":64.990000,"amountOpen":0.000000},"unlinkCause":{"id":1210066130,"type":51,"typeAsString":"PAYMENT_RUN_CHARGED_BACK_TYPE","description":"Sonstiger Grund Rückbuchung - M--0006-0000003","descriptionShort":"Sonstiger Grund Rückbuchung - M--0006-0000003","date":"2024-04-19","amount":-106.380000,"amountOpen":0.000000},"linkDate":"2024-02-05","unlinkDate":"2024-04-19","amount":64.990000},{"child":{"id":1210019845,"type":0,"typeAsString":"NEW_CHARGE_TYPE","description":"Erwachsene 28.01.24 - 31.01.24","descriptionShort":"Erwachsene","date":"2024-01-28","amount":8.390000,"amountOpen":0.000000},"parent":{"id":1210021670,"type":50,"typeAsString":"PAYMENT_RUN_TYPE","description":"Zahllauf-Position M--0006-0000003","descriptionShort":"Zahllauf-Position M--0006-0000003","date":"2024-02-05","amount":106.380000,"amountOpen":0.000000},"unlinkCause":{"id":1210066130,"type":51,"typeAsString":"PAYMENT_RUN_CHARGED_BACK_TYPE","description":"Sonstiger Grund Rückbuchung - M--0006-0000003","descriptionShort":"Sonstiger Grund Rückbuchung - M--0006-0000003","date":"2024-04-19","amount":-106.380000,"amountOpen":0.000000},"linkDate":"2024-02-05","unlinkDate":"2024-04-19","amount":8.390000},{"child":{"id":1210021670,"type":50,"typeAsString":"PAYMENT_RUN_TYPE","description":"Zahllauf-Position M--0006-0000003","descriptionShort":"Zahllauf-Position M--0006-0000003","date":"2024-02-05","amount":106.380000,"amountOpen":0.000000},"parent":{"id":1210019845,"type":0,"typeAsString":"NEW_CHARGE_TYPE","description":"Erwachsene 28.01.24 - 31.01.24","descriptionShort":"Erwachsene","date":"2024-01-28","amount":8.390000,"amountOpen":0.000000},"unlinkCause":{"id":1210066130,"type":51,"typeAsString":"PAYMENT_RUN_CHARGED_BACK_TYPE","description":"Sonstiger Grund Rückbuchung - M--0006-0000003","descriptionShort":"Sonstiger Grund Rückbuchung - M--0006-0000003","date":"2024-04-19","amount":-106.380000,"amountOpen":0.000000},"linkDate":"2024-02-05","unlinkDate":"2024-04-19","amount":8.390000},{"child":{"id":1210019847,"type":0,"typeAsString":"NEW_CHARGE_TYPE","description":"Erwachsene 01.03.24 - 31.03.24","descriptionShort":"Erwachsene","date":"2024-03-01","amount":64.990000,"amountOpen":0.000000},"parent":{"id":1210033881,"type":50,"typeAsString":"PAYMENT_RUN_TYPE","description":"Zahllauf-Position M--0010-0000003","descriptionShort":"Zahllauf-Position M--0010-0000003","date":"2024-03-05","amount":64.990000,"amountOpen":0.000000},"unlinkCause":{"id":1210044362,"type":30,"typeAsString":"PAYMENT_REVERSAL_TYPE","description":"Storno für Zahllauf-Position M--0010-0000003","descriptionShort":"Storno für Zahllauf-Position M--0010-0000003","date":"2024-03-18","amount":-64.990000,"amountOpen":0.000000},"linkDate":"2024-03-05","unlinkDate":"2024-03-18","amount":64.990000},{"child":{"id":1210033881,"type":50,"typeAsString":"PAYMENT_RUN_TYPE","description":"Zahllauf-Position M--0010-0000003","descriptionShort":"Zahllauf-Position M--0010-0000003","date":"2024-03-05","amount":64.990000,"amountOpen":0.000000},"parent":{"id":1210019847,"type":0,"typeAsString":"NEW_CHARGE_TYPE","description":"Erwachsene 01.03.24 - 31.03.24","descriptionShort":"Erwachsene","date":"2024-03-01","amount":64.990000,"amountOpen":0.000000},"unlinkCause":{"id":1210044362,"type":30,"typeAsString":"PAYMENT_REVERSAL_TYPE","description":"Storno für Zahllauf-Position M--0010-0000003","descriptionShort":"Storno für Zahllauf-Position M--0010-0000003","date":"2024-03-18","amount":-64.990000,"amountOpen":0.000000},"linkDate":"2024-03-05","unlinkDate":"2024-03-18","amount":64.990000},{"child":{"id":1210033881,"type":50,"typeAsString":"PAYMENT_RUN_TYPE","description":"Zahllauf-Position M--0010-0000003","descriptionShort":"Zahllauf-Position M--0010-0000003","date":"2024-03-05","amount":64.990000,"amountOpen":0.000000},"parent":{"id":1210044362,"type":30,"typeAsString":"PAYMENT_REVERSAL_TYPE","description":"Storno für Zahllauf-Position M--0010-0000003","descriptionShort":"Storno für Zahllauf-Position M--0010-0000003","date":"2024-03-18","amount":-64.990000,"amountOpen":0.000000},"unlinkCause":null,"linkDate":"2024-03-18","unlinkDate":null,"amount":64.990000},{"child":{"id":1210044362,"type":30,"typeAsString":"PAYMENT_REVERSAL_TYPE","description":"Storno für Zahllauf-Position M--0010-0000003","descriptionShort":"Storno für Zahllauf-Position M--0010-0000003","date":"2024-03-18","amount":-64.990000,"amountOpen":0.000000},"parent":{"id":1210033881,"type":50,"typeAsString":"PAYMENT_RUN_TYPE","description":"Zahllauf-Position M--0010-0000003","descriptionShort":"Zahllauf-Position M--0010-0000003","date":"2024-03-05","amount":64.990000,"amountOpen":0.000000},"unlinkCause":null,"linkDate":"2024-03-18","unlinkDate":null,"amount":-64.990000},{"child":{"id":1210019848,"type":0,"typeAsString":"NEW_CHARGE_TYPE","description":"Erwachsene 01.04.24 - 30.04.24","descriptionShort":"Erwachsene","date":"2024-04-01","amount":64.990000,"amountOpen":0.000000},"parent":{"id":1210054001,"type":50,"typeAsString":"PAYMENT_RUN_TYPE","description":"Zahllauf-Position M--0011-0000003","descriptionShort":"Zahllauf-Position M--0011-0000003","date":"2024-04-03","amount":129.980000,"amountOpen":0.000000},"unlinkCause":{"id":1210066210,"type":12,"typeAsString":"DEBT_CLAIM_REVERSAL_TYPE","description":"Storno für Erwachsene 01.04.24 - 30.04.24","descriptionShort":"Storno für Erwachsene","date":"2024-04-19","amount":-64.990000,"amountOpen":0.000000},"linkDate":"2024-04-03","unlinkDate":"2024-04-19","amount":64.990000},{"child":{"id":1210054001,"type":50,"typeAsString":"PAYMENT_RUN_TYPE","description":"Zahllauf-Position M--0011-0000003","descriptionShort":"Zahllauf-Position M--0011-0000003","date":"2024-04-03","amount":129.980000,"amountOpen":0.000000},"parent":{"id":1210019848,"type":0,"typeAsString":"NEW_CHARGE_TYPE","description":"Erwachsene 01.04.24 - 30.04.24","descriptionShort":"Erwachsene","date":"2024-04-01","amount":64.990000,"amountOpen":0.000000},"unlinkCause":{"id":1210066210,"type":12,"typeAsString":"DEBT_CLAIM_REVERSAL_TYPE","description":"Storno für Erwachsene 01.04.24 - 30.04.24","descriptionShort":"Storno für Erwachsene","date":"2024-04-19","amount":-64.990000,"amountOpen":0.000000},"linkDate":"2024-04-03","unlinkDate":"2024-04-19","amount":64.990000},{"child":{"id":1210019847,"type":0,"typeAsString":"NEW_CHARGE_TYPE","description":"Erwachsene 01.03.24 - 31.03.24","descriptionShort":"Erwachsene","date":"2024-03-01","amount":64.990000,"amountOpen":0.000000},"parent":{"id":1210054001,"type":50,"typeAsString":"PAYMENT_RUN_TYPE","description":"Zahllauf-Position M--0011-0000003","descriptionShort":"Zahllauf-Position M--0011-0000003","date":"2024-04-03","amount":129.980000,"amountOpen":0.000000},"unlinkCause":{"id":1210066132,"type":12,"typeAsString":"DEBT_CLAIM_REVERSAL_TYPE","description":"Storno für Erwachsene 01.03.24 - 31.03.24","descriptionShort":"Storno für Erwachsene","date":"2024-04-19","amount":-64.990000,"amountOpen":0.000000},"linkDate":"2024-04-03","unlinkDate":"2024-04-19","amount":64.990000},{"child":{"id":1210054001,"type":50,"typeAsString":"PAYMENT_RUN_TYPE","description":"Zahllauf-Position M--0011-0000003","descriptionShort":"Zahllauf-Position M--0011-0000003","date":"2024-04-03","amount":129.980000,"amountOpen":0.000000},"parent":{"id":1210019847,"type":0,"typeAsString":"NEW_CHARGE_TYPE","description":"Erwachsene 01.03.24 - 31.03.24","descriptionShort":"Erwachsene","date":"2024-03-01","amount":64.990000,"amountOpen":0.000000},"unlinkCause":{"id":1210066132,"type":12,"typeAsString":"DEBT_CLAIM_REVERSAL_TYPE","description":"Storno für Erwachsene 01.03.24 - 31.03.24","descriptionShort":"Storno für Erwachsene","date":"2024-04-19","amount":-64.990000,"amountOpen":0.000000},"linkDate":"2024-04-03","unlinkDate":"2024-04-19","amount":64.990000},{"child":{"id":1210021670,"type":50,"typeAsString":"PAYMENT_RUN_TYPE","description":"Zahllauf-Position M--0006-0000003","descriptionShort":"Zahllauf-Position M--0006-0000003","date":"2024-02-05","amount":106.380000,"amountOpen":0.000000},"parent":{"id":1210066130,"type":51,"typeAsString":"PAYMENT_RUN_CHARGED_BACK_TYPE","description":"Sonstiger Grund Rückbuchung - M--0006-0000003","descriptionShort":"Sonstiger Grund Rückbuchung - M--0006-0000003","date":"2024-04-19","amount":-106.380000,"amountOpen":0.000000},"unlinkCause":null,"linkDate":"2024-04-19","unlinkDate":null,"amount":106.380000},{"child":{"id":1210066130,"type":51,"typeAsString":"PAYMENT_RUN_CHARGED_BACK_TYPE","description":"Sonstiger Grund Rückbuchung - M--0006-0000003","descriptionShort":"Sonstiger Grund Rückbuchung - M--0006-0000003","date":"2024-04-19","amount":-106.380000,"amountOpen":0.000000},"parent":{"id":1210021670,"type":50,"typeAsString":"PAYMENT_RUN_TYPE","description":"Zahllauf-Position M--0006-0000003","descriptionShort":"Zahllauf-Position M--0006-0000003","date":"2024-02-05","amount":106.380000,"amountOpen":0.000000},"unlinkCause":null,"linkDate":"2024-04-19","unlinkDate":null,"amount":-106.380000},{"child":{"id":1210019845,"type":0,"typeAsString":"NEW_CHARGE_TYPE","description":"Erwachsene 28.01.24 - 31.01.24","descriptionShort":"Erwachsene","date":"2024-01-28","amount":8.390000,"amountOpen":0.000000},"parent":{"id":1210066131,"type":12,"typeAsString":"DEBT_CLAIM_REVERSAL_TYPE","description":"Storno für Erwachsene 28.01.24 - 31.01.24","descriptionShort":"Storno für Erwachsene","date":"2024-04-19","amount":-8.390000,"amountOpen":0.000000},"unlinkCause":null,"linkDate":"2024-04-19","unlinkDate":null,"amount":8.390000},{"child":{"id":1210066131,"type":12,"typeAsString":"DEBT_CLAIM_REVERSAL_TYPE","description":"Storno für Erwachsene 28.01.24 - 31.01.24","descriptionShort":"Storno für Erwachsene","date":"2024-04-19","amount":-8.390000,"amountOpen":0.000000},"parent":{"id":1210019845,"type":0,"typeAsString":"NEW_CHARGE_TYPE","description":"Erwachsene 28.01.24 - 31.01.24","descriptionShort":"Erwachsene","date":"2024-01-28","amount":8.390000,"amountOpen":0.000000},"unlinkCause":null,"linkDate":"2024-04-19","unlinkDate":null,"amount":-8.390000},{"child":{"id":1210019847,"type":0,"typeAsString":"NEW_CHARGE_TYPE","description":"Erwachsene 01.03.24 - 31.03.24","descriptionShort":"Erwachsene","date":"2024-03-01","amount":64.990000,"amountOpen":0.000000},"parent":{"id":1210066132,"type":12,"typeAsString":"DEBT_CLAIM_REVERSAL_TYPE","description":"Storno für Erwachsene 01.03.24 - 31.03.24","descriptionShort":"Storno für Erwachsene","date":"2024-04-19","amount":-64.990000,"amountOpen":0.000000},"unlinkCause":null,"linkDate":"2024-04-19","unlinkDate":null,"amount":64.990000},{"child":{"id":1210066132,"type":12,"typeAsString":"DEBT_CLAIM_REVERSAL_TYPE","description":"Storno für Erwachsene 01.03.24 - 31.03.24","descriptionShort":"Storno für Erwachsene","date":"2024-04-19","amount":-64.990000,"amountOpen":0.000000},"parent":{"id":1210019847,"type":0,"typeAsString":"NEW_CHARGE_TYPE","description":"Erwachsene 01.03.24 - 31.03.24","descriptionShort":"Erwachsene","date":"2024-03-01","amount":64.990000,"amountOpen":0.000000},"unlinkCause":null,"linkDate":"2024-04-19","unlinkDate":null,"amount":-64.990000},{"child":{"id":1210019849,"type":10,"typeAsString":"NEW_STARTER_PACKAGE_TYPE","description":"Beitrag für Startpaket für Vertrag Erwachsene","descriptionShort":"Erwachsene","date":"2024-01-28","amount":33.000000,"amountOpen":0.000000},"parent":{"id":1210066133,"type":12,"typeAsString":"DEBT_CLAIM_REVERSAL_TYPE","description":"Storno für Beitrag für Startpaket für Vertrag Erwachsene","descriptionShort":"Storno für Erwachsene","date":"2024-04-19","amount":-33.000000,"amountOpen":0.000000},"unlinkCause":null,"linkDate":"2024-04-19","unlinkDate":null,"amount":33.000000},{"child":{"id":1210066133,"type":12,"typeAsString":"DEBT_CLAIM_REVERSAL_TYPE","description":"Storno für Beitrag für Startpaket für Vertrag Erwachsene","descriptionShort":"Storno für Erwachsene","date":"2024-04-19","amount":-33.000000,"amountOpen":0.000000},"parent":{"id":1210019849,"type":10,"typeAsString":"NEW_STARTER_PACKAGE_TYPE","description":"Beitrag für Startpaket für Vertrag Erwachsene","descriptionShort":"Erwachsene","date":"2024-01-28","amount":33.000000,"amountOpen":0.000000},"unlinkCause":null,"linkDate":"2024-04-19","unlinkDate":null,"amount":-33.000000},{"child":{"id":1210019848,"type":0,"typeAsString":"NEW_CHARGE_TYPE","description":"Erwachsene 01.04.24 - 30.04.24","descriptionShort":"Erwachsene","date":"2024-04-01","amount":64.990000,"amountOpen":0.000000},"parent":{"id":1210066210,"type":12,"typeAsString":"DEBT_CLAIM_REVERSAL_TYPE","description":"Storno für Erwachsene 01.04.24 - 30.04.24","descriptionShort":"Storno für Erwachsene","date":"2024-04-19","amount":-64.990000,"amountOpen":0.000000},"unlinkCause":null,"linkDate":"2024-04-19","unlinkDate":null,"amount":64.990000},{"child":{"id":1210066210,"type":12,"typeAsString":"DEBT_CLAIM_REVERSAL_TYPE","description":"Storno für Erwachsene 01.04.24 - 30.04.24","descriptionShort":"Storno für Erwachsene","date":"2024-04-19","amount":-64.990000,"amountOpen":0.000000},"parent":{"id":1210019848,"type":0,"typeAsString":"NEW_CHARGE_TYPE","description":"Erwachsene 01.04.24 - 30.04.24","descriptionShort":"Erwachsene","date":"2024-04-01","amount":64.990000,"amountOpen":0.000000},"unlinkCause":null,"linkDate":"2024-04-19","unlinkDate":null,"amount":-64.990000},{"child":{"id":1210054001,"type":50,"typeAsString":"PAYMENT_RUN_TYPE","description":"Zahllauf-Position M--0011-0000003","descriptionShort":"Zahllauf-Position M--0011-0000003","date":"2024-04-03","amount":129.980000,"amountOpen":0.000000},"parent":{"id":1210019845,"type":0,"typeAsString":"NEW_CHARGE_TYPE","description":"Erwachsene 28.01.24 - 31.01.24","descriptionShort":"Erwachsene","date":"2024-01-28","amount":8.390000,"amountOpen":0.000000},"unlinkCause":{"id":1210066131,"type":12,"typeAsString":"DEBT_CLAIM_REVERSAL_TYPE","description":"Storno für Erwachsene 28.01.24 - 31.01.24","descriptionShort":"Storno für Erwachsene","date":"2024-04-19","amount":-8.390000,"amountOpen":0.000000},"linkDate":"2024-04-19","unlinkDate":"2024-04-19","amount":8.390000},{"child":{"id":1210019845,"type":0,"typeAsString":"NEW_CHARGE_TYPE","description":"Erwachsene 28.01.24 - 31.01.24","descriptionShort":"Erwachsene","date":"2024-01-28","amount":8.390000,"amountOpen":0.000000},"parent":{"id":1210054001,"type":50,"typeAsString":"PAYMENT_RUN_TYPE","description":"Zahllauf-Position M--0011-0000003","descriptionShort":"Zahllauf-Position M--0011-0000003","date":"2024-04-03","amount":129.980000,"amountOpen":0.000000},"unlinkCause":{"id":1210066131,"type":12,"typeAsString":"DEBT_CLAIM_REVERSAL_TYPE","description":"Storno für Erwachsene 28.01.24 - 31.01.24","descriptionShort":"Storno für Erwachsene","date":"2024-04-19","amount":-8.390000,"amountOpen":0.000000},"linkDate":"2024-04-19","unlinkDate":"2024-04-19","amount":8.390000},{"child":{"id":1210054001,"type":50,"typeAsString":"PAYMENT_RUN_TYPE","description":"Zahllauf-Position M--0011-0000003","descriptionShort":"Zahllauf-Position M--0011-0000003","date":"2024-04-03","amount":129.980000,"amountOpen":0.000000},"parent":{"id":1210019849,"type":10,"typeAsString":"NEW_STARTER_PACKAGE_TYPE","description":"Beitrag für Startpaket für Vertrag Erwachsene","descriptionShort":"Erwachsene","date":"2024-01-28","amount":33.000000,"amountOpen":0.000000},"unlinkCause":{"id":1210066133,"type":12,"typeAsString":"DEBT_CLAIM_REVERSAL_TYPE","description":"Storno für Beitrag für Startpaket für Vertrag Erwachsene","descriptionShort":"Storno für Erwachsene","date":"2024-04-19","amount":-33.000000,"amountOpen":0.000000},"linkDate":"2024-04-19","unlinkDate":"2024-04-19","amount":33.000000},{"child":{"id":1210019849,"type":10,"typeAsString":"NEW_STARTER_PACKAGE_TYPE","description":"Beitrag für Startpaket für Vertrag Erwachsene","descriptionShort":"Erwachsene","date":"2024-01-28","amount":33.000000,"amountOpen":0.000000},"parent":{"id":1210054001,"type":50,"typeAsString":"PAYMENT_RUN_TYPE","description":"Zahllauf-Position M--0011-0000003","descriptionShort":"Zahllauf-Position M--0011-0000003","date":"2024-04-03","amount":129.980000,"amountOpen":0.000000},"unlinkCause":{"id":1210066133,"type":12,"typeAsString":"DEBT_CLAIM_REVERSAL_TYPE","description":"Storno für Beitrag für Startpaket für Vertrag Erwachsene","descriptionShort":"Storno für Erwachsene","date":"2024-04-19","amount":-33.000000,"amountOpen":0.000000},"linkDate":"2024-04-19","unlinkDate":"2024-04-19","amount":33.000000},{"child":{"id":1210054001,"type":50,"typeAsString":"PAYMENT_RUN_TYPE","description":"Zahllauf-Position M--0011-0000003","descriptionShort":"Zahllauf-Position M--0011-0000003","date":"2024-04-03","amount":129.980000,"amountOpen":0.000000},"parent":{"id":1210019846,"type":0,"typeAsString":"NEW_CHARGE_TYPE","description":"Erwachsene 01.02.24 - 29.02.24","descriptionShort":"Erwachsene","date":"2024-02-01","amount":64.990000,"amountOpen":0.000000},"unlinkCause":{"id":1210066260,"type":12,"typeAsString":"DEBT_CLAIM_REVERSAL_TYPE","description":"Storno für Erwachsene 01.02.24 - 29.02.24","descriptionShort":"Storno für Erwachsene","date":"2024-04-19","amount":-64.990000,"amountOpen":0.000000},"linkDate":"2024-04-19","unlinkDate":"2024-04-19","amount":23.600000},{"child":{"id":1210019846,"type":0,"typeAsString":"NEW_CHARGE_TYPE","description":"Erwachsene 01.02.24 - 29.02.24","descriptionShort":"Erwachsene","date":"2024-02-01","amount":64.990000,"amountOpen":0.000000},"parent":{"id":1210054001,"type":50,"typeAsString":"PAYMENT_RUN_TYPE","description":"Zahllauf-Position M--0011-0000003","descriptionShort":"Zahllauf-Position M--0011-0000003","date":"2024-04-03","amount":129.980000,"amountOpen":0.000000},"unlinkCause":{"id":1210066260,"type":12,"typeAsString":"DEBT_CLAIM_REVERSAL_TYPE","description":"Storno für Erwachsene 01.02.24 - 29.02.24","descriptionShort":"Storno für Erwachsene","date":"2024-04-19","amount":-64.990000,"amountOpen":0.000000},"linkDate":"2024-04-19","unlinkDate":"2024-04-19","amount":23.600000},{"child":{"id":1210054001,"type":50,"typeAsString":"PAYMENT_RUN_TYPE","description":"Zahllauf-Position M--0011-0000003","descriptionShort":"Zahllauf-Position M--0011-0000003","date":"2024-04-03","amount":129.980000,"amountOpen":0.000000},"parent":{"id":1210066211,"type":60,"typeAsString":"PAYMENT_ABANDONMENT","description":"Ausbuchung einer Zahlung Zahllauf-Position M--0011-0000003","descriptionShort":"Ausbuchung einer Zahlung","date":"2024-04-19","amount":-129.980000,"amountOpen":0.000000},"unlinkCause":{"id":1210066743,"type":30,"typeAsString":"PAYMENT_REVERSAL_TYPE","description":"Storno für Zahllauf-Position M--0011-0000003","descriptionShort":"Storno für Ausbuchung einer Zahlung","date":"2024-04-19","amount":129.980000,"amountOpen":0.000000},"linkDate":"2024-04-19","unlinkDate":"2024-04-19","amount":129.980000},{"child":{"id":1210066211,"type":60,"typeAsString":"PAYMENT_ABANDONMENT","description":"Ausbuchung einer Zahlung Zahllauf-Position M--0011-0000003","descriptionShort":"Ausbuchung einer Zahlung","date":"2024-04-19","amount":-129.980000,"amountOpen":0.000000},"parent":{"id":1210054001,"type":50,"typeAsString":"PAYMENT_RUN_TYPE","description":"Zahllauf-Position M--0011-0000003","descriptionShort":"Zahllauf-Position M--0011-0000003","date":"2024-04-03","amount":129.980000,"amountOpen":0.000000},"unlinkCause":{"id":1210066743,"type":30,"typeAsString":"PAYMENT_REVERSAL_TYPE","description":"Storno für Zahllauf-Position M--0011-0000003","descriptionShort":"Storno für Ausbuchung einer Zahlung","date":"2024-04-19","amount":129.980000,"amountOpen":0.000000},"linkDate":"2024-04-19","unlinkDate":"2024-04-19","amount":-129.980000},{"child":{"id":1210019846,"type":0,"typeAsString":"NEW_CHARGE_TYPE","description":"Erwachsene 01.02.24 - 29.02.24","descriptionShort":"Erwachsene","date":"2024-02-01","amount":64.990000,"amountOpen":0.000000},"parent":{"id":1210066260,"type":12,"typeAsString":"DEBT_CLAIM_REVERSAL_TYPE","description":"Storno für Erwachsene 01.02.24 - 29.02.24","descriptionShort":"Storno für Erwachsene","date":"2024-04-19","amount":-64.990000,"amountOpen":0.000000},"unlinkCause":null,"linkDate":"2024-04-19","unlinkDate":null,"amount":64.990000},{"child":{"id":1210066260,"type":12,"typeAsString":"DEBT_CLAIM_REVERSAL_TYPE","description":"Storno für Erwachsene 01.02.24 - 29.02.24","descriptionShort":"Storno für Erwachsene","date":"2024-04-19","amount":-64.990000,"amountOpen":0.000000},"parent":{"id":1210019846,"type":0,"typeAsString":"NEW_CHARGE_TYPE","description":"Erwachsene 01.02.24 - 29.02.24","descriptionShort":"Erwachsene","date":"2024-02-01","amount":64.990000,"amountOpen":0.000000},"unlinkCause":null,"linkDate":"2024-04-19","unlinkDate":null,"amount":-64.990000},{"child":{"id":1210054001,"type":50,"typeAsString":"PAYMENT_RUN_TYPE","description":"Zahllauf-Position M--0011-0000003","descriptionShort":"Zahllauf-Position M--0011-0000003","date":"2024-04-03","amount":129.980000,"amountOpen":0.000000},"parent":{"id":1210066744,"type":30,"typeAsString":"PAYMENT_REVERSAL_TYPE","description":"Storno für Zahllauf-Position M--0011-0000003","descriptionShort":"Storno für Zahllauf-Position M--0011-0000003","date":"2024-04-19","amount":-129.980000,"amountOpen":0.000000},"unlinkCause":null,"linkDate":"2024-04-19","unlinkDate":null,"amount":129.980000},{"child":{"id":1210066744,"type":30,"typeAsString":"PAYMENT_REVERSAL_TYPE","description":"Storno für Zahllauf-Position M--0011-0000003","descriptionShort":"Storno für Zahllauf-Position M--0011-0000003","date":"2024-04-19","amount":-129.980000,"amountOpen":0.000000},"parent":{"id":1210054001,"type":50,"typeAsString":"PAYMENT_RUN_TYPE","description":"Zahllauf-Position M--0011-0000003","descriptionShort":"Zahllauf-Position M--0011-0000003","date":"2024-04-03","amount":129.980000,"amountOpen":0.000000},"unlinkCause":null,"linkDate":"2024-04-19","unlinkDate":null,"amount":-129.980000},{"child":{"id":1210066211,"type":60,"typeAsString":"PAYMENT_ABANDONMENT","description":"Ausbuchung einer Zahlung Zahllauf-Position M--0011-0000003","descriptionShort":"Ausbuchung einer Zahlung","date":"2024-04-19","amount":-129.980000,"amountOpen":0.000000},"parent":{"id":1210066743,"type":30,"typeAsString":"PAYMENT_REVERSAL_TYPE","description":"Storno für Zahllauf-Position M--0011-0000003","descriptionShort":"Storno für Ausbuchung einer Zahlung","date":"2024-04-19","amount":129.980000,"amountOpen":0.000000},"unlinkCause":null,"linkDate":"2024-04-19","unlinkDate":null,"amount":-129.980000},{"child":{"id":1210066743,"type":30,"typeAsString":"PAYMENT_REVERSAL_TYPE","description":"Storno für Zahllauf-Position M--0011-0000003","descriptionShort":"Storno für Ausbuchung einer Zahlung","date":"2024-04-19","amount":129.980000,"amountOpen":0.000000},"parent":{"id":1210066211,"type":60,"typeAsString":"PAYMENT_ABANDONMENT","description":"Ausbuchung einer Zahlung Zahllauf-Position M--0011-0000003","descriptionShort":"Ausbuchung einer Zahlung","date":"2024-04-19","amount":-129.980000,"amountOpen":0.000000},"unlinkCause":null,"linkDate":"2024-04-19","unlinkDate":null,"amount":129.980000},{"child":{"id":1210066480,"type":0,"typeAsString":"NEW_CHARGE_TYPE","description":"Erwachsene 01.03.24 - 31.03.24","descriptionShort":"Erwachsene","date":"2024-04-19","amount":64.990000,"amountOpen":0.000000},"parent":{"id":1210066746,"type":50,"typeAsString":"PAYMENT_RUN_TYPE","description":"Zahllauf-Position M--0012-0000002","descriptionShort":"Zahllauf-Position M--0012-0000002","date":"2024-04-23","amount":236.360000,"amountOpen":0.000000},"unlinkCause":{"id":1210066950,"type":30,"typeAsString":"PAYMENT_REVERSAL_TYPE","description":"Storno für Zahllauf-Position M--0012-0000002","descriptionShort":"Storno für Zahllauf-Position M--0012-0000002","date":"2024-04-23","amount":-236.360000,"amountOpen":0.000000},"linkDate":"2024-04-23","unlinkDate":"2024-04-23","amount":64.990000},{"child":{"id":1210066746,"type":50,"typeAsString":"PAYMENT_RUN_TYPE","description":"Zahllauf-Position M--0012-0000002","descriptionShort":"Zahllauf-Position M--0012-0000002","date":"2024-04-23","amount":236.360000,"amountOpen":0.000000},"parent":{"id":1210066480,"type":0,"typeAsString":"NEW_CHARGE_TYPE","description":"Erwachsene 01.03.24 - 31.03.24","descriptionShort":"Erwachsene","date":"2024-04-19","amount":64.990000,"amountOpen":0.000000},"unlinkCause":{"id":1210066950,"type":30,"typeAsString":"PAYMENT_REVERSAL_TYPE","description":"Storno für Zahllauf-Position M--0012-0000002","descriptionShort":"Storno für Zahllauf-Position M--0012-0000002","date":"2024-04-23","amount":-236.360000,"amountOpen":0.000000},"linkDate":"2024-04-23","unlinkDate":"2024-04-23","amount":64.990000},{"child":{"id":1210066481,"type":0,"typeAsString":"NEW_CHARGE_TYPE","description":"Erwachsene 01.04.24 - 30.04.24","descriptionShort":"Erwachsene","date":"2024-04-19","amount":64.990000,"amountOpen":0.000000},"parent":{"id":1210066746,"type":50,"typeAsString":"PAYMENT_RUN_TYPE","description":"Zahllauf-Position M--0012-0000002","descriptionShort":"Zahllauf-Position M--0012-0000002","date":"2024-04-23","amount":236.360000,"amountOpen":0.000000},"unlinkCause":{"id":1210066950,"type":30,"typeAsString":"PAYMENT_REVERSAL_TYPE","description":"Storno für Zahllauf-Position M--0012-0000002","descriptionShort":"Storno für Zahllauf-Position M--0012-0000002","date":"2024-04-23","amount":-236.360000,"amountOpen":0.000000},"linkDate":"2024-04-23","unlinkDate":"2024-04-23","amount":64.990000},{"child":{"id":1210066746,"type":50,"typeAsString":"PAYMENT_RUN_TYPE","description":"Zahllauf-Position M--0012-0000002","descriptionShort":"Zahllauf-Position M--0012-0000002","date":"2024-04-23","amount":236.360000,"amountOpen":0.000000},"parent":{"id":1210066481,"type":0,"typeAsString":"NEW_CHARGE_TYPE","description":"Erwachsene 01.04.24 - 30.04.24","descriptionShort":"Erwachsene","date":"2024-04-19","amount":64.990000,"amountOpen":0.000000},"unlinkCause":{"id":1210066950,"type":30,"typeAsString":"PAYMENT_REVERSAL_TYPE","description":"Storno für Zahllauf-Position M--0012-0000002","descriptionShort":"Storno für Zahllauf-Position M--0012-0000002","date":"2024-04-23","amount":-236.360000,"amountOpen":0.000000},"linkDate":"2024-04-23","unlinkDate":"2024-04-23","amount":64.990000},{"child":{"id":1210066485,"type":10,"typeAsString":"NEW_STARTER_PACKAGE_TYPE","description":"Beitrag für Startpaket für Vertrag Erwachsene","descriptionShort":"Erwachsene","date":"2024-04-19","amount":33.000000,"amountOpen":0.000000},"parent":{"id":1210066746,"type":50,"typeAsString":"PAYMENT_RUN_TYPE","description":"Zahllauf-Position M--0012-0000002","descriptionShort":"Zahllauf-Position M--0012-0000002","date":"2024-04-23","amount":236.360000,"amountOpen":0.000000},"unlinkCause":{"id":1210066950,"type":30,"typeAsString":"PAYMENT_REVERSAL_TYPE","description":"Storno für Zahllauf-Position M--0012-0000002","descriptionShort":"Storno für Zahllauf-Position M--0012-0000002","date":"2024-04-23","amount":-236.360000,"amountOpen":0.000000},"linkDate":"2024-04-23","unlinkDate":"2024-04-23","amount":33.000000},{"child":{"id":1210066746,"type":50,"typeAsString":"PAYMENT_RUN_TYPE","description":"Zahllauf-Position M--0012-0000002","descriptionShort":"Zahllauf-Position M--0012-0000002","date":"2024-04-23","amount":236.360000,"amountOpen":0.000000},"parent":{"id":1210066485,"type":10,"typeAsString":"NEW_STARTER_PACKAGE_TYPE","description":"Beitrag für Startpaket für Vertrag Erwachsene","descriptionShort":"Erwachsene","date":"2024-04-19","amount":33.000000,"amountOpen":0.000000},"unlinkCause":{"id":1210066950,"type":30,"typeAsString":"PAYMENT_REVERSAL_TYPE","description":"Storno für Zahllauf-Position M--0012-0000002","descriptionShort":"Storno für Zahllauf-Position M--0012-0000002","date":"2024-04-23","amount":-236.360000,"amountOpen":0.000000},"linkDate":"2024-04-23","unlinkDate":"2024-04-23","amount":33.000000},{"child":{"id":1210066408,"type":0,"typeAsString":"NEW_CHARGE_TYPE","description":"Erwachsene 28.01.24 - 31.01.24","descriptionShort":"Erwachsene","date":"2024-04-19","amount":8.390000,"amountOpen":0.000000},"parent":{"id":1210066746,"type":50,"typeAsString":"PAYMENT_RUN_TYPE","description":"Zahllauf-Position M--0012-0000002","descriptionShort":"Zahllauf-Position M--0012-0000002","date":"2024-04-23","amount":236.360000,"amountOpen":0.000000},"unlinkCause":{"id":1210066950,"type":30,"typeAsString":"PAYMENT_REVERSAL_TYPE","description":"Storno für Zahllauf-Position M--0012-0000002","descriptionShort":"Storno für Zahllauf-Position M--0012-0000002","date":"2024-04-23","amount":-236.360000,"amountOpen":0.000000},"linkDate":"2024-04-23","unlinkDate":"2024-04-23","amount":8.390000},{"child":{"id":1210066746,"type":50,"typeAsString":"PAYMENT_RUN_TYPE","description":"Zahllauf-Position M--0012-0000002","descriptionShort":"Zahllauf-Position M--0012-0000002","date":"2024-04-23","amount":236.360000,"amountOpen":0.000000},"parent":{"id":1210066408,"type":0,"typeAsString":"NEW_CHARGE_TYPE","description":"Erwachsene 28.01.24 - 31.01.24","descriptionShort":"Erwachsene","date":"2024-04-19","amount":8.390000,"amountOpen":0.000000},"unlinkCause":{"id":1210066950,"type":30,"typeAsString":"PAYMENT_REVERSAL_TYPE","description":"Storno für Zahllauf-Position M--0012-0000002","descriptionShort":"Storno für Zahllauf-Position M--0012-0000002","date":"2024-04-23","amount":-236.360000,"amountOpen":0.000000},"linkDate":"2024-04-23","unlinkDate":"2024-04-23","amount":8.390000},{"child":{"id":1210066409,"type":0,"typeAsString":"NEW_CHARGE_TYPE","description":"Erwachsene 01.02.24 - 29.02.24","descriptionShort":"Erwachsene","date":"2024-04-19","amount":64.990000,"amountOpen":0.000000},"parent":{"id":1210066746,"type":50,"typeAsString":"PAYMENT_RUN_TYPE","description":"Zahllauf-Position M--0012-0000002","descriptionShort":"Zahllauf-Position M--0012-0000002","date":"2024-04-23","amount":236.360000,"amountOpen":0.000000},"unlinkCause":{"id":1210066950,"type":30,"typeAsString":"PAYMENT_REVERSAL_TYPE","description":"Storno für Zahllauf-Position M--0012-0000002","descriptionShort":"Storno für Zahllauf-Position M--0012-0000002","date":"2024-04-23","amount":-236.360000,"amountOpen":0.000000},"linkDate":"2024-04-23","unlinkDate":"2024-04-23","amount":64.990000},{"child":{"id":1210066746,"type":50,"typeAsString":"PAYMENT_RUN_TYPE","description":"Zahllauf-Position M--0012-0000002","descriptionShort":"Zahllauf-Position M--0012-0000002","date":"2024-04-23","amount":236.360000,"amountOpen":0.000000},"parent":{"id":1210066409,"type":0,"typeAsString":"NEW_CHARGE_TYPE","description":"Erwachsene 01.02.24 - 29.02.24","descriptionShort":"Erwachsene","date":"2024-04-19","amount":64.990000,"amountOpen":0.000000},"unlinkCause":{"id":1210066950,"type":30,"typeAsString":"PAYMENT_REVERSAL_TYPE","description":"Storno für Zahllauf-Position M--0012-0000002","descriptionShort":"Storno für Zahllauf-Position M--0012-0000002","date":"2024-04-23","amount":-236.360000,"amountOpen":0.000000},"linkDate":"2024-04-23","unlinkDate":"2024-04-23","amount":64.990000},{"child":{"id":1210066746,"type":50,"typeAsString":"PAYMENT_RUN_TYPE","description":"Zahllauf-Position M--0012-0000002","descriptionShort":"Zahllauf-Position M--0012-0000002","date":"2024-04-23","amount":236.360000,"amountOpen":0.000000},"parent":{"id":1210066950,"type":30,"typeAsString":"PAYMENT_REVERSAL_TYPE","description":"Storno für Zahllauf-Position M--0012-0000002","descriptionShort":"Storno für Zahllauf-Position M--0012-0000002","date":"2024-04-23","amount":-236.360000,"amountOpen":0.000000},"unlinkCause":null,"linkDate":"2024-04-23","unlinkDate":null,"amount":236.360000},{"child":{"id":1210066950,"type":30,"typeAsString":"PAYMENT_REVERSAL_TYPE","description":"Storno für Zahllauf-Position M--0012-0000002","descriptionShort":"Storno für Zahllauf-Position M--0012-0000002","date":"2024-04-23","amount":-236.360000,"amountOpen":0.000000},"parent":{"id":1210066746,"type":50,"typeAsString":"PAYMENT_RUN_TYPE","description":"Zahllauf-Position M--0012-0000002","descriptionShort":"Zahllauf-Position M--0012-0000002","date":"2024-04-23","amount":236.360000,"amountOpen":0.000000},"unlinkCause":null,"linkDate":"2024-04-23","unlinkDate":null,"amount":-236.360000},{"child":{"id":1210066480,"type":0,"typeAsString":"NEW_CHARGE_TYPE","description":"Erwachsene 01.03.24 - 31.03.24","descriptionShort":"Erwachsene","date":"2024-04-19","amount":64.990000,"amountOpen":0.000000},"parent":{"id":1210067260,"type":50,"typeAsString":"PAYMENT_RUN_TYPE","description":"Zahllauf-Position M--0014-0000003","descriptionShort":"Zahllauf-Position M--0014-0000003","date":"2024-04-23","amount":236.360000,"amountOpen":0.000000},"unlinkCause":null,"linkDate":"2024-04-23","unlinkDate":null,"amount":64.990000},{"child":{"id":1210067260,"type":50,"typeAsString":"PAYMENT_RUN_TYPE","description":"Zahllauf-Position M--0014-0000003","descriptionShort":"Zahllauf-Position M--0014-0000003","date":"2024-04-23","amount":236.360000,"amountOpen":0.000000},"parent":{"id":1210066480,"type":0,"typeAsString":"NEW_CHARGE_TYPE","description":"Erwachsene 01.03.24 - 31.03.24","descriptionShort":"Erwachsene","date":"2024-04-19","amount":64.990000,"amountOpen":0.000000},"unlinkCause":null,"linkDate":"2024-04-23","unlinkDate":null,"amount":64.990000},{"child":{"id":1210066481,"type":0,"typeAsString":"NEW_CHARGE_TYPE","description":"Erwachsene 01.04.24 - 30.04.24","descriptionShort":"Erwachsene","date":"2024-04-19","amount":64.990000,"amountOpen":0.000000},"parent":{"id":1210067260,"type":50,"typeAsString":"PAYMENT_RUN_TYPE","description":"Zahllauf-Position M--0014-0000003","descriptionShort":"Zahllauf-Position M--0014-0000003","date":"2024-04-23","amount":236.360000,"amountOpen":0.000000},"unlinkCause":null,"linkDate":"2024-04-23","unlinkDate":null,"amount":64.990000},{"child":{"id":1210067260,"type":50,"typeAsString":"PAYMENT_RUN_TYPE","description":"Zahllauf-Position M--0014-0000003","descriptionShort":"Zahllauf-Position M--0014-0000003","date":"2024-04-23","amount":236.360000,"amountOpen":0.000000},"parent":{"id":1210066481,"type":0,"typeAsString":"NEW_CHARGE_TYPE","description":"Erwachsene 01.04.24 - 30.04.24","descriptionShort":"Erwachsene","date":"2024-04-19","amount":64.990000,"amountOpen":0.000000},"unlinkCause":null,"linkDate":"2024-04-23","unlinkDate":null,"amount":64.990000},{"child":{"id":1210066485,"type":10,"typeAsString":"NEW_STARTER_PACKAGE_TYPE","description":"Beitrag für Startpaket für Vertrag Erwachsene","descriptionShort":"Erwachsene","date":"2024-04-19","amount":33.000000,"amountOpen":0.000000},"parent":{"id":1210067260,"type":50,"typeAsString":"PAYMENT_RUN_TYPE","description":"Zahllauf-Position M--0014-0000003","descriptionShort":"Zahllauf-Position M--0014-0000003","date":"2024-04-23","amount":236.360000,"amountOpen":0.000000},"unlinkCause":null,"linkDate":"2024-04-23","unlinkDate":null,"amount":33.000000},{"child":{"id":1210067260,"type":50,"typeAsString":"PAYMENT_RUN_TYPE","description":"Zahllauf-Position M--0014-0000003","descriptionShort":"Zahllauf-Position M--0014-0000003","date":"2024-04-23","amount":236.360000,"amountOpen":0.000000},"parent":{"id":1210066485,"type":10,"typeAsString":"NEW_STARTER_PACKAGE_TYPE","description":"Beitrag für Startpaket für Vertrag Erwachsene","descriptionShort":"Erwachsene","date":"2024-04-19","amount":33.000000,"amountOpen":0.000000},"unlinkCause":null,"linkDate":"2024-04-23","unlinkDate":null,"amount":33.000000},{"child":{"id":1210066408,"type":0,"typeAsString":"NEW_CHARGE_TYPE","description":"Erwachsene 28.01.24 - 31.01.24","descriptionShort":"Erwachsene","date":"2024-04-19","amount":8.390000,"amountOpen":0.000000},"parent":{"id":1210067260,"type":50,"typeAsString":"PAYMENT_RUN_TYPE","description":"Zahllauf-Position M--0014-0000003","descriptionShort":"Zahllauf-Position M--0014-0000003","date":"2024-04-23","amount":236.360000,"amountOpen":0.000000},"unlinkCause":null,"linkDate":"2024-04-23","unlinkDate":null,"amount":8.390000},{"child":{"id":1210067260,"type":50,"typeAsString":"PAYMENT_RUN_TYPE","description":"Zahllauf-Position M--0014-0000003","descriptionShort":"Zahllauf-Position M--0014-0000003","date":"2024-04-23","amount":236.360000,"amountOpen":0.000000},"parent":{"id":1210066408,"type":0,"typeAsString":"NEW_CHARGE_TYPE","description":"Erwachsene 28.01.24 - 31.01.24","descriptionShort":"Erwachsene","date":"2024-04-19","amount":8.390000,"amountOpen":0.000000},"unlinkCause":null,"linkDate":"2024-04-23","unlinkDate":null,"amount":8.390000},{"child":{"id":1210066409,"type":0,"typeAsString":"NEW_CHARGE_TYPE","description":"Erwachsene 01.02.24 - 29.02.24","descriptionShort":"Erwachsene","date":"2024-04-19","amount":64.990000,"amountOpen":0.000000},"parent":{"id":1210067260,"type":50,"typeAsString":"PAYMENT_RUN_TYPE","description":"Zahllauf-Position M--0014-0000003","descriptionShort":"Zahllauf-Position M--0014-0000003","date":"2024-04-23","amount":236.360000,"amountOpen":0.000000},"unlinkCause":null,"linkDate":"2024-04-23","unlinkDate":null,"amount":64.990000},{"child":{"id":1210067260,"type":50,"typeAsString":"PAYMENT_RUN_TYPE","description":"Zahllauf-Position M--0014-0000003","descriptionShort":"Zahllauf-Position M--0014-0000003","date":"2024-04-23","amount":236.360000,"amountOpen":0.000000},"parent":{"id":1210066409,"type":0,"typeAsString":"NEW_CHARGE_TYPE","description":"Erwachsene 01.02.24 - 29.02.24","descriptionShort":"Erwachsene","date":"2024-04-19","amount":64.990000,"amountOpen":0.000000},"unlinkCause":null,"linkDate":"2024-04-23","unlinkDate":null,"amount":64.990000},{"child":{"id":1210066482,"type":0,"typeAsString":"NEW_CHARGE_TYPE","description":"Erwachsene 01.05.24 - 31.05.24","descriptionShort":"Erwachsene","date":"2024-05-01","amount":64.990000,"amountOpen":0.000000},"parent":{"id":1210072510,"type":50,"typeAsString":"PAYMENT_RUN_TYPE","description":"Zahllauf-Position M--0015-0000003","descriptionShort":"Zahllauf-Position M--0015-0000003","date":"2024-05-03","amount":64.990000,"amountOpen":0.000000},"unlinkCause":null,"linkDate":"2024-05-03","unlinkDate":null,"amount":64.990000},{"child":{"id":1210072510,"type":50,"typeAsString":"PAYMENT_RUN_TYPE","description":"Zahllauf-Position M--0015-0000003","descriptionShort":"Zahllauf-Position M--0015-0000003","date":"2024-05-03","amount":64.990000,"amountOpen":0.000000},"parent":{"id":1210066482,"type":0,"typeAsString":"NEW_CHARGE_TYPE","description":"Erwachsene 01.05.24 - 31.05.24","descriptionShort":"Erwachsene","date":"2024-05-01","amount":64.990000,"amountOpen":0.000000},"unlinkCause":null,"linkDate":"2024-05-03","unlinkDate":null,"amount":64.990000},{"child":{"id":1210066483,"type":0,"typeAsString":"NEW_CHARGE_TYPE","description":"Erwachsene 01.06.24 - 30.06.24","descriptionShort":"Erwachsene","date":"2024-06-01","amount":64.990000,"amountOpen":0.000000},"parent":{"id":1210093961,"type":50,"typeAsString":"PAYMENT_RUN_TYPE","description":"Zahllauf-Position M--0017-0000008","descriptionShort":"Zahllauf-Position M--0017-0000008","date":"2024-06-07","amount":64.990000,"amountOpen":0.000000},"unlinkCause":null,"linkDate":"2024-06-07","unlinkDate":null,"amount":64.990000},{"child":{"id":1210093961,"type":50,"typeAsString":"PAYMENT_RUN_TYPE","description":"Zahllauf-Position M--0017-0000008","descriptionShort":"Zahllauf-Position M--0017-0000008","date":"2024-06-07","amount":64.990000,"amountOpen":0.000000},"parent":{"id":1210066483,"type":0,"typeAsString":"NEW_CHARGE_TYPE","description":"Erwachsene 01.06.24 - 30.06.24","descriptionShort":"Erwachsene","date":"2024-06-01","amount":64.990000,"amountOpen":0.000000},"unlinkCause":null,"linkDate":"2024-06-07","unlinkDate":null,"amount":64.990000},{"child":{"id":1210066484,"type":0,"typeAsString":"NEW_CHARGE_TYPE","description":"Erwachsene 01.07.24 - 31.07.24","descriptionShort":"Erwachsene","date":"2024-07-01","amount":64.990000,"amountOpen":0.000000},"parent":{"id":1210107063,"type":50,"typeAsString":"PAYMENT_RUN_TYPE","description":"Zahllauf-Position M--0018-0000008","descriptionShort":"Zahllauf-Position M--0018-0000008","date":"2024-07-02","amount":64.990000,"amountOpen":0.000000},"unlinkCause":null,"linkDate":"2024-07-02","unlinkDate":null,"amount":64.990000},{"child":{"id":1210107063,"type":50,"typeAsString":"PAYMENT_RUN_TYPE","description":"Zahllauf-Position M--0018-0000008","descriptionShort":"Zahllauf-Position M--0018-0000008","date":"2024-07-02","amount":64.990000,"amountOpen":0.000000},"parent":{"id":1210066484,"type":0,"typeAsString":"NEW_CHARGE_TYPE","description":"Erwachsene 01.07.24 - 31.07.24","descriptionShort":"Erwachsene","date":"2024-07-01","amount":64.990000,"amountOpen":0.000000},"unlinkCause":null,"linkDate":"2024-07-02","unlinkDate":null,"amount":64.990000},{"child":{"id":1210108050,"type":0,"typeAsString":"NEW_CHARGE_TYPE","description":"Erwachsene 01.08.24 - 31.08.24","descriptionShort":"Erwachsene","date":"2024-08-01","amount":64.990000,"amountOpen":0.000000},"parent":{"id":1210130615,"type":50,"typeAsString":"PAYMENT_RUN_TYPE","description":"Zahllauf-Position M--0019-0000008","descriptionShort":"Zahllauf-Position M--0019-0000008","date":"2024-08-05","amount":64.990000,"amountOpen":0.000000},"unlinkCause":null,"linkDate":"2024-08-05","unlinkDate":null,"amount":64.990000},{"child":{"id":1210130615,"type":50,"typeAsString":"PAYMENT_RUN_TYPE","description":"Zahllauf-Position M--0019-0000008","descriptionShort":"Zahllauf-Position M--0019-0000008","date":"2024-08-05","amount":64.990000,"amountOpen":0.000000},"parent":{"id":1210108050,"type":0,"typeAsString":"NEW_CHARGE_TYPE","description":"Erwachsene 01.08.24 - 31.08.24","descriptionShort":"Erwachsene","date":"2024-08-01","amount":64.990000,"amountOpen":0.000000},"unlinkCause":null,"linkDate":"2024-08-05","unlinkDate":null,"amount":64.990000},{"child":{"id":1210108051,"type":0,"typeAsString":"NEW_CHARGE_TYPE","description":"Erwachsene 01.09.24 - 30.09.24","descriptionShort":"Erwachsene","date":"2024-09-01","amount":64.990000,"amountOpen":0.000000},"parent":{"id":1210151712,"type":50,"typeAsString":"PAYMENT_RUN_TYPE","description":"Zahllauf-Position M--0020-0000008","descriptionShort":"Zahllauf-Position M--0020-0000008","date":"2024-09-09","amount":64.990000,"amountOpen":0.000000},"unlinkCause":null,"linkDate":"2024-09-09","unlinkDate":null,"amount":64.990000},{"child":{"id":1210151712,"type":50,"typeAsString":"PAYMENT_RUN_TYPE","description":"Zahllauf-Position M--0020-0000008","descriptionShort":"Zahllauf-Position M--0020-0000008","date":"2024-09-09","amount":64.990000,"amountOpen":0.000000},"parent":{"id":1210108051,"type":0,"typeAsString":"NEW_CHARGE_TYPE","description":"Erwachsene 01.09.24 - 30.09.24","descriptionShort":"Erwachsene","date":"2024-09-01","amount":64.990000,"amountOpen":0.000000},"unlinkCause":null,"linkDate":"2024-09-09","unlinkDate":null,"amount":64.990000},{"child":{"id":1210108052,"type":0,"typeAsString":"NEW_CHARGE_TYPE","description":"Erwachsene 01.10.24 - 31.10.24","descriptionShort":"Erwachsene","date":"2024-10-01","amount":64.990000,"amountOpen":0.000000},"parent":{"id":1210169213,"type":50,"typeAsString":"PAYMENT_RUN_TYPE","description":"Zahllauf-Position M--0021-0000008","descriptionShort":"Zahllauf-Position M--0021-0000008","date":"2024-10-04","amount":64.990000,"amountOpen":0.000000},"unlinkCause":null,"linkDate":"2024-10-04","unlinkDate":null,"amount":64.990000},{"child":{"id":1210169213,"type":50,"typeAsString":"PAYMENT_RUN_TYPE","description":"Zahllauf-Position M--0021-0000008","descriptionShort":"Zahllauf-Position M--0021-0000008","date":"2024-10-04","amount":64.990000,"amountOpen":0.000000},"parent":{"id":1210108052,"type":0,"typeAsString":"NEW_CHARGE_TYPE","description":"Erwachsene 01.10.24 - 31.10.24","descriptionShort":"Erwachsene","date":"2024-10-01","amount":64.990000,"amountOpen":0.000000},"unlinkCause":null,"linkDate":"2024-10-04","unlinkDate":null,"amount":64.990000},{"child":{"id":1210166130,"type":0,"typeAsString":"NEW_CHARGE_TYPE","description":"Erwachsene 01.11.24 - 30.11.24","descriptionShort":"Erwachsene","date":"2024-11-01","amount":64.990000,"amountOpen":0.000000},"parent":{"id":1210186363,"type":50,"typeAsString":"PAYMENT_RUN_TYPE","description":"Zahllauf-Position M--0022-0000008","descriptionShort":"Zahllauf-Position M--0022-0000008","date":"2024-11-06","amount":64.990000,"amountOpen":0.000000},"unlinkCause":null,"linkDate":"2024-11-06","unlinkDate":null,"amount":64.990000},{"child":{"id":1210186363,"type":50,"typeAsString":"PAYMENT_RUN_TYPE","description":"Zahllauf-Position M--0022-0000008","descriptionShort":"Zahllauf-Position M--0022-0000008","date":"2024-11-06","amount":64.990000,"amountOpen":0.000000},"parent":{"id":1210166130,"type":0,"typeAsString":"NEW_CHARGE_TYPE","description":"Erwachsene 01.11.24 - 30.11.24","descriptionShort":"Erwachsene","date":"2024-11-01","amount":64.990000,"amountOpen":0.000000},"unlinkCause":null,"linkDate":"2024-11-06","unlinkDate":null,"amount":64.990000},{"child":{"id":1210166131,"type":0,"typeAsString":"NEW_CHARGE_TYPE","description":"Erwachsene 01.12.24 - 31.12.24","descriptionShort":"Erwachsene","date":"2024-12-01","amount":64.990000,"amountOpen":0.000000},"parent":{"id":1210201512,"type":50,"typeAsString":"PAYMENT_RUN_TYPE","description":"Zahllauf-Position M--0024-0000009","descriptionShort":"Zahllauf-Position M--0024-0000009","date":"2024-12-02","amount":64.990000,"amountOpen":0.000000},"unlinkCause":null,"linkDate":"2024-12-02","unlinkDate":null,"amount":64.990000},{"child":{"id":1210201512,"type":50,"typeAsString":"PAYMENT_RUN_TYPE","description":"Zahllauf-Position M--0024-0000009","descriptionShort":"Zahllauf-Position M--0024-0000009","date":"2024-12-02","amount":64.990000,"amountOpen":0.000000},"parent":{"id":1210166131,"type":0,"typeAsString":"NEW_CHARGE_TYPE","description":"Erwachsene 01.12.24 - 31.12.24","descriptionShort":"Erwachsene","date":"2024-12-01","amount":64.990000,"amountOpen":0.000000},"unlinkCause":null,"linkDate":"2024-12-02","unlinkDate":null,"amount":64.990000},{"child":{"id":1210166132,"type":0,"typeAsString":"NEW_CHARGE_TYPE","description":"Erwachsene 01.01.25 - 31.01.25","descriptionShort":"Erwachsene","date":"2025-01-01","amount":64.990000,"amountOpen":0.000000},"parent":{"id":1210221713,"type":50,"typeAsString":"PAYMENT_RUN_TYPE","description":"Zahllauf-Position M--0028-0000010","descriptionShort":"Zahllauf-Position M--0028-0000010","date":"2025-01-01","amount":64.990000,"amountOpen":0.000000},"unlinkCause":null,"linkDate":"2025-01-01","unlinkDate":null,"amount":64.990000},{"child":{"id":1210221713,"type":50,"typeAsString":"PAYMENT_RUN_TYPE","description":"Zahllauf-Position M--0028-0000010","descriptionShort":"Zahllauf-Position M--0028-0000010","date":"2025-01-01","amount":64.990000,"amountOpen":0.000000},"parent":{"id":1210166132,"type":0,"typeAsString":"NEW_CHARGE_TYPE","description":"Erwachsene 01.01.25 - 31.01.25","descriptionShort":"Erwachsene","date":"2025-01-01","amount":64.990000,"amountOpen":0.000000},"unlinkCause":null,"linkDate":"2025-01-01","unlinkDate":null,"amount":64.990000},{"child":{"id":1210221573,"type":0,"typeAsString":"NEW_CHARGE_TYPE","description":"Erwachsene 01.02.25 - 28.02.25","descriptionShort":"Erwachsene","date":"2025-02-01","amount":64.990000,"amountOpen":0.000000},"parent":{"id":1210242137,"type":50,"typeAsString":"PAYMENT_RUN_TYPE","description":"Zahllauf-Position M--0030-0000011","descriptionShort":"Zahllauf-Position M--0030-0000011","date":"2025-02-01","amount":64.990000,"amountOpen":0.000000},"unlinkCause":null,"linkDate":"2025-02-01","unlinkDate":null,"amount":64.990000},{"child":{"id":1210242137,"type":50,"typeAsString":"PAYMENT_RUN_TYPE","description":"Zahllauf-Position M--0030-0000011","descriptionShort":"Zahllauf-Position M--0030-0000011","date":"2025-02-01","amount":64.990000,"amountOpen":0.000000},"parent":{"id":1210221573,"type":0,"typeAsString":"NEW_CHARGE_TYPE","description":"Erwachsene 01.02.25 - 28.02.25","descriptionShort":"Erwachsene","date":"2025-02-01","amount":64.990000,"amountOpen":0.000000},"unlinkCause":null,"linkDate":"2025-02-01","unlinkDate":null,"amount":64.990000},{"child":{"id":1210221574,"type":0,"typeAsString":"NEW_CHARGE_TYPE","description":"Erwachsene 01.03.25 - 31.03.25","descriptionShort":"Erwachsene","date":"2025-03-01","amount":64.990000,"amountOpen":0.000000},"parent":{"id":1210265965,"type":50,"typeAsString":"PAYMENT_RUN_TYPE","description":"Zahllauf-Position M--0032-0000012","descriptionShort":"Zahllauf-Position M--0032-0000012","date":"2025-03-04","amount":64.990000,"amountOpen":0.000000},"unlinkCause":null,"linkDate":"2025-03-04","unlinkDate":null,"amount":64.990000},{"child":{"id":1210265965,"type":50,"typeAsString":"PAYMENT_RUN_TYPE","description":"Zahllauf-Position M--0032-0000012","descriptionShort":"Zahllauf-Position M--0032-0000012","date":"2025-03-04","amount":64.990000,"amountOpen":0.000000},"parent":{"id":1210221574,"type":0,"typeAsString":"NEW_CHARGE_TYPE","description":"Erwachsene 01.03.25 - 31.03.25","descriptionShort":"Erwachsene","date":"2025-03-01","amount":64.990000,"amountOpen":0.000000},"unlinkCause":null,"linkDate":"2025-03-04","unlinkDate":null,"amount":64.990000},{"child":{"id":1210221575,"type":0,"typeAsString":"NEW_CHARGE_TYPE","description":"Erwachsene 01.04.25 - 30.04.25","descriptionShort":"Erwachsene","date":"2025-04-01","amount":64.990000,"amountOpen":0.000000},"parent":{"id":1210282679,"type":50,"typeAsString":"PAYMENT_RUN_TYPE","description":"Zahllauf-Position M--0034-0000012","descriptionShort":"Zahllauf-Position M--0034-0000012","date":"2025-04-01","amount":64.990000,"amountOpen":0.000000},"unlinkCause":null,"linkDate":"2025-04-01","unlinkDate":null,"amount":64.990000},{"child":{"id":1210282679,"type":50,"typeAsString":"PAYMENT_RUN_TYPE","description":"Zahllauf-Position M--0034-0000012","descriptionShort":"Zahllauf-Position M--0034-0000012","date":"2025-04-01","amount":64.990000,"amountOpen":0.000000},"parent":{"id":1210221575,"type":0,"typeAsString":"NEW_CHARGE_TYPE","description":"Erwachsene 01.04.25 - 30.04.25","descriptionShort":"Erwachsene","date":"2025-04-01","amount":64.990000,"amountOpen":0.000000},"unlinkCause":null,"linkDate":"2025-04-01","unlinkDate":null,"amount":64.990000},{"child":{"id":1210284600,"type":0,"typeAsString":"NEW_CHARGE_TYPE","description":"Erwachsene 01.05.25 - 31.05.25","descriptionShort":"Erwachsene","date":"2025-05-01","amount":64.990000,"amountOpen":0.000000},"parent":{"id":1210303326,"type":50,"typeAsString":"PAYMENT_RUN_TYPE","description":"Zahllauf-Position M--0035-0000012","descriptionShort":"Zahllauf-Position M--0035-0000012","date":"2025-05-02","amount":64.990000,"amountOpen":0.000000},"unlinkCause":null,"linkDate":"2025-05-02","unlinkDate":null,"amount":64.990000},{"child":{"id":1210303326,"type":50,"typeAsString":"PAYMENT_RUN_TYPE","description":"Zahllauf-Position M--0035-0000012","descriptionShort":"Zahllauf-Position M--0035-0000012","date":"2025-05-02","amount":64.990000,"amountOpen":0.000000},"parent":{"id":1210284600,"type":0,"typeAsString":"NEW_CHARGE_TYPE","description":"Erwachsene 01.05.25 - 31.05.25","descriptionShort":"Erwachsene","date":"2025-05-01","amount":64.990000,"amountOpen":0.000000},"unlinkCause":null,"linkDate":"2025-05-02","unlinkDate":null,"amount":64.990000},{"child":{"id":1210284601,"type":0,"typeAsString":"NEW_CHARGE_TYPE","description":"Erwachsene 01.06.25 - 30.06.25","descriptionShort":"Erwachsene","date":"2025-06-01","amount":64.990000,"amountOpen":0.000000},"parent":{"id":1210321753,"type":50,"typeAsString":"PAYMENT_RUN_TYPE","description":"Zahllauf-Position M--0036-0000012","descriptionShort":"Zahllauf-Position M--0036-0000012","date":"2025-06-01","amount":64.990000,"amountOpen":0.000000},"unlinkCause":null,"linkDate":"2025-06-01","unlinkDate":null,"amount":64.990000},{"child":{"id":1210321753,"type":50,"typeAsString":"PAYMENT_RUN_TYPE","description":"Zahllauf-Position M--0036-0000012","descriptionShort":"Zahllauf-Position M--0036-0000012","date":"2025-06-01","amount":64.990000,"amountOpen":0.000000},"parent":{"id":1210284601,"type":0,"typeAsString":"NEW_CHARGE_TYPE","description":"Erwachsene 01.06.25 - 30.06.25","descriptionShort":"Erwachsene","date":"2025-06-01","amount":64.990000,"amountOpen":0.000000},"unlinkCause":null,"linkDate":"2025-06-01","unlinkDate":null,"amount":64.990000},{"child":{"id":1210284602,"type":0,"typeAsString":"NEW_CHARGE_TYPE","description":"Erwachsene 01.07.25 - 31.07.25","descriptionShort":"Erwachsene","date":"2025-07-01","amount":64.990000,"amountOpen":0.000000},"parent":{"id":1210340183,"type":50,"typeAsString":"PAYMENT_RUN_TYPE","description":"Zahllauf-Position M--0037-0000012","descriptionShort":"Zahllauf-Position M--0037-0000012","date":"2025-07-02","amount":64.990000,"amountOpen":0.000000},"unlinkCause":null,"linkDate":"2025-07-02","unlinkDate":null,"amount":64.990000},{"child":{"id":1210340183,"type":50,"typeAsString":"PAYMENT_RUN_TYPE","description":"Zahllauf-Position M--0037-0000012","descriptionShort":"Zahllauf-Position M--0037-0000012","date":"2025-07-02","amount":64.990000,"amountOpen":0.000000},"parent":{"id":1210284602,"type":0,"typeAsString":"NEW_CHARGE_TYPE","description":"Erwachsene 01.07.25 - 31.07.25","descriptionShort":"Erwachsene","date":"2025-07-01","amount":64.990000,"amountOpen":0.000000},"unlinkCause":null,"linkDate":"2025-07-02","unlinkDate":null,"amount":64.990000},{"child":{"id":1210341030,"type":0,"typeAsString":"NEW_CHARGE_TYPE","description":"Erwachsene 01.08.25 - 31.08.25","descriptionShort":"Erwachsene","date":"2025-08-01","amount":64.990000,"amountOpen":0.000000},"parent":{"id":1210360720,"type":50,"typeAsString":"PAYMENT_RUN_TYPE","description":"Zahllauf-Position M--0040-0000013","descriptionShort":"Zahllauf-Position M--0040-0000013","date":"2025-08-01","amount":64.990000,"amountOpen":0.000000},"unlinkCause":null,"linkDate":"2025-08-01","unlinkDate":null,"amount":64.990000},{"child":{"id":1210360720,"type":50,"typeAsString":"PAYMENT_RUN_TYPE","description":"Zahllauf-Position M--0040-0000013","descriptionShort":"Zahllauf-Position M--0040-0000013","date":"2025-08-01","amount":64.990000,"amountOpen":0.000000},"parent":{"id":1210341030,"type":0,"typeAsString":"NEW_CHARGE_TYPE","description":"Erwachsene 01.08.25 - 31.08.25","descriptionShort":"Erwachsene","date":"2025-08-01","amount":64.990000,"amountOpen":0.000000},"unlinkCause":null,"linkDate":"2025-08-01","unlinkDate":null,"amount":64.990000},{"child":{"id":1210341031,"type":0,"typeAsString":"NEW_CHARGE_TYPE","description":"Erwachsene 01.09.25 - 30.09.25","descriptionShort":"Erwachsene","date":"2025-09-01","amount":64.990000,"amountOpen":0.000000},"parent":{"id":1210377795,"type":50,"typeAsString":"PAYMENT_RUN_TYPE","description":"Zahllauf-Position M--0041-0000013","descriptionShort":"Zahllauf-Position M--0041-0000013","date":"2025-09-01","amount":64.990000,"amountOpen":0.000000},"unlinkCause":null,"linkDate":"2025-09-01","unlinkDate":null,"amount":64.990000},{"child":{"id":1210377795,"type":50,"typeAsString":"PAYMENT_RUN_TYPE","description":"Zahllauf-Position M--0041-0000013","descriptionShort":"Zahllauf-Position M--0041-0000013","date":"2025-09-01","amount":64.990000,"amountOpen":0.000000},"parent":{"id":1210341031,"type":0,"typeAsString":"NEW_CHARGE_TYPE","description":"Erwachsene 01.09.25 - 30.09.25","descriptionShort":"Erwachsene","date":"2025-09-01","amount":64.990000,"amountOpen":0.000000},"unlinkCause":null,"linkDate":"2025-09-01","unlinkDate":null,"amount":64.990000},{"child":{"id":1210341032,"type":0,"typeAsString":"NEW_CHARGE_TYPE","description":"Erwachsene 01.10.25 - 31.10.25","descriptionShort":"Erwachsene","date":"2025-10-01","amount":64.990000,"amountOpen":0.000000},"parent":{"id":1210397022,"type":50,"typeAsString":"PAYMENT_RUN_TYPE","description":"Zahllauf-Position M--0042-0000013","descriptionShort":"Zahllauf-Position M--0042-0000013","date":"2025-10-02","amount":64.990000,"amountOpen":0.000000},"unlinkCause":null,"linkDate":"2025-10-02","unlinkDate":null,"amount":64.990000},{"child":{"id":1210397022,"type":50,"typeAsString":"PAYMENT_RUN_TYPE","description":"Zahllauf-Position M--0042-0000013","descriptionShort":"Zahllauf-Position M--0042-0000013","date":"2025-10-02","amount":64.990000,"amountOpen":0.000000},"parent":{"id":1210341032,"type":0,"typeAsString":"NEW_CHARGE_TYPE","description":"Erwachsene 01.10.25 - 31.10.25","descriptionShort":"Erwachsene","date":"2025-10-01","amount":64.990000,"amountOpen":0.000000},"unlinkCause":null,"linkDate":"2025-10-02","unlinkDate":null,"amount":64.990000},{"child":{"id":1210397025,"type":0,"typeAsString":"NEW_CHARGE_TYPE","description":"Erwachsene 01.11.25 - 30.11.25","descriptionShort":"Erwachsene","date":"2025-11-01","amount":64.990000,"amountOpen":0.000000},"parent":{"id":1210417427,"type":50,"typeAsString":"PAYMENT_RUN_TYPE","description":"Zahllauf-Position M--0043-0000013","descriptionShort":"Zahllauf-Position M--0043-0000013","date":"2025-11-01","amount":64.990000,"amountOpen":0.000000},"unlinkCause":null,"linkDate":"2025-11-01","unlinkDate":null,"amount":64.990000},{"child":{"id":1210417427,"type":50,"typeAsString":"PAYMENT_RUN_TYPE","description":"Zahllauf-Position M--0043-0000013","descriptionShort":"Zahllauf-Position M--0043-0000013","date":"2025-11-01","amount":64.990000,"amountOpen":0.000000},"parent":{"id":1210397025,"type":0,"typeAsString":"NEW_CHARGE_TYPE","description":"Erwachsene 01.11.25 - 30.11.25","descriptionShort":"Erwachsene","date":"2025-11-01","amount":64.990000,"amountOpen":0.000000},"unlinkCause":null,"linkDate":"2025-11-01","unlinkDate":null,"amount":64.990000},{"child":{"id":1210397026,"type":0,"typeAsString":"NEW_CHARGE_TYPE","description":"Erwachsene 01.12.25 - 31.12.25","descriptionShort":"Erwachsene","date":"2025-12-01","amount":64.990000,"amountOpen":0.000000},"parent":{"id":1210440507,"type":50,"typeAsString":"PAYMENT_RUN_TYPE","description":"Zahllauf-Position M--0046-0000013","descriptionShort":"Zahllauf-Position M--0046-0000013","date":"2025-12-02","amount":64.990000,"amountOpen":0.000000},"unlinkCause":null,"linkDate":"2025-12-02","unlinkDate":null,"amount":64.990000},{"child":{"id":1210440507,"type":50,"typeAsString":"PAYMENT_RUN_TYPE","description":"Zahllauf-Position M--0046-0000013","descriptionShort":"Zahllauf-Position M--0046-0000013","date":"2025-12-02","amount":64.990000,"amountOpen":0.000000},"parent":{"id":1210397026,"type":0,"typeAsString":"NEW_CHARGE_TYPE","description":"Erwachsene 01.12.25 - 31.12.25","descriptionShort":"Erwachsene","date":"2025-12-01","amount":64.990000,"amountOpen":0.000000},"unlinkCause":null,"linkDate":"2025-12-02","unlinkDate":null,"amount":64.990000}]}