[{"customerNumber":"M-4","firstName":"Fabian","lastName":"Then","dateOfBirth":"1993-02-02","email":"fabian.then93@gmail.com","street":"Sulding","houseNumber":"28","addition":null,"zip":"84432 ","city":"Hohenpolding","country":"Germany","rateName":"Erwachsene","rateTerm":"3M","cancellationPeriod":"1M","paymentFrequency":"1M","chargeAmountAtContractStart":64.99,"chargeAmountCurrent":64.99,"starterPackageAmount":33.000000,"paymentType":"Lastschrift","paymentTypeContract":null,"signedContract":"19.04.2024","startDate":"2024-01-28","startDateOfUse":null,"startDateIncludingPreviousContracts":"2024-01-28","startDateOfUseIncludingPreviousContracts":null,"externalIdentifier":"","countPeriod":8,"endDateCurrentTerm":"2026-01-27","endDate":"2026-01-27","lastPossibleCancellationDate":"2025-12-27","origin":"Verwaltung","campaign":"","extensionType":"Vertragsverlängerung","extensionRate":"","extensionValue":"3M","chargeAmountNextPeriod":null,"cancelledTo":"2026-01-27","cancelledAt":"2025-10-15","cancellationType":"Ordentliche Kündigung","cancellationReason":"Persönliche Gründe","paymentRunGroupName":"Lastschriften Dojo 1.d.M.","paidTimePeriodCalculationType":"Kalendarium","company":null,"externalId":null,"location":null,"voucherCode":null,"imported":null,"voucherType":null,"discountType":null,"voucherAmount":null,"discountEffectivePeriod":null,"discountValidFrom":null,"discountValidUntil":null,"additionalDiscount":null,"additionalDiscountType":null,"additionalDiscountEffectivePeriod":null,"additionalDiscountValidFrom":null,"additionalDiscountValidUntil":null,"voucherBonusPeriodDuration":null,"voucherBonusPeriodType":null,"voucherBonusPeriodStartDate":null,"voucherBonusPeriodEndDate":null,"omitStarterPackage":null,"hasAdditionalVoucher":null,"id":1210066371,"type":"CONTRACT","referenceContractId":null}]