{"uuid":"3e7668d3-698c-4d3a-8638-bc5cc691c2f4","lastName":"Then","firstName":"Fabian","dateOfBirth":"1993-02-02","placeOfBirth":null,"countryOfBirth":null,"gender":"Männlich","title":"NONE","taxId":null,"documentNumber":null,"documentType":null,"email":"fabian.then93@gmail.com","addresses":[{"street":"Sulding","houseNumber":"28","addition":null,"zip":"84432 ","city":"Hohenpolding","country":"DE","additionalInformation":null,"streetType":null,"block":null,"portal":null,"stairway":null,"floor":null,"door":null,"province":null,"secondStreet":null,"buildingName":null,"cityPart":null,"district":null,"addressStatus":"VALID","statusInformation":null,"addressStatusSince":null}]}