{"uuid":"3e7668d3-698c-4d3a-8638-bc5cc691c2f4","customerNumber":"M-4","customerStatus":"Mitglied","gender":"Männlich","title":"Kein Titel","lastName":"Then","secondLastName":null,"firstName":"Fabian","secondFirstName":null,"dateOfBirth":"1993-02-02","note":null,"cardNumbers":"","customerTags":"","addresses":[{"street":"Sulding","houseNumber":"28","addition":null,"zip":"84432 ","city":"Hohenpolding","country":"DE","additionalInformation":null,"streetType":null,"block":null,"portal":null,"stairway":null,"floor":null,"door":null,"province":null,"secondStreet":null,"buildingName":null,"cityPart":null,"district":null,"addressStatus":"VALID","statusInformation":null,"addressStatusSince":null}],"contact":{"telPrivate":null,"telBusiness":null,"telPrivateMobile":"01708954891","telBusinessMobile":null,"email":"fabian.then93@gmail.com"},"paymentMethod":"Lastschrift","bankAccount":{"accountHolder":"Fabian Then","iban":"DE42700519950010091650","bic":"BYLADEM1ERD","bankName":"Kreis- und Stadtsparkasse Erding-Dorfen","sepaMandateDtos":[{"sepaMandateStatus":"SIGNED","referenceNumber":"MLREFM00004","mandateGivenDate":"2024-01-28","mandateWithdrawnDate":null,"signatureRequired":true,"owner":"STUDIO"}]},"emailStatus":{"type":"NOT_YET_USED","information":""},"importedFrom":"NONE","communicationStop":false,"campaign":null,"taxId":null,"documentIdentificationm":null,"locale":"Deutsch","deceased":false,"referralCode":"QJJ6Q","excludedFromReferral":false,"medicalCertificate":null,"aggregatorAssignments":[],"referralType":null,"lead":null}