{"timelineItemDtos":[{"activity":"Vertrag angelegt","creationType":"DEFAULT","userName":"system","timeStamp":"2024-01-28T16:48:42.362982+01:00","timelineItemPropertyChangeDtos":[{"property":"Tarif","oldValue":"Erwachsene","newValue":null},{"property":"Vertragsbeginn","oldValue":"2024-01-28","newValue":null},{"property":"Vertragsende","oldValue":"2024-04-27","newValue":null},{"property":"Nutzungsbeginn","oldValue":null,"newValue":null},{"property":"Laufzeit","oldValue":"3 MONTH","newValue":null},{"property":"Zahlweise","oldValue":"monatlich: 64,99 €","newValue":null}]},{"activity":"SEPA-Mandat erteilt","creationType":"DEFAULT","userName":"system","timeStamp":"2024-01-28T16:48:42.478011+01:00","timelineItemPropertyChangeDtos":[{"property":"SEPA-Mandatsreferenz-Nr.","oldValue":null,"newValue":"MLREFM00004"},{"property":"Status","oldValue":null,"newValue":"CONFIRMED"}]},{"activity":"SEPA-Mandat aktualisiert","creationType":"DEFAULT","userName":"system","timeStamp":"2024-01-28T16:48:42.525107+01:00","timelineItemPropertyChangeDtos":[{"property":"SEPA-Mandatsreferenz-Nr.","oldValue":"MLREFM00004","newValue":"MLREFM00004"},{"property":"Status","oldValue":"CONFIRMED","newValue":"SIGNED"}]},{"activity":"Kommunikationseinstellungen erstellt","creationType":"CUSTOMER_DIRECT","userName":"system","timeStamp":"2024-01-28T16:48:42.223119+01:00","timelineItemPropertyChangeDtos":[{"property":"Akzeptierte Kanäle","oldValue":null,"newValue":"Vertrag: Brief, E-Mail, SMS, Telefon"},{"property":"Akzeptierte Kanäle","oldValue":null,"newValue":"Allgemein: Brief, E-Mail, SMS, Telefon"},{"property":"Akzeptierte Kanäle","oldValue":null,"newValue":"Termine: Brief, E-Mail, SMS, Telefon"},{"property":"Akzeptierte Kanäle","oldValue":null,"newValue":"Newsletter: Brief, E-Mail, SMS, Telefon"}]},{"activity":"Ausstehende E-Mail-Adressen Verifizierung abgelaufen","creationType":"DEFAULT","userName":"system","timeStamp":"2024-01-29T16:48:42.261267+01:00","timelineItemPropertyChangeDtos":[{"property":"E-Mail-Bestätigungs-Status","oldValue":"Warten auf Bestätigung","newValue":"Keine Bestätigung erhalten"}]},{"activity":"Rücklastschrift","creationType":"DEFAULT","userName":"info@tda-intl.com","timeStamp":"2024-04-19T10:18:59.301811+02:00","timelineItemPropertyChangeDtos":[{"property":"zurückgebuchter Betrag","oldValue":null,"newValue":"-106.380000"},{"property":"Bankgebühr","oldValue":null,"newValue":null},{"property":"Grund","oldValue":null,"newValue":"OTHER"},{"property":"Fälligkeitsdatum","oldValue":null,"newValue":"2024-04-19"}]},{"activity":"Vertrag storniert","creationType":"DEFAULT","userName":"info@tda-intl.com","timeStamp":"2024-04-19T10:20:37.923914+02:00","timelineItemPropertyChangeDtos":[{"property":"Tarif","oldValue":"Erwachsene","newValue":null}]},{"activity":"Buchung storniert","creationType":"DEFAULT","userName":"info@tda-intl.com","timeStamp":"2024-04-19T10:19:30.684664+02:00","timelineItemPropertyChangeDtos":[{"property":"Beschreibung","oldValue":"Erwachsene 01.04.24 - 30.04.24","newValue":null},{"property":"Fälligkeitsdatum","oldValue":"2024-04-01","newValue":null},{"property":"Betrag","oldValue":"64.990000","newValue":null}]},{"activity":"Buchung ausgebucht","creationType":"DEFAULT","userName":"info@tda-intl.com","timeStamp":"2024-04-19T10:20:51.142854+02:00","timelineItemPropertyChangeDtos":[{"property":"Beschreibung","oldValue":null,"newValue":"Zahllauf-Position M--0011-0000003"},{"property":"Fälligkeitsdatum","oldValue":null,"newValue":"2024-04-03"},{"property":"Betrag","oldValue":null,"newValue":"129.980000"}]},{"activity":"Zahllaufgruppe zugewiesen","creationType":"DEFAULT","userName":"info@tda-intl.com","timeStamp":"2024-04-19T10:21:48.997007+02:00","timelineItemPropertyChangeDtos":[{"property":"Zahllaufgruppe","oldValue":"-","newValue":"Lastschriften Dojo 1.d.M."}]},{"activity":"Buchung storniert","creationType":"DEFAULT","userName":"info@tda-intl.com","timeStamp":"2024-04-19T10:19:42.66863+02:00","timelineItemPropertyChangeDtos":[{"property":"Beschreibung","oldValue":"Erwachsene 01.02.24 - 29.02.24","newValue":null},{"property":"Fälligkeitsdatum","oldValue":"2024-02-01","newValue":null},{"property":"Betrag","oldValue":"64.990000","newValue":null}]},{"activity":"Vertrag angelegt","creationType":"DEFAULT","userName":"info@tda-intl.com","timeStamp":"2024-04-19T10:21:36.01799+02:00","timelineItemPropertyChangeDtos":[{"property":"Tarif","oldValue":"Erwachsene","newValue":null},{"property":"Vertragsbeginn","oldValue":"2024-01-28","newValue":null},{"property":"Vertragsende","oldValue":"2024-07-27","newValue":null},{"property":"Nutzungsbeginn","oldValue":null,"newValue":null},{"property":"Laufzeit","oldValue":"3 MONTH","newValue":null},{"property":"Zahlweise","oldValue":"monatlich: 64,99 €","newValue":null}]},{"activity":"Vertrag gekündigt","creationType":"DEFAULT","userName":"info@tda-intl.com","timeStamp":"2025-10-15T12:06:44.463181+02:00","timelineItemPropertyChangeDtos":[{"property":"Tarif","oldValue":null,"newValue":"Erwachsene"},{"property":"Eingang der Kündigung","oldValue":null,"newValue":"2025-10-15"},{"property":"Kündigungsart","oldValue":null,"newValue":"ORDINARY"},{"property":"Kündigung zum","oldValue":null,"newValue":"2026-01-27"},{"property":"Kündigungsgrund","oldValue":null,"newValue":"Persönliche Gründe"},{"property":"Gekündigt von","oldValue":null,"newValue":"CUSTOMER"}]}]}