{"dtos":[{"child":{"id":1210010910,"type":0,"typeAsString":"NEW_CHARGE_TYPE","description":"Kids 11.12.23 - 31.12.23","descriptionShort":"Kids","date":"2023-12-11","amount":23.700000,"amountOpen":0.000000},"parent":{"id":1210011490,"type":50,"typeAsString":"PAYMENT_RUN_TYPE","description":"Zahllauf-Position M--0003-0000001","descriptionShort":"Zahllauf-Position M--0003-0000001","date":"2023-12-19","amount":56.700000,"amountOpen":0.000000},"unlinkCause":{"id":1210013530,"type":30,"typeAsString":"PAYMENT_REVERSAL_TYPE","description":"Storno für Zahllauf-Position M--0003-0000001","descriptionShort":"Storno für Zahllauf-Position M--0003-0000001","date":"2024-01-03","amount":-56.700000,"amountOpen":0.000000},"linkDate":"2023-12-19","unlinkDate":"2024-01-03","amount":23.700000},{"child":{"id":1210011490,"type":50,"typeAsString":"PAYMENT_RUN_TYPE","description":"Zahllauf-Position M--0003-0000001","descriptionShort":"Zahllauf-Position M--0003-0000001","date":"2023-12-19","amount":56.700000,"amountOpen":0.000000},"parent":{"id":1210010910,"type":0,"typeAsString":"NEW_CHARGE_TYPE","description":"Kids 11.12.23 - 31.12.23","descriptionShort":"Kids","date":"2023-12-11","amount":23.700000,"amountOpen":0.000000},"unlinkCause":{"id":1210013530,"type":30,"typeAsString":"PAYMENT_REVERSAL_TYPE","description":"Storno für Zahllauf-Position M--0003-0000001","descriptionShort":"Storno für Zahllauf-Position M--0003-0000001","date":"2024-01-03","amount":-56.700000,"amountOpen":0.000000},"linkDate":"2023-12-19","unlinkDate":"2024-01-03","amount":23.700000},{"child":{"id":1210010923,"type":10,"typeAsString":"NEW_STARTER_PACKAGE_TYPE","description":"Beitrag für Startpaket für Vertrag Kids","descriptionShort":"Kids","date":"2023-12-11","amount":33.000000,"amountOpen":0.000000},"parent":{"id":1210011490,"type":50,"typeAsString":"PAYMENT_RUN_TYPE","description":"Zahllauf-Position M--0003-0000001","descriptionShort":"Zahllauf-Position M--0003-0000001","date":"2023-12-19","amount":56.700000,"amountOpen":0.000000},"unlinkCause":{"id":1210013530,"type":30,"typeAsString":"PAYMENT_REVERSAL_TYPE","description":"Storno für Zahllauf-Position M--0003-0000001","descriptionShort":"Storno für Zahllauf-Position M--0003-0000001","date":"2024-01-03","amount":-56.700000,"amountOpen":0.000000},"linkDate":"2023-12-19","unlinkDate":"2024-01-03","amount":33.000000},{"child":{"id":1210011490,"type":50,"typeAsString":"PAYMENT_RUN_TYPE","description":"Zahllauf-Position M--0003-0000001","descriptionShort":"Zahllauf-Position M--0003-0000001","date":"2023-12-19","amount":56.700000,"amountOpen":0.000000},"parent":{"id":1210010923,"type":10,"typeAsString":"NEW_STARTER_PACKAGE_TYPE","description":"Beitrag für Startpaket für Vertrag Kids","descriptionShort":"Kids","date":"2023-12-11","amount":33.000000,"amountOpen":0.000000},"unlinkCause":{"id":1210013530,"type":30,"typeAsString":"PAYMENT_REVERSAL_TYPE","description":"Storno für Zahllauf-Position M--0003-0000001","descriptionShort":"Storno für Zahllauf-Position M--0003-0000001","date":"2024-01-03","amount":-56.700000,"amountOpen":0.000000},"linkDate":"2023-12-19","unlinkDate":"2024-01-03","amount":33.000000},{"child":{"id":1210011490,"type":50,"typeAsString":"PAYMENT_RUN_TYPE","description":"Zahllauf-Position M--0003-0000001","descriptionShort":"Zahllauf-Position M--0003-0000001","date":"2023-12-19","amount":56.700000,"amountOpen":0.000000},"parent":{"id":1210013530,"type":30,"typeAsString":"PAYMENT_REVERSAL_TYPE","description":"Storno für Zahllauf-Position M--0003-0000001","descriptionShort":"Storno für Zahllauf-Position M--0003-0000001","date":"2024-01-03","amount":-56.700000,"amountOpen":0.000000},"unlinkCause":null,"linkDate":"2024-01-03","unlinkDate":null,"amount":56.700000},{"child":{"id":1210013530,"type":30,"typeAsString":"PAYMENT_REVERSAL_TYPE","description":"Storno für Zahllauf-Position M--0003-0000001","descriptionShort":"Storno für Zahllauf-Position M--0003-0000001","date":"2024-01-03","amount":-56.700000,"amountOpen":0.000000},"parent":{"id":1210011490,"type":50,"typeAsString":"PAYMENT_RUN_TYPE","description":"Zahllauf-Position M--0003-0000001","descriptionShort":"Zahllauf-Position M--0003-0000001","date":"2023-12-19","amount":56.700000,"amountOpen":0.000000},"unlinkCause":null,"linkDate":"2024-01-03","unlinkDate":null,"amount":-56.700000},{"child":{"id":1210010911,"type":0,"typeAsString":"NEW_CHARGE_TYPE","description":"Kids 01.01.24 - 31.01.24","descriptionShort":"Kids","date":"2024-01-01","amount":34.990000,"amountOpen":0.000000},"parent":{"id":1210015750,"type":50,"typeAsString":"PAYMENT_RUN_TYPE","description":"Zahllauf-Position M--0005-0000001","descriptionShort":"Zahllauf-Position M--0005-0000001","date":"2024-01-17","amount":91.690000,"amountOpen":0.000000},"unlinkCause":null,"linkDate":"2024-01-17","unlinkDate":null,"amount":34.990000},{"child":{"id":1210015750,"type":50,"typeAsString":"PAYMENT_RUN_TYPE","description":"Zahllauf-Position M--0005-0000001","descriptionShort":"Zahllauf-Position M--0005-0000001","date":"2024-01-17","amount":91.690000,"amountOpen":0.000000},"parent":{"id":1210010911,"type":0,"typeAsString":"NEW_CHARGE_TYPE","description":"Kids 01.01.24 - 31.01.24","descriptionShort":"Kids","date":"2024-01-01","amount":34.990000,"amountOpen":0.000000},"unlinkCause":null,"linkDate":"2024-01-17","unlinkDate":null,"amount":34.990000},{"child":{"id":1210010910,"type":0,"typeAsString":"NEW_CHARGE_TYPE","description":"Kids 11.12.23 - 31.12.23","descriptionShort":"Kids","date":"2023-12-11","amount":23.700000,"amountOpen":0.000000},"parent":{"id":1210015750,"type":50,"typeAsString":"PAYMENT_RUN_TYPE","description":"Zahllauf-Position M--0005-0000001","descriptionShort":"Zahllauf-Position M--0005-0000001","date":"2024-01-17","amount":91.690000,"amountOpen":0.000000},"unlinkCause":null,"linkDate":"2024-01-17","unlinkDate":null,"amount":23.700000},{"child":{"id":1210015750,"type":50,"typeAsString":"PAYMENT_RUN_TYPE","description":"Zahllauf-Position M--0005-0000001","descriptionShort":"Zahllauf-Position M--0005-0000001","date":"2024-01-17","amount":91.690000,"amountOpen":0.000000},"parent":{"id":1210010910,"type":0,"typeAsString":"NEW_CHARGE_TYPE","description":"Kids 11.12.23 - 31.12.23","descriptionShort":"Kids","date":"2023-12-11","amount":23.700000,"amountOpen":0.000000},"unlinkCause":null,"linkDate":"2024-01-17","unlinkDate":null,"amount":23.700000},{"child":{"id":1210010923,"type":10,"typeAsString":"NEW_STARTER_PACKAGE_TYPE","description":"Beitrag für Startpaket für Vertrag Kids","descriptionShort":"Kids","date":"2023-12-11","amount":33.000000,"amountOpen":0.000000},"parent":{"id":1210015750,"type":50,"typeAsString":"PAYMENT_RUN_TYPE","description":"Zahllauf-Position M--0005-0000001","descriptionShort":"Zahllauf-Position M--0005-0000001","date":"2024-01-17","amount":91.690000,"amountOpen":0.000000},"unlinkCause":null,"linkDate":"2024-01-17","unlinkDate":null,"amount":33.000000},{"child":{"id":1210015750,"type":50,"typeAsString":"PAYMENT_RUN_TYPE","description":"Zahllauf-Position M--0005-0000001","descriptionShort":"Zahllauf-Position M--0005-0000001","date":"2024-01-17","amount":91.690000,"amountOpen":0.000000},"parent":{"id":1210010923,"type":10,"typeAsString":"NEW_STARTER_PACKAGE_TYPE","description":"Beitrag für Startpaket für Vertrag Kids","descriptionShort":"Kids","date":"2023-12-11","amount":33.000000,"amountOpen":0.000000},"unlinkCause":null,"linkDate":"2024-01-17","unlinkDate":null,"amount":33.000000},{"child":{"id":1210010912,"type":0,"typeAsString":"NEW_CHARGE_TYPE","description":"Kids 01.02.24 - 29.02.24","descriptionShort":"Kids","date":"2024-02-01","amount":34.990000,"amountOpen":0.000000},"parent":{"id":1210026950,"type":50,"typeAsString":"PAYMENT_RUN_TYPE","description":"Zahllauf-Position M--0008-0000001","descriptionShort":"Zahllauf-Position M--0008-0000001","date":"2024-02-19","amount":34.990000,"amountOpen":0.000000},"unlinkCause":null,"linkDate":"2024-02-19","unlinkDate":null,"amount":34.990000},{"child":{"id":1210026950,"type":50,"typeAsString":"PAYMENT_RUN_TYPE","description":"Zahllauf-Position M--0008-0000001","descriptionShort":"Zahllauf-Position M--0008-0000001","date":"2024-02-19","amount":34.990000,"amountOpen":0.000000},"parent":{"id":1210010912,"type":0,"typeAsString":"NEW_CHARGE_TYPE","description":"Kids 01.02.24 - 29.02.24","descriptionShort":"Kids","date":"2024-02-01","amount":34.990000,"amountOpen":0.000000},"unlinkCause":null,"linkDate":"2024-02-19","unlinkDate":null,"amount":34.990000},{"child":{"id":1210010914,"type":0,"typeAsString":"NEW_CHARGE_TYPE","description":"Kids 01.04.24 - 30.04.24","descriptionShort":"Kids","date":"2024-04-01","amount":34.990000,"amountOpen":0.000000},"parent":{"id":1210067262,"type":50,"typeAsString":"PAYMENT_RUN_TYPE","description":"Zahllauf-Position M--0014-0000002","descriptionShort":"Zahllauf-Position M--0014-0000002","date":"2024-04-23","amount":69.980000,"amountOpen":0.000000},"unlinkCause":null,"linkDate":"2024-04-23","unlinkDate":null,"amount":34.990000},{"child":{"id":1210067262,"type":50,"typeAsString":"PAYMENT_RUN_TYPE","description":"Zahllauf-Position M--0014-0000002","descriptionShort":"Zahllauf-Position M--0014-0000002","date":"2024-04-23","amount":69.980000,"amountOpen":0.000000},"parent":{"id":1210010914,"type":0,"typeAsString":"NEW_CHARGE_TYPE","description":"Kids 01.04.24 - 30.04.24","descriptionShort":"Kids","date":"2024-04-01","amount":34.990000,"amountOpen":0.000000},"unlinkCause":null,"linkDate":"2024-04-23","unlinkDate":null,"amount":34.990000},{"child":{"id":1210010913,"type":0,"typeAsString":"NEW_CHARGE_TYPE","description":"Kids 01.03.24 - 31.03.24","descriptionShort":"Kids","date":"2024-03-01","amount":34.990000,"amountOpen":0.000000},"parent":{"id":1210067262,"type":50,"typeAsString":"PAYMENT_RUN_TYPE","description":"Zahllauf-Position M--0014-0000002","descriptionShort":"Zahllauf-Position M--0014-0000002","date":"2024-04-23","amount":69.980000,"amountOpen":0.000000},"unlinkCause":null,"linkDate":"2024-04-23","unlinkDate":null,"amount":34.990000},{"child":{"id":1210067262,"type":50,"typeAsString":"PAYMENT_RUN_TYPE","description":"Zahllauf-Position M--0014-0000002","descriptionShort":"Zahllauf-Position M--0014-0000002","date":"2024-04-23","amount":69.980000,"amountOpen":0.000000},"parent":{"id":1210010913,"type":0,"typeAsString":"NEW_CHARGE_TYPE","description":"Kids 01.03.24 - 31.03.24","descriptionShort":"Kids","date":"2024-03-01","amount":34.990000,"amountOpen":0.000000},"unlinkCause":null,"linkDate":"2024-04-23","unlinkDate":null,"amount":34.990000},{"child":{"id":1210010915,"type":0,"typeAsString":"NEW_CHARGE_TYPE","description":"Kids 01.05.24 - 31.05.24","descriptionShort":"Kids","date":"2024-05-01","amount":34.990000,"amountOpen":0.000000},"parent":{"id":1210072512,"type":50,"typeAsString":"PAYMENT_RUN_TYPE","description":"Zahllauf-Position M--0015-0000002","descriptionShort":"Zahllauf-Position M--0015-0000002","date":"2024-05-03","amount":34.990000,"amountOpen":0.000000},"unlinkCause":null,"linkDate":"2024-05-03","unlinkDate":null,"amount":34.990000},{"child":{"id":1210072512,"type":50,"typeAsString":"PAYMENT_RUN_TYPE","description":"Zahllauf-Position M--0015-0000002","descriptionShort":"Zahllauf-Position M--0015-0000002","date":"2024-05-03","amount":34.990000,"amountOpen":0.000000},"parent":{"id":1210010915,"type":0,"typeAsString":"NEW_CHARGE_TYPE","description":"Kids 01.05.24 - 31.05.24","descriptionShort":"Kids","date":"2024-05-01","amount":34.990000,"amountOpen":0.000000},"unlinkCause":null,"linkDate":"2024-05-03","unlinkDate":null,"amount":34.990000},{"child":{"id":1210010916,"type":0,"typeAsString":"NEW_CHARGE_TYPE","description":"Kids 01.06.24 - 30.06.24","descriptionShort":"Kids","date":"2024-06-01","amount":34.990000,"amountOpen":0.000000},"parent":{"id":1210093966,"type":50,"typeAsString":"PAYMENT_RUN_TYPE","description":"Zahllauf-Position M--0017-0000006","descriptionShort":"Zahllauf-Position M--0017-0000006","date":"2024-06-07","amount":34.990000,"amountOpen":0.000000},"unlinkCause":null,"linkDate":"2024-06-07","unlinkDate":null,"amount":34.990000},{"child":{"id":1210093966,"type":50,"typeAsString":"PAYMENT_RUN_TYPE","description":"Zahllauf-Position M--0017-0000006","descriptionShort":"Zahllauf-Position M--0017-0000006","date":"2024-06-07","amount":34.990000,"amountOpen":0.000000},"parent":{"id":1210010916,"type":0,"typeAsString":"NEW_CHARGE_TYPE","description":"Kids 01.06.24 - 30.06.24","descriptionShort":"Kids","date":"2024-06-01","amount":34.990000,"amountOpen":0.000000},"unlinkCause":null,"linkDate":"2024-06-07","unlinkDate":null,"amount":34.990000},{"child":{"id":1210010917,"type":0,"typeAsString":"NEW_CHARGE_TYPE","description":"Kids 01.07.24 - 31.07.24","descriptionShort":"Kids","date":"2024-07-01","amount":34.990000,"amountOpen":0.000000},"parent":{"id":1210107067,"type":50,"typeAsString":"PAYMENT_RUN_TYPE","description":"Zahllauf-Position M--0018-0000006","descriptionShort":"Zahllauf-Position M--0018-0000006","date":"2024-07-02","amount":34.990000,"amountOpen":0.000000},"unlinkCause":null,"linkDate":"2024-07-02","unlinkDate":null,"amount":34.990000},{"child":{"id":1210107067,"type":50,"typeAsString":"PAYMENT_RUN_TYPE","description":"Zahllauf-Position M--0018-0000006","descriptionShort":"Zahllauf-Position M--0018-0000006","date":"2024-07-02","amount":34.990000,"amountOpen":0.000000},"parent":{"id":1210010917,"type":0,"typeAsString":"NEW_CHARGE_TYPE","description":"Kids 01.07.24 - 31.07.24","descriptionShort":"Kids","date":"2024-07-01","amount":34.990000,"amountOpen":0.000000},"unlinkCause":null,"linkDate":"2024-07-02","unlinkDate":null,"amount":34.990000},{"child":{"id":1210010918,"type":0,"typeAsString":"NEW_CHARGE_TYPE","description":"Kids 01.08.24 - 31.08.24","descriptionShort":"Kids","date":"2024-08-01","amount":34.990000,"amountOpen":0.000000},"parent":{"id":1210130612,"type":50,"typeAsString":"PAYMENT_RUN_TYPE","description":"Zahllauf-Position M--0019-0000006","descriptionShort":"Zahllauf-Position M--0019-0000006","date":"2024-08-05","amount":34.990000,"amountOpen":0.000000},"unlinkCause":null,"linkDate":"2024-08-05","unlinkDate":null,"amount":34.990000},{"child":{"id":1210130612,"type":50,"typeAsString":"PAYMENT_RUN_TYPE","description":"Zahllauf-Position M--0019-0000006","descriptionShort":"Zahllauf-Position M--0019-0000006","date":"2024-08-05","amount":34.990000,"amountOpen":0.000000},"parent":{"id":1210010918,"type":0,"typeAsString":"NEW_CHARGE_TYPE","description":"Kids 01.08.24 - 31.08.24","descriptionShort":"Kids","date":"2024-08-01","amount":34.990000,"amountOpen":0.000000},"unlinkCause":null,"linkDate":"2024-08-05","unlinkDate":null,"amount":34.990000},{"child":{"id":1210010919,"type":0,"typeAsString":"NEW_CHARGE_TYPE","description":"Kids 01.09.24 - 30.09.24","descriptionShort":"Kids","date":"2024-09-01","amount":34.990000,"amountOpen":0.000000},"parent":{"id":1210151710,"type":50,"typeAsString":"PAYMENT_RUN_TYPE","description":"Zahllauf-Position M--0020-0000006","descriptionShort":"Zahllauf-Position M--0020-0000006","date":"2024-09-09","amount":34.990000,"amountOpen":0.000000},"unlinkCause":null,"linkDate":"2024-09-09","unlinkDate":null,"amount":34.990000},{"child":{"id":1210151710,"type":50,"typeAsString":"PAYMENT_RUN_TYPE","description":"Zahllauf-Position M--0020-0000006","descriptionShort":"Zahllauf-Position M--0020-0000006","date":"2024-09-09","amount":34.990000,"amountOpen":0.000000},"parent":{"id":1210010919,"type":0,"typeAsString":"NEW_CHARGE_TYPE","description":"Kids 01.09.24 - 30.09.24","descriptionShort":"Kids","date":"2024-09-01","amount":34.990000,"amountOpen":0.000000},"unlinkCause":null,"linkDate":"2024-09-09","unlinkDate":null,"amount":34.990000},{"child":{"id":1210010920,"type":0,"typeAsString":"NEW_CHARGE_TYPE","description":"Kids 01.10.24 - 31.10.24","descriptionShort":"Kids","date":"2024-10-01","amount":34.990000,"amountOpen":0.000000},"parent":{"id":1210169211,"type":50,"typeAsString":"PAYMENT_RUN_TYPE","description":"Zahllauf-Position M--0021-0000006","descriptionShort":"Zahllauf-Position M--0021-0000006","date":"2024-10-04","amount":34.990000,"amountOpen":0.000000},"unlinkCause":null,"linkDate":"2024-10-04","unlinkDate":null,"amount":34.990000},{"child":{"id":1210169211,"type":50,"typeAsString":"PAYMENT_RUN_TYPE","description":"Zahllauf-Position M--0021-0000006","descriptionShort":"Zahllauf-Position M--0021-0000006","date":"2024-10-04","amount":34.990000,"amountOpen":0.000000},"parent":{"id":1210010920,"type":0,"typeAsString":"NEW_CHARGE_TYPE","description":"Kids 01.10.24 - 31.10.24","descriptionShort":"Kids","date":"2024-10-01","amount":34.990000,"amountOpen":0.000000},"unlinkCause":null,"linkDate":"2024-10-04","unlinkDate":null,"amount":34.990000},{"child":{"id":1210010921,"type":0,"typeAsString":"NEW_CHARGE_TYPE","description":"Kids 01.11.24 - 30.11.24","descriptionShort":"Kids","date":"2024-11-01","amount":34.990000,"amountOpen":0.000000},"parent":{"id":1210186367,"type":50,"typeAsString":"PAYMENT_RUN_TYPE","description":"Zahllauf-Position M--0022-0000006","descriptionShort":"Zahllauf-Position M--0022-0000006","date":"2024-11-06","amount":34.990000,"amountOpen":0.000000},"unlinkCause":null,"linkDate":"2024-11-06","unlinkDate":null,"amount":34.990000},{"child":{"id":1210186367,"type":50,"typeAsString":"PAYMENT_RUN_TYPE","description":"Zahllauf-Position M--0022-0000006","descriptionShort":"Zahllauf-Position M--0022-0000006","date":"2024-11-06","amount":34.990000,"amountOpen":0.000000},"parent":{"id":1210010921,"type":0,"typeAsString":"NEW_CHARGE_TYPE","description":"Kids 01.11.24 - 30.11.24","descriptionShort":"Kids","date":"2024-11-01","amount":34.990000,"amountOpen":0.000000},"unlinkCause":null,"linkDate":"2024-11-06","unlinkDate":null,"amount":34.990000},{"child":{"id":1210010922,"type":0,"typeAsString":"NEW_CHARGE_TYPE","description":"Kids 01.12.24 - 31.12.24","descriptionShort":"Kids","date":"2024-12-01","amount":34.990000,"amountOpen":0.000000},"parent":{"id":1210201510,"type":50,"typeAsString":"PAYMENT_RUN_TYPE","description":"Zahllauf-Position M--0024-0000007","descriptionShort":"Zahllauf-Position M--0024-0000007","date":"2024-12-02","amount":34.990000,"amountOpen":0.000000},"unlinkCause":null,"linkDate":"2024-12-02","unlinkDate":null,"amount":34.990000},{"child":{"id":1210201510,"type":50,"typeAsString":"PAYMENT_RUN_TYPE","description":"Zahllauf-Position M--0024-0000007","descriptionShort":"Zahllauf-Position M--0024-0000007","date":"2024-12-02","amount":34.990000,"amountOpen":0.000000},"parent":{"id":1210010922,"type":0,"typeAsString":"NEW_CHARGE_TYPE","description":"Kids 01.12.24 - 31.12.24","descriptionShort":"Kids","date":"2024-12-01","amount":34.990000,"amountOpen":0.000000},"unlinkCause":null,"linkDate":"2024-12-02","unlinkDate":null,"amount":34.990000},{"child":{"id":1210154580,"type":0,"typeAsString":"NEW_CHARGE_TYPE","description":"Kids 01.01.25 - 31.01.25","descriptionShort":"Kids","date":"2025-01-01","amount":34.990000,"amountOpen":0.000000},"parent":{"id":1210221714,"type":50,"typeAsString":"PAYMENT_RUN_TYPE","description":"Zahllauf-Position M--0028-0000008","descriptionShort":"Zahllauf-Position M--0028-0000008","date":"2025-01-01","amount":34.990000,"amountOpen":0.000000},"unlinkCause":null,"linkDate":"2025-01-01","unlinkDate":null,"amount":34.990000},{"child":{"id":1210221714,"type":50,"typeAsString":"PAYMENT_RUN_TYPE","description":"Zahllauf-Position M--0028-0000008","descriptionShort":"Zahllauf-Position M--0028-0000008","date":"2025-01-01","amount":34.990000,"amountOpen":0.000000},"parent":{"id":1210154580,"type":0,"typeAsString":"NEW_CHARGE_TYPE","description":"Kids 01.01.25 - 31.01.25","descriptionShort":"Kids","date":"2025-01-01","amount":34.990000,"amountOpen":0.000000},"unlinkCause":null,"linkDate":"2025-01-01","unlinkDate":null,"amount":34.990000},{"child":{"id":1210154581,"type":0,"typeAsString":"NEW_CHARGE_TYPE","description":"Kids 01.02.25 - 28.02.25","descriptionShort":"Kids","date":"2025-02-01","amount":34.990000,"amountOpen":0.000000},"parent":{"id":1210242192,"type":50,"typeAsString":"PAYMENT_RUN_TYPE","description":"Zahllauf-Position M--0030-0000009","descriptionShort":"Zahllauf-Position M--0030-0000009","date":"2025-02-01","amount":34.990000,"amountOpen":0.000000},"unlinkCause":null,"linkDate":"2025-02-01","unlinkDate":null,"amount":34.990000},{"child":{"id":1210242192,"type":50,"typeAsString":"PAYMENT_RUN_TYPE","description":"Zahllauf-Position M--0030-0000009","descriptionShort":"Zahllauf-Position M--0030-0000009","date":"2025-02-01","amount":34.990000,"amountOpen":0.000000},"parent":{"id":1210154581,"type":0,"typeAsString":"NEW_CHARGE_TYPE","description":"Kids 01.02.25 - 28.02.25","descriptionShort":"Kids","date":"2025-02-01","amount":34.990000,"amountOpen":0.000000},"unlinkCause":null,"linkDate":"2025-02-01","unlinkDate":null,"amount":34.990000},{"child":{"id":1210154582,"type":0,"typeAsString":"NEW_CHARGE_TYPE","description":"Kids 01.03.25 - 31.03.25","descriptionShort":"Kids","date":"2025-03-01","amount":34.990000,"amountOpen":0.000000},"parent":{"id":1210265964,"type":50,"typeAsString":"PAYMENT_RUN_TYPE","description":"Zahllauf-Position M--0032-0000010","descriptionShort":"Zahllauf-Position M--0032-0000010","date":"2025-03-04","amount":34.990000,"amountOpen":0.000000},"unlinkCause":null,"linkDate":"2025-03-04","unlinkDate":null,"amount":34.990000},{"child":{"id":1210265964,"type":50,"typeAsString":"PAYMENT_RUN_TYPE","description":"Zahllauf-Position M--0032-0000010","descriptionShort":"Zahllauf-Position M--0032-0000010","date":"2025-03-04","amount":34.990000,"amountOpen":0.000000},"parent":{"id":1210154582,"type":0,"typeAsString":"NEW_CHARGE_TYPE","description":"Kids 01.03.25 - 31.03.25","descriptionShort":"Kids","date":"2025-03-01","amount":34.990000,"amountOpen":0.000000},"unlinkCause":null,"linkDate":"2025-03-04","unlinkDate":null,"amount":34.990000},{"child":{"id":1210154583,"type":0,"typeAsString":"NEW_CHARGE_TYPE","description":"Kids 01.04.25 - 30.04.25","descriptionShort":"Kids","date":"2025-04-01","amount":34.990000,"amountOpen":0.000000},"parent":{"id":1210282676,"type":50,"typeAsString":"PAYMENT_RUN_TYPE","description":"Zahllauf-Position M--0034-0000010","descriptionShort":"Zahllauf-Position M--0034-0000010","date":"2025-04-01","amount":34.990000,"amountOpen":0.000000},"unlinkCause":null,"linkDate":"2025-04-01","unlinkDate":null,"amount":34.990000},{"child":{"id":1210282676,"type":50,"typeAsString":"PAYMENT_RUN_TYPE","description":"Zahllauf-Position M--0034-0000010","descriptionShort":"Zahllauf-Position M--0034-0000010","date":"2025-04-01","amount":34.990000,"amountOpen":0.000000},"parent":{"id":1210154583,"type":0,"typeAsString":"NEW_CHARGE_TYPE","description":"Kids 01.04.25 - 30.04.25","descriptionShort":"Kids","date":"2025-04-01","amount":34.990000,"amountOpen":0.000000},"unlinkCause":null,"linkDate":"2025-04-01","unlinkDate":null,"amount":34.990000},{"child":{"id":1210154584,"type":0,"typeAsString":"NEW_CHARGE_TYPE","description":"Kids 01.05.25 - 31.05.25","descriptionShort":"Kids","date":"2025-05-01","amount":34.990000,"amountOpen":0.000000},"parent":{"id":1210303323,"type":50,"typeAsString":"PAYMENT_RUN_TYPE","description":"Zahllauf-Position M--0035-0000010","descriptionShort":"Zahllauf-Position M--0035-0000010","date":"2025-05-02","amount":34.990000,"amountOpen":0.000000},"unlinkCause":null,"linkDate":"2025-05-02","unlinkDate":null,"amount":34.990000},{"child":{"id":1210303323,"type":50,"typeAsString":"PAYMENT_RUN_TYPE","description":"Zahllauf-Position M--0035-0000010","descriptionShort":"Zahllauf-Position M--0035-0000010","date":"2025-05-02","amount":34.990000,"amountOpen":0.000000},"parent":{"id":1210154584,"type":0,"typeAsString":"NEW_CHARGE_TYPE","description":"Kids 01.05.25 - 31.05.25","descriptionShort":"Kids","date":"2025-05-01","amount":34.990000,"amountOpen":0.000000},"unlinkCause":null,"linkDate":"2025-05-02","unlinkDate":null,"amount":34.990000},{"child":{"id":1210154585,"type":0,"typeAsString":"NEW_CHARGE_TYPE","description":"Kids 01.06.25 - 30.06.25","descriptionShort":"Kids","date":"2025-06-01","amount":34.990000,"amountOpen":0.000000},"parent":{"id":1210321702,"type":50,"typeAsString":"PAYMENT_RUN_TYPE","description":"Zahllauf-Position M--0036-0000010","descriptionShort":"Zahllauf-Position M--0036-0000010","date":"2025-06-01","amount":34.990000,"amountOpen":0.000000},"unlinkCause":null,"linkDate":"2025-06-01","unlinkDate":null,"amount":34.990000},{"child":{"id":1210321702,"type":50,"typeAsString":"PAYMENT_RUN_TYPE","description":"Zahllauf-Position M--0036-0000010","descriptionShort":"Zahllauf-Position M--0036-0000010","date":"2025-06-01","amount":34.990000,"amountOpen":0.000000},"parent":{"id":1210154585,"type":0,"typeAsString":"NEW_CHARGE_TYPE","description":"Kids 01.06.25 - 30.06.25","descriptionShort":"Kids","date":"2025-06-01","amount":34.990000,"amountOpen":0.000000},"unlinkCause":null,"linkDate":"2025-06-01","unlinkDate":null,"amount":34.990000},{"child":{"id":1210154586,"type":0,"typeAsString":"NEW_CHARGE_TYPE","description":"Kids 01.07.25 - 31.07.25","descriptionShort":"Kids","date":"2025-07-01","amount":34.990000,"amountOpen":0.000000},"parent":{"id":1210340240,"type":50,"typeAsString":"PAYMENT_RUN_TYPE","description":"Zahllauf-Position M--0037-0000010","descriptionShort":"Zahllauf-Position M--0037-0000010","date":"2025-07-02","amount":34.990000,"amountOpen":0.000000},"unlinkCause":null,"linkDate":"2025-07-02","unlinkDate":null,"amount":34.990000},{"child":{"id":1210340240,"type":50,"typeAsString":"PAYMENT_RUN_TYPE","description":"Zahllauf-Position M--0037-0000010","descriptionShort":"Zahllauf-Position M--0037-0000010","date":"2025-07-02","amount":34.990000,"amountOpen":0.000000},"parent":{"id":1210154586,"type":0,"typeAsString":"NEW_CHARGE_TYPE","description":"Kids 01.07.25 - 31.07.25","descriptionShort":"Kids","date":"2025-07-01","amount":34.990000,"amountOpen":0.000000},"unlinkCause":null,"linkDate":"2025-07-02","unlinkDate":null,"amount":34.990000},{"child":{"id":1210154587,"type":0,"typeAsString":"NEW_CHARGE_TYPE","description":"Kids 01.08.25 - 31.08.25","descriptionShort":"Kids","date":"2025-08-01","amount":34.990000,"amountOpen":0.000000},"parent":{"id":1210360724,"type":50,"typeAsString":"PAYMENT_RUN_TYPE","description":"Zahllauf-Position M--0040-0000011","descriptionShort":"Zahllauf-Position M--0040-0000011","date":"2025-08-01","amount":34.990000,"amountOpen":0.000000},"unlinkCause":null,"linkDate":"2025-08-01","unlinkDate":null,"amount":34.990000},{"child":{"id":1210360724,"type":50,"typeAsString":"PAYMENT_RUN_TYPE","description":"Zahllauf-Position M--0040-0000011","descriptionShort":"Zahllauf-Position M--0040-0000011","date":"2025-08-01","amount":34.990000,"amountOpen":0.000000},"parent":{"id":1210154587,"type":0,"typeAsString":"NEW_CHARGE_TYPE","description":"Kids 01.08.25 - 31.08.25","descriptionShort":"Kids","date":"2025-08-01","amount":34.990000,"amountOpen":0.000000},"unlinkCause":null,"linkDate":"2025-08-01","unlinkDate":null,"amount":34.990000},{"child":{"id":1210154588,"type":0,"typeAsString":"NEW_CHARGE_TYPE","description":"Kids 01.09.25 - 30.09.25","descriptionShort":"Kids","date":"2025-09-01","amount":34.990000,"amountOpen":0.000000},"parent":{"id":1210377792,"type":50,"typeAsString":"PAYMENT_RUN_TYPE","description":"Zahllauf-Position M--0041-0000011","descriptionShort":"Zahllauf-Position M--0041-0000011","date":"2025-09-01","amount":34.990000,"amountOpen":0.000000},"unlinkCause":{"id":1210381281,"type":51,"typeAsString":"PAYMENT_RUN_CHARGED_BACK_TYPE","description":"Sonstiger Grund Rückbuchung - M--0041-0000011","descriptionShort":"Sonstiger Grund Rückbuchung - M--0041-0000011","date":"2025-09-01","amount":-34.990000,"amountOpen":0.000000},"linkDate":"2025-09-01","unlinkDate":"2025-09-01","amount":34.990000},{"child":{"id":1210377792,"type":50,"typeAsString":"PAYMENT_RUN_TYPE","description":"Zahllauf-Position M--0041-0000011","descriptionShort":"Zahllauf-Position M--0041-0000011","date":"2025-09-01","amount":34.990000,"amountOpen":0.000000},"parent":{"id":1210154588,"type":0,"typeAsString":"NEW_CHARGE_TYPE","description":"Kids 01.09.25 - 30.09.25","descriptionShort":"Kids","date":"2025-09-01","amount":34.990000,"amountOpen":0.000000},"unlinkCause":{"id":1210381281,"type":51,"typeAsString":"PAYMENT_RUN_CHARGED_BACK_TYPE","description":"Sonstiger Grund Rückbuchung - M--0041-0000011","descriptionShort":"Sonstiger Grund Rückbuchung - M--0041-0000011","date":"2025-09-01","amount":-34.990000,"amountOpen":0.000000},"linkDate":"2025-09-01","unlinkDate":"2025-09-01","amount":34.990000},{"child":{"id":1210377792,"type":50,"typeAsString":"PAYMENT_RUN_TYPE","description":"Zahllauf-Position M--0041-0000011","descriptionShort":"Zahllauf-Position M--0041-0000011","date":"2025-09-01","amount":34.990000,"amountOpen":0.000000},"parent":{"id":1210381281,"type":51,"typeAsString":"PAYMENT_RUN_CHARGED_BACK_TYPE","description":"Sonstiger Grund Rückbuchung - M--0041-0000011","descriptionShort":"Sonstiger Grund Rückbuchung - M--0041-0000011","date":"2025-09-01","amount":-34.990000,"amountOpen":0.000000},"unlinkCause":null,"linkDate":"2025-09-01","unlinkDate":null,"amount":34.990000},{"child":{"id":1210381281,"type":51,"typeAsString":"PAYMENT_RUN_CHARGED_BACK_TYPE","description":"Sonstiger Grund Rückbuchung - M--0041-0000011","descriptionShort":"Sonstiger Grund Rückbuchung - M--0041-0000011","date":"2025-09-01","amount":-34.990000,"amountOpen":0.000000},"parent":{"id":1210377792,"type":50,"typeAsString":"PAYMENT_RUN_TYPE","description":"Zahllauf-Position M--0041-0000011","descriptionShort":"Zahllauf-Position M--0041-0000011","date":"2025-09-01","amount":34.990000,"amountOpen":0.000000},"unlinkCause":null,"linkDate":"2025-09-01","unlinkDate":null,"amount":-34.990000},{"child":{"id":1210381280,"type":4,"typeAsString":"NEW_RETURNED_DEBIT_FEE_TYPE","description":"Rücklastschriftgebühr M--0041-0000011","descriptionShort":"Rücklastschriftgebühr M--0041-0000011","date":"2025-09-01","amount":3.000000,"amountOpen":0.000000},"parent":{"id":1210397021,"type":50,"typeAsString":"PAYMENT_RUN_TYPE","description":"Zahllauf-Position M--0042-0000011","descriptionShort":"Zahllauf-Position M--0042-0000011","date":"2025-10-02","amount":72.980000,"amountOpen":0.000000},"unlinkCause":null,"linkDate":"2025-10-02","unlinkDate":null,"amount":3.000000},{"child":{"id":1210397021,"type":50,"typeAsString":"PAYMENT_RUN_TYPE","description":"Zahllauf-Position M--0042-0000011","descriptionShort":"Zahllauf-Position M--0042-0000011","date":"2025-10-02","amount":72.980000,"amountOpen":0.000000},"parent":{"id":1210381280,"type":4,"typeAsString":"NEW_RETURNED_DEBIT_FEE_TYPE","description":"Rücklastschriftgebühr M--0041-0000011","descriptionShort":"Rücklastschriftgebühr M--0041-0000011","date":"2025-09-01","amount":3.000000,"amountOpen":0.000000},"unlinkCause":null,"linkDate":"2025-10-02","unlinkDate":null,"amount":3.000000},{"child":{"id":1210154589,"type":0,"typeAsString":"NEW_CHARGE_TYPE","description":"Kids 01.10.25 - 31.10.25","descriptionShort":"Kids","date":"2025-10-01","amount":34.990000,"amountOpen":0.000000},"parent":{"id":1210397021,"type":50,"typeAsString":"PAYMENT_RUN_TYPE","description":"Zahllauf-Position M--0042-0000011","descriptionShort":"Zahllauf-Position M--0042-0000011","date":"2025-10-02","amount":72.980000,"amountOpen":0.000000},"unlinkCause":null,"linkDate":"2025-10-02","unlinkDate":null,"amount":34.990000},{"child":{"id":1210397021,"type":50,"typeAsString":"PAYMENT_RUN_TYPE","description":"Zahllauf-Position M--0042-0000011","descriptionShort":"Zahllauf-Position M--0042-0000011","date":"2025-10-02","amount":72.980000,"amountOpen":0.000000},"parent":{"id":1210154589,"type":0,"typeAsString":"NEW_CHARGE_TYPE","description":"Kids 01.10.25 - 31.10.25","descriptionShort":"Kids","date":"2025-10-01","amount":34.990000,"amountOpen":0.000000},"unlinkCause":null,"linkDate":"2025-10-02","unlinkDate":null,"amount":34.990000},{"child":{"id":1210154588,"type":0,"typeAsString":"NEW_CHARGE_TYPE","description":"Kids 01.09.25 - 30.09.25","descriptionShort":"Kids","date":"2025-09-01","amount":34.990000,"amountOpen":0.000000},"parent":{"id":1210397021,"type":50,"typeAsString":"PAYMENT_RUN_TYPE","description":"Zahllauf-Position M--0042-0000011","descriptionShort":"Zahllauf-Position M--0042-0000011","date":"2025-10-02","amount":72.980000,"amountOpen":0.000000},"unlinkCause":null,"linkDate":"2025-10-02","unlinkDate":null,"amount":34.990000},{"child":{"id":1210397021,"type":50,"typeAsString":"PAYMENT_RUN_TYPE","description":"Zahllauf-Position M--0042-0000011","descriptionShort":"Zahllauf-Position M--0042-0000011","date":"2025-10-02","amount":72.980000,"amountOpen":0.000000},"parent":{"id":1210154588,"type":0,"typeAsString":"NEW_CHARGE_TYPE","description":"Kids 01.09.25 - 30.09.25","descriptionShort":"Kids","date":"2025-09-01","amount":34.990000,"amountOpen":0.000000},"unlinkCause":null,"linkDate":"2025-10-02","unlinkDate":null,"amount":34.990000},{"child":{"id":1210154590,"type":0,"typeAsString":"NEW_CHARGE_TYPE","description":"Kids 01.11.25 - 30.11.25","descriptionShort":"Kids","date":"2025-11-01","amount":34.990000,"amountOpen":0.000000},"parent":{"id":1210416946,"type":50,"typeAsString":"PAYMENT_RUN_TYPE","description":"Zahllauf-Position M--0043-0000011","descriptionShort":"Zahllauf-Position M--0043-0000011","date":"2025-11-01","amount":34.990000,"amountOpen":0.000000},"unlinkCause":null,"linkDate":"2025-11-01","unlinkDate":null,"amount":34.990000},{"child":{"id":1210416946,"type":50,"typeAsString":"PAYMENT_RUN_TYPE","description":"Zahllauf-Position M--0043-0000011","descriptionShort":"Zahllauf-Position M--0043-0000011","date":"2025-11-01","amount":34.990000,"amountOpen":0.000000},"parent":{"id":1210154590,"type":0,"typeAsString":"NEW_CHARGE_TYPE","description":"Kids 01.11.25 - 30.11.25","descriptionShort":"Kids","date":"2025-11-01","amount":34.990000,"amountOpen":0.000000},"unlinkCause":null,"linkDate":"2025-11-01","unlinkDate":null,"amount":34.990000},{"child":{"id":1210154591,"type":0,"typeAsString":"NEW_CHARGE_TYPE","description":"Kids 01.12.25 - 31.12.25","descriptionShort":"Kids","date":"2025-12-01","amount":34.990000,"amountOpen":0.000000},"parent":{"id":1210440561,"type":50,"typeAsString":"PAYMENT_RUN_TYPE","description":"Zahllauf-Position M--0046-0000011","descriptionShort":"Zahllauf-Position M--0046-0000011","date":"2025-12-02","amount":34.990000,"amountOpen":0.000000},"unlinkCause":null,"linkDate":"2025-12-02","unlinkDate":null,"amount":34.990000},{"child":{"id":1210440561,"type":50,"typeAsString":"PAYMENT_RUN_TYPE","description":"Zahllauf-Position M--0046-0000011","descriptionShort":"Zahllauf-Position M--0046-0000011","date":"2025-12-02","amount":34.990000,"amountOpen":0.000000},"parent":{"id":1210154591,"type":0,"typeAsString":"NEW_CHARGE_TYPE","description":"Kids 01.12.25 - 31.12.25","descriptionShort":"Kids","date":"2025-12-01","amount":34.990000,"amountOpen":0.000000},"unlinkCause":null,"linkDate":"2025-12-02","unlinkDate":null,"amount":34.990000}]}