[{"customerNumber":"M-2","firstName":"Kevin","lastName":"Wiesener","dateOfBirth":"2002-04-09","email":"kevinwiesener@gmail.com","street":"Furth ","houseNumber":"5a","addition":null,"zip":"84326","city":"Falkenberg ","country":"Germany","rateName":"Kids","rateTerm":"12M","cancellationPeriod":"3M","paymentFrequency":"1M","chargeAmountAtContractStart":34.99,"chargeAmountCurrent":34.99,"starterPackageAmount":33.000000,"paymentType":"Lastschrift","paymentTypeContract":null,"signedContract":"11.12.2023","startDate":"2023-12-11","startDateOfUse":null,"startDateIncludingPreviousContracts":"2023-12-11","startDateOfUseIncludingPreviousContracts":null,"externalIdentifier":"","countPeriod":2,"endDateCurrentTerm":"2025-12-10","endDate":"2026-12-10","lastPossibleCancellationDate":"2026-09-10","origin":"MySports","campaign":"","extensionType":"Vertragsverlängerung","extensionRate":"","extensionValue":"12M","chargeAmountNextPeriod":34.99,"cancelledTo":null,"cancelledAt":null,"cancellationType":"","cancellationReason":"","paymentRunGroupName":null,"paidTimePeriodCalculationType":"Kalendarium","company":null,"externalId":null,"location":null,"voucherCode":null,"imported":null,"voucherType":null,"discountType":null,"voucherAmount":null,"discountEffectivePeriod":null,"discountValidFrom":null,"discountValidUntil":null,"additionalDiscount":null,"additionalDiscountType":null,"additionalDiscountEffectivePeriod":null,"additionalDiscountValidFrom":null,"additionalDiscountValidUntil":null,"voucherBonusPeriodDuration":null,"voucherBonusPeriodType":null,"voucherBonusPeriodStartDate":null,"voucherBonusPeriodEndDate":null,"omitStarterPackage":null,"hasAdditionalVoucher":null,"id":1210010860,"type":"CONTRACT","referenceContractId":null}]