{"uuid":"2697043b-8f18-4561-a9ff-548bcae29e58","customerNumber":"M-2","customerStatus":"Mitglied","gender":"Männlich","title":"Kein Titel","lastName":"Wiesener","secondLastName":null,"firstName":"Kevin","secondFirstName":null,"dateOfBirth":"2002-04-09","note":null,"cardNumbers":"","customerTags":"","addresses":[{"street":"Furth ","houseNumber":"5a","addition":null,"zip":"84326","city":"Falkenberg ","country":"DE","additionalInformation":null,"streetType":null,"block":null,"portal":null,"stairway":null,"floor":null,"door":null,"province":null,"secondStreet":null,"buildingName":null,"cityPart":null,"district":null,"addressStatus":"VALID","statusInformation":null,"addressStatusSince":null}],"contact":{"telPrivate":null,"telBusiness":null,"telPrivateMobile":"‪+49 1522 8306196‬","telBusinessMobile":null,"email":"kevinwiesener@gmail.com"},"paymentMethod":"Lastschrift","bankAccount":{"accountHolder":"Kevin Wiesener","iban":"DE54740618130006939791","bic":"GENODEF1PFK","bankName":"VR-Bank Rottal-Inn","sepaMandateDtos":[{"sepaMandateStatus":"SIGNED","referenceNumber":"MLREFM00002","mandateGivenDate":"2023-12-11","mandateWithdrawnDate":null,"signatureRequired":true,"owner":"STUDIO"}]},"emailStatus":{"type":"NOT_YET_USED","information":""},"importedFrom":"NONE","communicationStop":false,"campaign":null,"taxId":null,"documentIdentificationm":null,"locale":"Deutsch","deceased":false,"referralCode":"2GKOM","excludedFromReferral":false,"medicalCertificate":null,"aggregatorAssignments":[],"referralType":null,"lead":null}