{"uuid":"2697043b-8f18-4561-a9ff-548bcae29e58","lastName":"Wiesener","firstName":"Kevin","dateOfBirth":"2002-04-09","placeOfBirth":null,"countryOfBirth":null,"gender":"Männlich","title":"NONE","taxId":null,"documentNumber":null,"documentType":null,"email":"kevinwiesener@gmail.com","addresses":[{"street":"Furth ","houseNumber":"5a","addition":null,"zip":"84326","city":"Falkenberg ","country":"DE","additionalInformation":null,"streetType":null,"block":null,"portal":null,"stairway":null,"floor":null,"door":null,"province":null,"secondStreet":null,"buildingName":null,"cityPart":null,"district":null,"addressStatus":"VALID","statusInformation":null,"addressStatusSince":null}]}