{"timelineItemDtos":[{"activity":"Kommunikationseinstellungen erstellt","creationType":"CUSTOMER_DIRECT","userName":"system","timeStamp":"2023-12-11T13:09:59.458494+01:00","timelineItemPropertyChangeDtos":[{"property":"Akzeptierte Kanäle","oldValue":null,"newValue":"Vertrag: Brief, E-Mail, SMS, Telefon"},{"property":"Akzeptierte Kanäle","oldValue":null,"newValue":"Allgemein: Brief, E-Mail, SMS, Telefon"},{"property":"Akzeptierte Kanäle","oldValue":null,"newValue":"Termine: Brief, E-Mail, SMS, Telefon"},{"property":"Akzeptierte Kanäle","oldValue":null,"newValue":"Newsletter: Brief, E-Mail, SMS, Telefon"}]},{"activity":"Vertrag angelegt","creationType":"DEFAULT","userName":"system","timeStamp":"2023-12-11T13:09:59.67928+01:00","timelineItemPropertyChangeDtos":[{"property":"Tarif","oldValue":"Kids","newValue":null},{"property":"Vertragsbeginn","oldValue":"2023-12-11","newValue":null},{"property":"Vertragsende","oldValue":"2024-12-10","newValue":null},{"property":"Nutzungsbeginn","oldValue":null,"newValue":null},{"property":"Laufzeit","oldValue":"12 MONTH","newValue":null},{"property":"Zahlweise","oldValue":"monatlich: 34,99 €","newValue":null}]},{"activity":"SEPA-Mandat erteilt","creationType":"DEFAULT","userName":"system","timeStamp":"2023-12-11T13:09:59.915683+01:00","timelineItemPropertyChangeDtos":[{"property":"SEPA-Mandatsreferenz-Nr.","oldValue":null,"newValue":"MLREFM00002"},{"property":"Status","oldValue":null,"newValue":"CONFIRMED"}]},{"activity":"SEPA-Mandat aktualisiert","creationType":"DEFAULT","userName":"system","timeStamp":"2023-12-11T13:10:00.035351+01:00","timelineItemPropertyChangeDtos":[{"property":"SEPA-Mandatsreferenz-Nr.","oldValue":"MLREFM00002","newValue":"MLREFM00002"},{"property":"Status","oldValue":"CONFIRMED","newValue":"SIGNED"}]},{"activity":"Zahllaufgruppe zugewiesen","creationType":"DEFAULT","userName":"info@tda-intl.com","timeStamp":"2023-12-12T07:47:02.855462+01:00","timelineItemPropertyChangeDtos":[{"property":"Zahllaufgruppe","oldValue":"-","newValue":"Lastschriften Dojo 15.d.M."}]},{"activity":"Ausstehende E-Mail-Adressen Verifizierung abgelaufen","creationType":"DEFAULT","userName":"system","timeStamp":"2023-12-12T13:09:59.49036+01:00","timelineItemPropertyChangeDtos":[{"property":"E-Mail-Bestätigungs-Status","oldValue":"Warten auf Bestätigung","newValue":"Keine Bestätigung erhalten"}]}]}