{"dtos":[{"child":{"id":1210224582,"type":0,"typeAsString":"NEW_CHARGE_TYPE","description":"Kids 15.12.24 - 31.12.24","descriptionShort":"Kids","date":"2024-12-31","amount":19.190000,"amountOpen":0.000000},"parent":{"id":1210224821,"type":50,"typeAsString":"PAYMENT_RUN_TYPE","description":"Zahllauf-Position M--0029-0000001","descriptionShort":"Zahllauf-Position M--0029-0000001","date":"2025-01-02","amount":52.190000,"amountOpen":0.000000},"unlinkCause":null,"linkDate":"2025-01-02","unlinkDate":null,"amount":19.190000},{"child":{"id":1210224821,"type":50,"typeAsString":"PAYMENT_RUN_TYPE","description":"Zahllauf-Position M--0029-0000001","descriptionShort":"Zahllauf-Position M--0029-0000001","date":"2025-01-02","amount":52.190000,"amountOpen":0.000000},"parent":{"id":1210224582,"type":0,"typeAsString":"NEW_CHARGE_TYPE","description":"Kids 15.12.24 - 31.12.24","descriptionShort":"Kids","date":"2024-12-31","amount":19.190000,"amountOpen":0.000000},"unlinkCause":null,"linkDate":"2025-01-02","unlinkDate":null,"amount":19.190000},{"child":{"id":1210224685,"type":10,"typeAsString":"NEW_STARTER_PACKAGE_TYPE","description":"Beitrag für Startpaket für Vertrag Kids","descriptionShort":"Kids","date":"2024-12-31","amount":33.000000,"amountOpen":0.000000},"parent":{"id":1210224821,"type":50,"typeAsString":"PAYMENT_RUN_TYPE","description":"Zahllauf-Position M--0029-0000001","descriptionShort":"Zahllauf-Position M--0029-0000001","date":"2025-01-02","amount":52.190000,"amountOpen":0.000000},"unlinkCause":null,"linkDate":"2025-01-02","unlinkDate":null,"amount":33.000000},{"child":{"id":1210224821,"type":50,"typeAsString":"PAYMENT_RUN_TYPE","description":"Zahllauf-Position M--0029-0000001","descriptionShort":"Zahllauf-Position M--0029-0000001","date":"2025-01-02","amount":52.190000,"amountOpen":0.000000},"parent":{"id":1210224685,"type":10,"typeAsString":"NEW_STARTER_PACKAGE_TYPE","description":"Beitrag für Startpaket für Vertrag Kids","descriptionShort":"Kids","date":"2024-12-31","amount":33.000000,"amountOpen":0.000000},"unlinkCause":null,"linkDate":"2025-01-02","unlinkDate":null,"amount":33.000000},{"child":{"id":1210224583,"type":0,"typeAsString":"NEW_CHARGE_TYPE","description":"Kids 01.01.25 - 31.01.25","descriptionShort":"Kids","date":"2025-01-01","amount":34.990000,"amountOpen":0.000000},"parent":{"id":1210242139,"type":50,"typeAsString":"PAYMENT_RUN_TYPE","description":"Zahllauf-Position M--0030-0000006","descriptionShort":"Zahllauf-Position M--0030-0000006","date":"2025-02-01","amount":69.980000,"amountOpen":0.000000},"unlinkCause":null,"linkDate":"2025-02-01","unlinkDate":null,"amount":34.990000},{"child":{"id":1210242139,"type":50,"typeAsString":"PAYMENT_RUN_TYPE","description":"Zahllauf-Position M--0030-0000006","descriptionShort":"Zahllauf-Position M--0030-0000006","date":"2025-02-01","amount":69.980000,"amountOpen":0.000000},"parent":{"id":1210224583,"type":0,"typeAsString":"NEW_CHARGE_TYPE","description":"Kids 01.01.25 - 31.01.25","descriptionShort":"Kids","date":"2025-01-01","amount":34.990000,"amountOpen":0.000000},"unlinkCause":null,"linkDate":"2025-02-01","unlinkDate":null,"amount":34.990000},{"child":{"id":1210224584,"type":0,"typeAsString":"NEW_CHARGE_TYPE","description":"Kids 01.02.25 - 28.02.25","descriptionShort":"Kids","date":"2025-02-01","amount":34.990000,"amountOpen":0.000000},"parent":{"id":1210242139,"type":50,"typeAsString":"PAYMENT_RUN_TYPE","description":"Zahllauf-Position M--0030-0000006","descriptionShort":"Zahllauf-Position M--0030-0000006","date":"2025-02-01","amount":69.980000,"amountOpen":0.000000},"unlinkCause":null,"linkDate":"2025-02-01","unlinkDate":null,"amount":34.990000},{"child":{"id":1210242139,"type":50,"typeAsString":"PAYMENT_RUN_TYPE","description":"Zahllauf-Position M--0030-0000006","descriptionShort":"Zahllauf-Position M--0030-0000006","date":"2025-02-01","amount":69.980000,"amountOpen":0.000000},"parent":{"id":1210224584,"type":0,"typeAsString":"NEW_CHARGE_TYPE","description":"Kids 01.02.25 - 28.02.25","descriptionShort":"Kids","date":"2025-02-01","amount":34.990000,"amountOpen":0.000000},"unlinkCause":null,"linkDate":"2025-02-01","unlinkDate":null,"amount":34.990000},{"child":{"id":1210224585,"type":0,"typeAsString":"NEW_CHARGE_TYPE","description":"Kids 01.03.25 - 31.03.25","descriptionShort":"Kids","date":"2025-03-01","amount":34.990000,"amountOpen":0.000000},"parent":{"id":1210265913,"type":50,"typeAsString":"PAYMENT_RUN_TYPE","description":"Zahllauf-Position M--0032-0000006","descriptionShort":"Zahllauf-Position M--0032-0000006","date":"2025-03-04","amount":34.990000,"amountOpen":0.000000},"unlinkCause":null,"linkDate":"2025-03-04","unlinkDate":null,"amount":34.990000},{"child":{"id":1210265913,"type":50,"typeAsString":"PAYMENT_RUN_TYPE","description":"Zahllauf-Position M--0032-0000006","descriptionShort":"Zahllauf-Position M--0032-0000006","date":"2025-03-04","amount":34.990000,"amountOpen":0.000000},"parent":{"id":1210224585,"type":0,"typeAsString":"NEW_CHARGE_TYPE","description":"Kids 01.03.25 - 31.03.25","descriptionShort":"Kids","date":"2025-03-01","amount":34.990000,"amountOpen":0.000000},"unlinkCause":null,"linkDate":"2025-03-04","unlinkDate":null,"amount":34.990000},{"child":{"id":1210224586,"type":0,"typeAsString":"NEW_CHARGE_TYPE","description":"Kids 01.04.25 - 30.04.25","descriptionShort":"Kids","date":"2025-04-01","amount":34.990000,"amountOpen":0.000000},"parent":{"id":1210282678,"type":50,"typeAsString":"PAYMENT_RUN_TYPE","description":"Zahllauf-Position M--0034-0000006","descriptionShort":"Zahllauf-Position M--0034-0000006","date":"2025-04-01","amount":34.990000,"amountOpen":0.000000},"unlinkCause":null,"linkDate":"2025-04-01","unlinkDate":null,"amount":34.990000},{"child":{"id":1210282678,"type":50,"typeAsString":"PAYMENT_RUN_TYPE","description":"Zahllauf-Position M--0034-0000006","descriptionShort":"Zahllauf-Position M--0034-0000006","date":"2025-04-01","amount":34.990000,"amountOpen":0.000000},"parent":{"id":1210224586,"type":0,"typeAsString":"NEW_CHARGE_TYPE","description":"Kids 01.04.25 - 30.04.25","descriptionShort":"Kids","date":"2025-04-01","amount":34.990000,"amountOpen":0.000000},"unlinkCause":null,"linkDate":"2025-04-01","unlinkDate":null,"amount":34.990000},{"child":{"id":1210224587,"type":0,"typeAsString":"NEW_CHARGE_TYPE","description":"Kids 01.05.25 - 31.05.25","descriptionShort":"Kids","date":"2025-05-01","amount":34.990000,"amountOpen":0.000000},"parent":{"id":1210303322,"type":50,"typeAsString":"PAYMENT_RUN_TYPE","description":"Zahllauf-Position M--0035-0000006","descriptionShort":"Zahllauf-Position M--0035-0000006","date":"2025-05-02","amount":34.990000,"amountOpen":0.000000},"unlinkCause":null,"linkDate":"2025-05-02","unlinkDate":null,"amount":34.990000},{"child":{"id":1210303322,"type":50,"typeAsString":"PAYMENT_RUN_TYPE","description":"Zahllauf-Position M--0035-0000006","descriptionShort":"Zahllauf-Position M--0035-0000006","date":"2025-05-02","amount":34.990000,"amountOpen":0.000000},"parent":{"id":1210224587,"type":0,"typeAsString":"NEW_CHARGE_TYPE","description":"Kids 01.05.25 - 31.05.25","descriptionShort":"Kids","date":"2025-05-01","amount":34.990000,"amountOpen":0.000000},"unlinkCause":null,"linkDate":"2025-05-02","unlinkDate":null,"amount":34.990000},{"child":{"id":1210224588,"type":0,"typeAsString":"NEW_CHARGE_TYPE","description":"Kids 01.06.25 - 30.06.25","descriptionShort":"Kids","date":"2025-06-01","amount":34.990000,"amountOpen":0.000000},"parent":{"id":1210321751,"type":50,"typeAsString":"PAYMENT_RUN_TYPE","description":"Zahllauf-Position M--0036-0000006","descriptionShort":"Zahllauf-Position M--0036-0000006","date":"2025-06-01","amount":34.990000,"amountOpen":0.000000},"unlinkCause":null,"linkDate":"2025-06-01","unlinkDate":null,"amount":34.990000},{"child":{"id":1210321751,"type":50,"typeAsString":"PAYMENT_RUN_TYPE","description":"Zahllauf-Position M--0036-0000006","descriptionShort":"Zahllauf-Position M--0036-0000006","date":"2025-06-01","amount":34.990000,"amountOpen":0.000000},"parent":{"id":1210224588,"type":0,"typeAsString":"NEW_CHARGE_TYPE","description":"Kids 01.06.25 - 30.06.25","descriptionShort":"Kids","date":"2025-06-01","amount":34.990000,"amountOpen":0.000000},"unlinkCause":null,"linkDate":"2025-06-01","unlinkDate":null,"amount":34.990000},{"child":{"id":1210224589,"type":0,"typeAsString":"NEW_CHARGE_TYPE","description":"Kids 01.07.25 - 31.07.25","descriptionShort":"Kids","date":"2025-07-01","amount":34.990000,"amountOpen":0.000000},"parent":{"id":1210340243,"type":50,"typeAsString":"PAYMENT_RUN_TYPE","description":"Zahllauf-Position M--0037-0000006","descriptionShort":"Zahllauf-Position M--0037-0000006","date":"2025-07-02","amount":34.990000,"amountOpen":0.000000},"unlinkCause":null,"linkDate":"2025-07-02","unlinkDate":null,"amount":34.990000},{"child":{"id":1210340243,"type":50,"typeAsString":"PAYMENT_RUN_TYPE","description":"Zahllauf-Position M--0037-0000006","descriptionShort":"Zahllauf-Position M--0037-0000006","date":"2025-07-02","amount":34.990000,"amountOpen":0.000000},"parent":{"id":1210224589,"type":0,"typeAsString":"NEW_CHARGE_TYPE","description":"Kids 01.07.25 - 31.07.25","descriptionShort":"Kids","date":"2025-07-01","amount":34.990000,"amountOpen":0.000000},"unlinkCause":null,"linkDate":"2025-07-02","unlinkDate":null,"amount":34.990000},{"child":{"id":1210224680,"type":0,"typeAsString":"NEW_CHARGE_TYPE","description":"Kids 01.08.25 - 31.08.25","descriptionShort":"Kids","date":"2025-08-01","amount":34.990000,"amountOpen":0.000000},"parent":{"id":1210360727,"type":50,"typeAsString":"PAYMENT_RUN_TYPE","description":"Zahllauf-Position M--0040-0000006","descriptionShort":"Zahllauf-Position M--0040-0000006","date":"2025-08-01","amount":34.990000,"amountOpen":0.000000},"unlinkCause":null,"linkDate":"2025-08-01","unlinkDate":null,"amount":34.990000},{"child":{"id":1210360727,"type":50,"typeAsString":"PAYMENT_RUN_TYPE","description":"Zahllauf-Position M--0040-0000006","descriptionShort":"Zahllauf-Position M--0040-0000006","date":"2025-08-01","amount":34.990000,"amountOpen":0.000000},"parent":{"id":1210224680,"type":0,"typeAsString":"NEW_CHARGE_TYPE","description":"Kids 01.08.25 - 31.08.25","descriptionShort":"Kids","date":"2025-08-01","amount":34.990000,"amountOpen":0.000000},"unlinkCause":null,"linkDate":"2025-08-01","unlinkDate":null,"amount":34.990000},{"child":{"id":1210224681,"type":0,"typeAsString":"NEW_CHARGE_TYPE","description":"Kids 01.09.25 - 30.09.25","descriptionShort":"Kids","date":"2025-09-01","amount":34.990000,"amountOpen":0.000000},"parent":{"id":1210377847,"type":50,"typeAsString":"PAYMENT_RUN_TYPE","description":"Zahllauf-Position M--0041-0000006","descriptionShort":"Zahllauf-Position M--0041-0000006","date":"2025-09-01","amount":34.990000,"amountOpen":0.000000},"unlinkCause":null,"linkDate":"2025-09-01","unlinkDate":null,"amount":34.990000},{"child":{"id":1210377847,"type":50,"typeAsString":"PAYMENT_RUN_TYPE","description":"Zahllauf-Position M--0041-0000006","descriptionShort":"Zahllauf-Position M--0041-0000006","date":"2025-09-01","amount":34.990000,"amountOpen":0.000000},"parent":{"id":1210224681,"type":0,"typeAsString":"NEW_CHARGE_TYPE","description":"Kids 01.09.25 - 30.09.25","descriptionShort":"Kids","date":"2025-09-01","amount":34.990000,"amountOpen":0.000000},"unlinkCause":null,"linkDate":"2025-09-01","unlinkDate":null,"amount":34.990000},{"child":{"id":1210224682,"type":0,"typeAsString":"NEW_CHARGE_TYPE","description":"Kids 01.10.25 - 31.10.25","descriptionShort":"Kids","date":"2025-10-01","amount":34.990000,"amountOpen":0.000000},"parent":{"id":1210396477,"type":50,"typeAsString":"PAYMENT_RUN_TYPE","description":"Zahllauf-Position M--0042-0000006","descriptionShort":"Zahllauf-Position M--0042-0000006","date":"2025-10-02","amount":34.990000,"amountOpen":0.000000},"unlinkCause":null,"linkDate":"2025-10-02","unlinkDate":null,"amount":34.990000},{"child":{"id":1210396477,"type":50,"typeAsString":"PAYMENT_RUN_TYPE","description":"Zahllauf-Position M--0042-0000006","descriptionShort":"Zahllauf-Position M--0042-0000006","date":"2025-10-02","amount":34.990000,"amountOpen":0.000000},"parent":{"id":1210224682,"type":0,"typeAsString":"NEW_CHARGE_TYPE","description":"Kids 01.10.25 - 31.10.25","descriptionShort":"Kids","date":"2025-10-01","amount":34.990000,"amountOpen":0.000000},"unlinkCause":null,"linkDate":"2025-10-02","unlinkDate":null,"amount":34.990000},{"child":{"id":1210224683,"type":0,"typeAsString":"NEW_CHARGE_TYPE","description":"Kids 01.11.25 - 30.11.25","descriptionShort":"Kids","date":"2025-11-01","amount":34.990000,"amountOpen":0.000000},"parent":{"id":1210417471,"type":50,"typeAsString":"PAYMENT_RUN_TYPE","description":"Zahllauf-Position M--0043-0000006","descriptionShort":"Zahllauf-Position M--0043-0000006","date":"2025-11-01","amount":34.990000,"amountOpen":0.000000},"unlinkCause":null,"linkDate":"2025-11-01","unlinkDate":null,"amount":34.990000},{"child":{"id":1210417471,"type":50,"typeAsString":"PAYMENT_RUN_TYPE","description":"Zahllauf-Position M--0043-0000006","descriptionShort":"Zahllauf-Position M--0043-0000006","date":"2025-11-01","amount":34.990000,"amountOpen":0.000000},"parent":{"id":1210224683,"type":0,"typeAsString":"NEW_CHARGE_TYPE","description":"Kids 01.11.25 - 30.11.25","descriptionShort":"Kids","date":"2025-11-01","amount":34.990000,"amountOpen":0.000000},"unlinkCause":null,"linkDate":"2025-11-01","unlinkDate":null,"amount":34.990000},{"child":{"id":1210224684,"type":0,"typeAsString":"NEW_CHARGE_TYPE","description":"Kids 01.12.25 - 31.12.25","descriptionShort":"Kids","date":"2025-12-01","amount":34.990000,"amountOpen":0.000000},"parent":{"id":1210440568,"type":50,"typeAsString":"PAYMENT_RUN_TYPE","description":"Zahllauf-Position M--0046-0000006","descriptionShort":"Zahllauf-Position M--0046-0000006","date":"2025-12-02","amount":34.990000,"amountOpen":0.000000},"unlinkCause":{"id":1210442667,"type":51,"typeAsString":"PAYMENT_RUN_CHARGED_BACK_TYPE","description":"Widerspruch des Kontoinhabers Rückbuchung - M--0046-0000006","descriptionShort":"Widerspruch des Kontoinhabers Rückbuchung - M--0046-0000006","date":"2025-12-01","amount":-34.990000,"amountOpen":0.000000},"linkDate":"2025-12-02","unlinkDate":"2025-12-02","amount":34.990000},{"child":{"id":1210440568,"type":50,"typeAsString":"PAYMENT_RUN_TYPE","description":"Zahllauf-Position M--0046-0000006","descriptionShort":"Zahllauf-Position M--0046-0000006","date":"2025-12-02","amount":34.990000,"amountOpen":0.000000},"parent":{"id":1210224684,"type":0,"typeAsString":"NEW_CHARGE_TYPE","description":"Kids 01.12.25 - 31.12.25","descriptionShort":"Kids","date":"2025-12-01","amount":34.990000,"amountOpen":0.000000},"unlinkCause":{"id":1210442667,"type":51,"typeAsString":"PAYMENT_RUN_CHARGED_BACK_TYPE","description":"Widerspruch des Kontoinhabers Rückbuchung - M--0046-0000006","descriptionShort":"Widerspruch des Kontoinhabers Rückbuchung - M--0046-0000006","date":"2025-12-01","amount":-34.990000,"amountOpen":0.000000},"linkDate":"2025-12-02","unlinkDate":"2025-12-02","amount":34.990000},{"child":{"id":1210440568,"type":50,"typeAsString":"PAYMENT_RUN_TYPE","description":"Zahllauf-Position M--0046-0000006","descriptionShort":"Zahllauf-Position M--0046-0000006","date":"2025-12-02","amount":34.990000,"amountOpen":0.000000},"parent":{"id":1210442667,"type":51,"typeAsString":"PAYMENT_RUN_CHARGED_BACK_TYPE","description":"Widerspruch des Kontoinhabers Rückbuchung - M--0046-0000006","descriptionShort":"Widerspruch des Kontoinhabers Rückbuchung - M--0046-0000006","date":"2025-12-01","amount":-34.990000,"amountOpen":0.000000},"unlinkCause":null,"linkDate":"2025-12-01","unlinkDate":null,"amount":34.990000},{"child":{"id":1210442667,"type":51,"typeAsString":"PAYMENT_RUN_CHARGED_BACK_TYPE","description":"Widerspruch des Kontoinhabers Rückbuchung - M--0046-0000006","descriptionShort":"Widerspruch des Kontoinhabers Rückbuchung - M--0046-0000006","date":"2025-12-01","amount":-34.990000,"amountOpen":0.000000},"parent":{"id":1210440568,"type":50,"typeAsString":"PAYMENT_RUN_TYPE","description":"Zahllauf-Position M--0046-0000006","descriptionShort":"Zahllauf-Position M--0046-0000006","date":"2025-12-02","amount":34.990000,"amountOpen":0.000000},"unlinkCause":null,"linkDate":"2025-12-01","unlinkDate":null,"amount":-34.990000},{"child":{"id":1210224684,"type":0,"typeAsString":"NEW_CHARGE_TYPE","description":"Kids 01.12.25 - 31.12.25","descriptionShort":"Kids","date":"2025-12-01","amount":34.990000,"amountOpen":0.000000},"parent":{"id":1210446143,"type":50,"typeAsString":"PAYMENT_RUN_TYPE","description":"Zahllauf-Position M--0047-0000001","descriptionShort":"Zahllauf-Position M--0047-0000001","date":"2025-12-05","amount":37.990000,"amountOpen":0.000000},"unlinkCause":null,"linkDate":"2025-12-05","unlinkDate":null,"amount":34.990000},{"child":{"id":1210446143,"type":50,"typeAsString":"PAYMENT_RUN_TYPE","description":"Zahllauf-Position M--0047-0000001","descriptionShort":"Zahllauf-Position M--0047-0000001","date":"2025-12-05","amount":37.990000,"amountOpen":0.000000},"parent":{"id":1210224684,"type":0,"typeAsString":"NEW_CHARGE_TYPE","description":"Kids 01.12.25 - 31.12.25","descriptionShort":"Kids","date":"2025-12-01","amount":34.990000,"amountOpen":0.000000},"unlinkCause":null,"linkDate":"2025-12-05","unlinkDate":null,"amount":34.990000},{"child":{"id":1210442666,"type":4,"typeAsString":"NEW_RETURNED_DEBIT_FEE_TYPE","description":"Rücklastschriftgebühr M--0046-0000006","descriptionShort":"Rücklastschriftgebühr M--0046-0000006","date":"2025-12-01","amount":3.000000,"amountOpen":0.000000},"parent":{"id":1210446143,"type":50,"typeAsString":"PAYMENT_RUN_TYPE","description":"Zahllauf-Position M--0047-0000001","descriptionShort":"Zahllauf-Position M--0047-0000001","date":"2025-12-05","amount":37.990000,"amountOpen":0.000000},"unlinkCause":null,"linkDate":"2025-12-05","unlinkDate":null,"amount":3.000000},{"child":{"id":1210446143,"type":50,"typeAsString":"PAYMENT_RUN_TYPE","description":"Zahllauf-Position M--0047-0000001","descriptionShort":"Zahllauf-Position M--0047-0000001","date":"2025-12-05","amount":37.990000,"amountOpen":0.000000},"parent":{"id":1210442666,"type":4,"typeAsString":"NEW_RETURNED_DEBIT_FEE_TYPE","description":"Rücklastschriftgebühr M--0046-0000006","descriptionShort":"Rücklastschriftgebühr M--0046-0000006","date":"2025-12-01","amount":3.000000,"amountOpen":0.000000},"unlinkCause":null,"linkDate":"2025-12-05","unlinkDate":null,"amount":3.000000}]}