[{"customerNumber":"M-15","firstName":"Chris","lastName":"Ilieva","dateOfBirth":"2019-09-09","email":"antonio0545@web.de","street":"Sportplatzstr.","houseNumber":"4","addition":null,"zip":"84155","city":"Bodenkirchen","country":"Germany","rateName":"Kids","rateTerm":"12M","cancellationPeriod":"3M","paymentFrequency":"1M","chargeAmountAtContractStart":34.99,"chargeAmountCurrent":34.99,"starterPackageAmount":33.000000,"paymentType":"Lastschrift","paymentTypeContract":null,"signedContract":"31.12.2024","startDate":"2024-12-15","startDateOfUse":null,"startDateIncludingPreviousContracts":"2024-12-15","startDateOfUseIncludingPreviousContracts":null,"externalIdentifier":"","countPeriod":1,"endDateCurrentTerm":"2025-12-14","endDate":"2026-12-14","lastPossibleCancellationDate":"2026-09-14","origin":"Verwaltung","campaign":"","extensionType":"Vertragsverlängerung","extensionRate":"","extensionValue":"12M","chargeAmountNextPeriod":34.99,"cancelledTo":null,"cancelledAt":null,"cancellationType":"","cancellationReason":"","paymentRunGroupName":null,"paidTimePeriodCalculationType":"Kalendarium","company":null,"externalId":null,"location":null,"voucherCode":null,"imported":null,"voucherType":null,"discountType":null,"voucherAmount":null,"discountEffectivePeriod":null,"discountValidFrom":null,"discountValidUntil":null,"additionalDiscount":null,"additionalDiscountType":null,"additionalDiscountEffectivePeriod":null,"additionalDiscountValidFrom":null,"additionalDiscountValidUntil":null,"voucherBonusPeriodDuration":null,"voucherBonusPeriodType":null,"voucherBonusPeriodStartDate":null,"voucherBonusPeriodEndDate":null,"omitStarterPackage":null,"hasAdditionalVoucher":null,"id":1210224143,"type":"CONTRACT","referenceContractId":null}]