{"uuid":"28c71682-a1bf-40b2-ba43-5a8341479608","customerNumber":"M-15","customerStatus":"Mitglied","gender":"Männlich","title":"Kein Titel","lastName":"Ilieva","secondLastName":null,"firstName":"Chris","secondFirstName":null,"dateOfBirth":"2019-09-09","note":null,"cardNumbers":"","customerTags":"","addresses":[{"street":"Sportplatzstr.","houseNumber":"4","addition":null,"zip":"84155","city":"Bodenkirchen","country":"DE","additionalInformation":null,"streetType":null,"block":null,"portal":null,"stairway":null,"floor":null,"door":null,"province":null,"secondStreet":null,"buildingName":null,"cityPart":null,"district":null,"addressStatus":"VALID","statusInformation":null,"addressStatusSince":null}],"contact":{"telPrivate":null,"telBusiness":null,"telPrivateMobile":"015786609155","telBusinessMobile":null,"email":"antonio0545@web.de"},"paymentMethod":"Lastschrift","bankAccount":{"accountHolder":"Donka Nedelcheva","iban":"DE66743500000020378246","bic":"BYLADEM1LAH","bankName":"Sparkasse Landshut","sepaMandateDtos":[{"sepaMandateStatus":"CONFIRMED","referenceNumber":"MLREFM00015","mandateGivenDate":"2024-12-15","mandateWithdrawnDate":null,"signatureRequired":true,"owner":"STUDIO"}]},"emailStatus":{"type":"NOT_YET_USED","information":""},"importedFrom":"NONE","communicationStop":false,"campaign":null,"taxId":null,"documentIdentificationm":null,"locale":null,"deceased":false,"referralCode":"2Y78Q","excludedFromReferral":false,"medicalCertificate":null,"aggregatorAssignments":[],"referralType":null,"lead":null}