{"uuid":"28c71682-a1bf-40b2-ba43-5a8341479608","lastName":"Ilieva","firstName":"Chris","dateOfBirth":"2019-09-09","placeOfBirth":null,"countryOfBirth":null,"gender":"Männlich","title":"NONE","taxId":null,"documentNumber":null,"documentType":null,"email":"antonio0545@web.de","addresses":[{"street":"Sportplatzstr.","houseNumber":"4","addition":null,"zip":"84155","city":"Bodenkirchen","country":"DE","additionalInformation":null,"streetType":null,"block":null,"portal":null,"stairway":null,"floor":null,"door":null,"province":null,"secondStreet":null,"buildingName":null,"cityPart":null,"district":null,"addressStatus":"VALID","statusInformation":null,"addressStatusSince":null}]}