{"dtos":[{"child":{"id":1210424837,"type":0,"typeAsString":"NEW_CHARGE_TYPE","description":"Kids 01.10.25 - 31.10.25","descriptionShort":"Kids","date":"2025-11-06","amount":34.990000,"amountOpen":0.000000},"parent":{"id":1210425833,"type":50,"typeAsString":"PAYMENT_RUN_TYPE","description":"Zahllauf-Position M--0045-0000001","descriptionShort":"Zahllauf-Position M--0045-0000001","date":"2025-11-10","amount":191.020000,"amountOpen":0.000000},"unlinkCause":null,"linkDate":"2025-11-10","unlinkDate":null,"amount":34.990000},{"child":{"id":1210425833,"type":50,"typeAsString":"PAYMENT_RUN_TYPE","description":"Zahllauf-Position M--0045-0000001","descriptionShort":"Zahllauf-Position M--0045-0000001","date":"2025-11-10","amount":191.020000,"amountOpen":0.000000},"parent":{"id":1210424837,"type":0,"typeAsString":"NEW_CHARGE_TYPE","description":"Kids 01.10.25 - 31.10.25","descriptionShort":"Kids","date":"2025-11-06","amount":34.990000,"amountOpen":0.000000},"unlinkCause":null,"linkDate":"2025-11-10","unlinkDate":null,"amount":34.990000},{"child":{"id":1210424836,"type":0,"typeAsString":"NEW_CHARGE_TYPE","description":"Kids 01.09.25 - 30.09.25","descriptionShort":"Kids","date":"2025-11-06","amount":34.990000,"amountOpen":0.000000},"parent":{"id":1210425833,"type":50,"typeAsString":"PAYMENT_RUN_TYPE","description":"Zahllauf-Position M--0045-0000001","descriptionShort":"Zahllauf-Position M--0045-0000001","date":"2025-11-10","amount":191.020000,"amountOpen":0.000000},"unlinkCause":null,"linkDate":"2025-11-10","unlinkDate":null,"amount":34.990000},{"child":{"id":1210425833,"type":50,"typeAsString":"PAYMENT_RUN_TYPE","description":"Zahllauf-Position M--0045-0000001","descriptionShort":"Zahllauf-Position M--0045-0000001","date":"2025-11-10","amount":191.020000,"amountOpen":0.000000},"parent":{"id":1210424836,"type":0,"typeAsString":"NEW_CHARGE_TYPE","description":"Kids 01.09.25 - 30.09.25","descriptionShort":"Kids","date":"2025-11-06","amount":34.990000,"amountOpen":0.000000},"unlinkCause":null,"linkDate":"2025-11-10","unlinkDate":null,"amount":34.990000},{"child":{"id":1210425287,"type":10,"typeAsString":"NEW_STARTER_PACKAGE_TYPE","description":"Beitrag für Startpaket für Vertrag Kids","descriptionShort":"Kids","date":"2025-11-06","amount":33.000000,"amountOpen":0.000000},"parent":{"id":1210425833,"type":50,"typeAsString":"PAYMENT_RUN_TYPE","description":"Zahllauf-Position M--0045-0000001","descriptionShort":"Zahllauf-Position M--0045-0000001","date":"2025-11-10","amount":191.020000,"amountOpen":0.000000},"unlinkCause":null,"linkDate":"2025-11-10","unlinkDate":null,"amount":33.000000},{"child":{"id":1210425833,"type":50,"typeAsString":"PAYMENT_RUN_TYPE","description":"Zahllauf-Position M--0045-0000001","descriptionShort":"Zahllauf-Position M--0045-0000001","date":"2025-11-10","amount":191.020000,"amountOpen":0.000000},"parent":{"id":1210425287,"type":10,"typeAsString":"NEW_STARTER_PACKAGE_TYPE","description":"Beitrag für Startpaket für Vertrag Kids","descriptionShort":"Kids","date":"2025-11-06","amount":33.000000,"amountOpen":0.000000},"unlinkCause":null,"linkDate":"2025-11-10","unlinkDate":null,"amount":33.000000},{"child":{"id":1210424838,"type":0,"typeAsString":"NEW_CHARGE_TYPE","description":"Kids 01.11.25 - 30.11.25","descriptionShort":"Kids","date":"2025-11-06","amount":34.990000,"amountOpen":0.000000},"parent":{"id":1210425833,"type":50,"typeAsString":"PAYMENT_RUN_TYPE","description":"Zahllauf-Position M--0045-0000001","descriptionShort":"Zahllauf-Position M--0045-0000001","date":"2025-11-10","amount":191.020000,"amountOpen":0.000000},"unlinkCause":null,"linkDate":"2025-11-10","unlinkDate":null,"amount":34.990000},{"child":{"id":1210425833,"type":50,"typeAsString":"PAYMENT_RUN_TYPE","description":"Zahllauf-Position M--0045-0000001","descriptionShort":"Zahllauf-Position M--0045-0000001","date":"2025-11-10","amount":191.020000,"amountOpen":0.000000},"parent":{"id":1210424838,"type":0,"typeAsString":"NEW_CHARGE_TYPE","description":"Kids 01.11.25 - 30.11.25","descriptionShort":"Kids","date":"2025-11-06","amount":34.990000,"amountOpen":0.000000},"unlinkCause":null,"linkDate":"2025-11-10","unlinkDate":null,"amount":34.990000},{"child":{"id":1210424835,"type":0,"typeAsString":"NEW_CHARGE_TYPE","description":"Kids 01.08.25 - 31.08.25","descriptionShort":"Kids","date":"2025-11-06","amount":34.990000,"amountOpen":0.000000},"parent":{"id":1210425833,"type":50,"typeAsString":"PAYMENT_RUN_TYPE","description":"Zahllauf-Position M--0045-0000001","descriptionShort":"Zahllauf-Position M--0045-0000001","date":"2025-11-10","amount":191.020000,"amountOpen":0.000000},"unlinkCause":null,"linkDate":"2025-11-10","unlinkDate":null,"amount":34.990000},{"child":{"id":1210425833,"type":50,"typeAsString":"PAYMENT_RUN_TYPE","description":"Zahllauf-Position M--0045-0000001","descriptionShort":"Zahllauf-Position M--0045-0000001","date":"2025-11-10","amount":191.020000,"amountOpen":0.000000},"parent":{"id":1210424835,"type":0,"typeAsString":"NEW_CHARGE_TYPE","description":"Kids 01.08.25 - 31.08.25","descriptionShort":"Kids","date":"2025-11-06","amount":34.990000,"amountOpen":0.000000},"unlinkCause":null,"linkDate":"2025-11-10","unlinkDate":null,"amount":34.990000},{"child":{"id":1210424834,"type":0,"typeAsString":"NEW_CHARGE_TYPE","description":"Kids 16.07.25 - 31.07.25","descriptionShort":"Kids","date":"2025-11-06","amount":18.060000,"amountOpen":0.000000},"parent":{"id":1210425833,"type":50,"typeAsString":"PAYMENT_RUN_TYPE","description":"Zahllauf-Position M--0045-0000001","descriptionShort":"Zahllauf-Position M--0045-0000001","date":"2025-11-10","amount":191.020000,"amountOpen":0.000000},"unlinkCause":null,"linkDate":"2025-11-10","unlinkDate":null,"amount":18.060000},{"child":{"id":1210425833,"type":50,"typeAsString":"PAYMENT_RUN_TYPE","description":"Zahllauf-Position M--0045-0000001","descriptionShort":"Zahllauf-Position M--0045-0000001","date":"2025-11-10","amount":191.020000,"amountOpen":0.000000},"parent":{"id":1210424834,"type":0,"typeAsString":"NEW_CHARGE_TYPE","description":"Kids 16.07.25 - 31.07.25","descriptionShort":"Kids","date":"2025-11-06","amount":18.060000,"amountOpen":0.000000},"unlinkCause":null,"linkDate":"2025-11-10","unlinkDate":null,"amount":18.060000},{"child":{"id":1210424839,"type":0,"typeAsString":"NEW_CHARGE_TYPE","description":"Kids 01.12.25 - 31.12.25","descriptionShort":"Kids","date":"2025-12-01","amount":34.990000,"amountOpen":0.000000},"parent":{"id":1210440566,"type":50,"typeAsString":"PAYMENT_RUN_TYPE","description":"Zahllauf-Position M--0046-0000016","descriptionShort":"Zahllauf-Position M--0046-0000016","date":"2025-12-02","amount":34.990000,"amountOpen":0.000000},"unlinkCause":null,"linkDate":"2025-12-02","unlinkDate":null,"amount":34.990000},{"child":{"id":1210440566,"type":50,"typeAsString":"PAYMENT_RUN_TYPE","description":"Zahllauf-Position M--0046-0000016","descriptionShort":"Zahllauf-Position M--0046-0000016","date":"2025-12-02","amount":34.990000,"amountOpen":0.000000},"parent":{"id":1210424839,"type":0,"typeAsString":"NEW_CHARGE_TYPE","description":"Kids 01.12.25 - 31.12.25","descriptionShort":"Kids","date":"2025-12-01","amount":34.990000,"amountOpen":0.000000},"unlinkCause":null,"linkDate":"2025-12-02","unlinkDate":null,"amount":34.990000}]}