{"uuid":"ead9d7db-41ac-4346-bda7-e29c32979227","customerNumber":"M-25","customerStatus":"Mitglied","gender":"Männlich","title":"Kein Titel","lastName":"Obermaier","secondLastName":null,"firstName":"Robin","secondFirstName":null,"dateOfBirth":"2017-08-01","note":null,"cardNumbers":"","customerTags":"","addresses":[{"street":"Brückenstr.","houseNumber":"1","addition":null,"zip":"84175","city":"Gerzen","country":"DE","additionalInformation":null,"streetType":null,"block":null,"portal":null,"stairway":null,"floor":null,"door":null,"province":null,"secondStreet":null,"buildingName":null,"cityPart":null,"district":null,"addressStatus":"VALID","statusInformation":null,"addressStatusSince":null}],"contact":{"telPrivate":"087449976","telBusiness":null,"telPrivateMobile":"01743843005","telBusinessMobile":null,"email":"AlexandraObermaier@t-online.de"},"paymentMethod":"Lastschrift","bankAccount":{"accountHolder":"Alexandra Obermaier","iban":"DE49743500000004150937","bic":"BYLADEM1LAH","bankName":"Sparkasse Landshut","sepaMandateDtos":[{"sepaMandateStatus":"CONFIRMED","referenceNumber":"MLREFM00025","mandateGivenDate":"2025-07-16","mandateWithdrawnDate":null,"signatureRequired":true,"owner":"STUDIO"}]},"emailStatus":{"type":"NOT_YET_USED","information":""},"importedFrom":"NONE","communicationStop":false,"campaign":null,"taxId":null,"documentIdentificationm":null,"locale":null,"deceased":false,"referralCode":"QJ4ZM","excludedFromReferral":false,"medicalCertificate":null,"aggregatorAssignments":[],"referralType":null,"lead":null}