{"uuid":"ead9d7db-41ac-4346-bda7-e29c32979227","lastName":"Obermaier","firstName":"Robin","dateOfBirth":"2017-08-01","placeOfBirth":null,"countryOfBirth":null,"gender":"Männlich","title":"NONE","taxId":null,"documentNumber":null,"documentType":null,"email":"AlexandraObermaier@t-online.de","addresses":[{"street":"Brückenstr.","houseNumber":"1","addition":null,"zip":"84175","city":"Gerzen","country":"DE","additionalInformation":null,"streetType":null,"block":null,"portal":null,"stairway":null,"floor":null,"door":null,"province":null,"secondStreet":null,"buildingName":null,"cityPart":null,"district":null,"addressStatus":"VALID","statusInformation":null,"addressStatusSince":null}]}