{"timelineItemDtos":[{"activity":"SEPA-Mandat erteilt","creationType":"DEFAULT","userName":"info@tda-intl.com","timeStamp":"2025-11-06T13:52:33.611924+01:00","timelineItemPropertyChangeDtos":[{"property":"SEPA-Mandatsreferenz-Nr.","oldValue":null,"newValue":"MLREFM00025"},{"property":"Status","oldValue":null,"newValue":"CONFIRMED"}]},{"activity":"Mitglied angelegt","creationType":"DEFAULT","userName":"info@tda-intl.com","timeStamp":"2025-11-06T13:52:33.612624+01:00","timelineItemPropertyChangeDtos":[]},{"activity":"Vertrag angelegt","creationType":"DEFAULT","userName":"info@tda-intl.com","timeStamp":"2025-11-06T13:52:33.695512+01:00","timelineItemPropertyChangeDtos":[{"property":"Tarif","oldValue":"Kids","newValue":null},{"property":"Vertragsbeginn","oldValue":"2025-07-16","newValue":null},{"property":"Vertragsende","oldValue":"2026-07-15","newValue":null},{"property":"Nutzungsbeginn","oldValue":null,"newValue":null},{"property":"Laufzeit","oldValue":"12 MONTH","newValue":null},{"property":"Zahlweise","oldValue":"monatlich: 34,99 €","newValue":null},{"property":"Vertragsquelle","oldValue":"Verwaltung","newValue":null}]},{"activity":"Ausstehende E-Mail-Adressen Verifizierung abgelaufen","creationType":"DEFAULT","userName":"system","timeStamp":"2025-11-07T13:52:35.30836+01:00","timelineItemPropertyChangeDtos":[{"property":"E-Mail-Bestätigungs-Status","oldValue":"Warten auf Bestätigung","newValue":"Keine Bestätigung erhalten"}]},{"activity":"Ausstehende E-Mail-Adressen Verifizierung abgelaufen","creationType":"DEFAULT","userName":"system","timeStamp":"2025-11-14T13:52:35.547258+01:00","timelineItemPropertyChangeDtos":[{"property":"E-Mail-Bestätigungs-Status","oldValue":"Warten auf Bestätigung","newValue":"Keine Bestätigung erhalten"}]}]}