{"dtos":[{"child":{"id":1210116963,"type":10,"typeAsString":"NEW_STARTER_PACKAGE_TYPE","description":"Beitrag für Startpaket für Vertrag Erwachsene","descriptionShort":"Erwachsene","date":"2024-07-11","amount":33.000000,"amountOpen":0.000000},"parent":{"id":1210130611,"type":50,"typeAsString":"PAYMENT_RUN_TYPE","description":"Zahllauf-Position M--0019-0000005","descriptionShort":"Zahllauf-Position M--0019-0000005","date":"2024-08-05","amount":125.240000,"amountOpen":0.000000},"unlinkCause":null,"linkDate":"2024-08-05","unlinkDate":null,"amount":33.000000},{"child":{"id":1210130611,"type":50,"typeAsString":"PAYMENT_RUN_TYPE","description":"Zahllauf-Position M--0019-0000005","descriptionShort":"Zahllauf-Position M--0019-0000005","date":"2024-08-05","amount":125.240000,"amountOpen":0.000000},"parent":{"id":1210116963,"type":10,"typeAsString":"NEW_STARTER_PACKAGE_TYPE","description":"Beitrag für Startpaket für Vertrag Erwachsene","descriptionShort":"Erwachsene","date":"2024-07-11","amount":33.000000,"amountOpen":0.000000},"unlinkCause":null,"linkDate":"2024-08-05","unlinkDate":null,"amount":33.000000},{"child":{"id":1210116950,"type":0,"typeAsString":"NEW_CHARGE_TYPE","description":"Erwachsene 11.07.24 - 31.07.24","descriptionShort":"Erwachsene","date":"2024-07-11","amount":37.250000,"amountOpen":0.000000},"parent":{"id":1210130611,"type":50,"typeAsString":"PAYMENT_RUN_TYPE","description":"Zahllauf-Position M--0019-0000005","descriptionShort":"Zahllauf-Position M--0019-0000005","date":"2024-08-05","amount":125.240000,"amountOpen":0.000000},"unlinkCause":null,"linkDate":"2024-08-05","unlinkDate":null,"amount":37.250000},{"child":{"id":1210130611,"type":50,"typeAsString":"PAYMENT_RUN_TYPE","description":"Zahllauf-Position M--0019-0000005","descriptionShort":"Zahllauf-Position M--0019-0000005","date":"2024-08-05","amount":125.240000,"amountOpen":0.000000},"parent":{"id":1210116950,"type":0,"typeAsString":"NEW_CHARGE_TYPE","description":"Erwachsene 11.07.24 - 31.07.24","descriptionShort":"Erwachsene","date":"2024-07-11","amount":37.250000,"amountOpen":0.000000},"unlinkCause":null,"linkDate":"2024-08-05","unlinkDate":null,"amount":37.250000},{"child":{"id":1210116951,"type":0,"typeAsString":"NEW_CHARGE_TYPE","description":"Erwachsene 01.08.24 - 31.08.24","descriptionShort":"Erwachsene","date":"2024-08-01","amount":54.990000,"amountOpen":0.000000},"parent":{"id":1210130611,"type":50,"typeAsString":"PAYMENT_RUN_TYPE","description":"Zahllauf-Position M--0019-0000005","descriptionShort":"Zahllauf-Position M--0019-0000005","date":"2024-08-05","amount":125.240000,"amountOpen":0.000000},"unlinkCause":null,"linkDate":"2024-08-05","unlinkDate":null,"amount":54.990000},{"child":{"id":1210130611,"type":50,"typeAsString":"PAYMENT_RUN_TYPE","description":"Zahllauf-Position M--0019-0000005","descriptionShort":"Zahllauf-Position M--0019-0000005","date":"2024-08-05","amount":125.240000,"amountOpen":0.000000},"parent":{"id":1210116951,"type":0,"typeAsString":"NEW_CHARGE_TYPE","description":"Erwachsene 01.08.24 - 31.08.24","descriptionShort":"Erwachsene","date":"2024-08-01","amount":54.990000,"amountOpen":0.000000},"unlinkCause":null,"linkDate":"2024-08-05","unlinkDate":null,"amount":54.990000},{"child":{"id":1210116952,"type":0,"typeAsString":"NEW_CHARGE_TYPE","description":"Erwachsene 01.09.24 - 30.09.24","descriptionShort":"Erwachsene","date":"2024-09-01","amount":54.990000,"amountOpen":0.000000},"parent":{"id":1210151714,"type":50,"typeAsString":"PAYMENT_RUN_TYPE","description":"Zahllauf-Position M--0020-0000005","descriptionShort":"Zahllauf-Position M--0020-0000005","date":"2024-09-09","amount":54.990000,"amountOpen":0.000000},"unlinkCause":null,"linkDate":"2024-09-09","unlinkDate":null,"amount":54.990000},{"child":{"id":1210151714,"type":50,"typeAsString":"PAYMENT_RUN_TYPE","description":"Zahllauf-Position M--0020-0000005","descriptionShort":"Zahllauf-Position M--0020-0000005","date":"2024-09-09","amount":54.990000,"amountOpen":0.000000},"parent":{"id":1210116952,"type":0,"typeAsString":"NEW_CHARGE_TYPE","description":"Erwachsene 01.09.24 - 30.09.24","descriptionShort":"Erwachsene","date":"2024-09-01","amount":54.990000,"amountOpen":0.000000},"unlinkCause":null,"linkDate":"2024-09-09","unlinkDate":null,"amount":54.990000},{"child":{"id":1210116953,"type":0,"typeAsString":"NEW_CHARGE_TYPE","description":"Erwachsene 01.10.24 - 31.10.24","descriptionShort":"Erwachsene","date":"2024-10-01","amount":54.990000,"amountOpen":0.000000},"parent":{"id":1210169215,"type":50,"typeAsString":"PAYMENT_RUN_TYPE","description":"Zahllauf-Position M--0021-0000005","descriptionShort":"Zahllauf-Position M--0021-0000005","date":"2024-10-04","amount":54.990000,"amountOpen":0.000000},"unlinkCause":null,"linkDate":"2024-10-04","unlinkDate":null,"amount":54.990000},{"child":{"id":1210169215,"type":50,"typeAsString":"PAYMENT_RUN_TYPE","description":"Zahllauf-Position M--0021-0000005","descriptionShort":"Zahllauf-Position M--0021-0000005","date":"2024-10-04","amount":54.990000,"amountOpen":0.000000},"parent":{"id":1210116953,"type":0,"typeAsString":"NEW_CHARGE_TYPE","description":"Erwachsene 01.10.24 - 31.10.24","descriptionShort":"Erwachsene","date":"2024-10-01","amount":54.990000,"amountOpen":0.000000},"unlinkCause":null,"linkDate":"2024-10-04","unlinkDate":null,"amount":54.990000},{"child":{"id":1210116954,"type":0,"typeAsString":"NEW_CHARGE_TYPE","description":"Erwachsene 01.11.24 - 30.11.24","descriptionShort":"Erwachsene","date":"2024-11-01","amount":54.990000,"amountOpen":0.000000},"parent":{"id":1210186362,"type":50,"typeAsString":"PAYMENT_RUN_TYPE","description":"Zahllauf-Position M--0022-0000005","descriptionShort":"Zahllauf-Position M--0022-0000005","date":"2024-11-06","amount":54.990000,"amountOpen":0.000000},"unlinkCause":null,"linkDate":"2024-11-06","unlinkDate":null,"amount":54.990000},{"child":{"id":1210186362,"type":50,"typeAsString":"PAYMENT_RUN_TYPE","description":"Zahllauf-Position M--0022-0000005","descriptionShort":"Zahllauf-Position M--0022-0000005","date":"2024-11-06","amount":54.990000,"amountOpen":0.000000},"parent":{"id":1210116954,"type":0,"typeAsString":"NEW_CHARGE_TYPE","description":"Erwachsene 01.11.24 - 30.11.24","descriptionShort":"Erwachsene","date":"2024-11-01","amount":54.990000,"amountOpen":0.000000},"unlinkCause":null,"linkDate":"2024-11-06","unlinkDate":null,"amount":54.990000},{"child":{"id":1210116955,"type":0,"typeAsString":"NEW_CHARGE_TYPE","description":"Erwachsene 01.12.24 - 31.12.24","descriptionShort":"Erwachsene","date":"2024-12-01","amount":54.990000,"amountOpen":0.000000},"parent":{"id":1210201517,"type":50,"typeAsString":"PAYMENT_RUN_TYPE","description":"Zahllauf-Position M--0024-0000005","descriptionShort":"Zahllauf-Position M--0024-0000005","date":"2024-12-02","amount":54.990000,"amountOpen":0.000000},"unlinkCause":null,"linkDate":"2024-12-02","unlinkDate":null,"amount":54.990000},{"child":{"id":1210201517,"type":50,"typeAsString":"PAYMENT_RUN_TYPE","description":"Zahllauf-Position M--0024-0000005","descriptionShort":"Zahllauf-Position M--0024-0000005","date":"2024-12-02","amount":54.990000,"amountOpen":0.000000},"parent":{"id":1210116955,"type":0,"typeAsString":"NEW_CHARGE_TYPE","description":"Erwachsene 01.12.24 - 31.12.24","descriptionShort":"Erwachsene","date":"2024-12-01","amount":54.990000,"amountOpen":0.000000},"unlinkCause":null,"linkDate":"2024-12-02","unlinkDate":null,"amount":54.990000},{"child":{"id":1210116956,"type":0,"typeAsString":"NEW_CHARGE_TYPE","description":"Erwachsene 01.01.25 - 31.01.25","descriptionShort":"Erwachsene","date":"2025-01-01","amount":54.990000,"amountOpen":0.000000},"parent":{"id":1210221711,"type":50,"typeAsString":"PAYMENT_RUN_TYPE","description":"Zahllauf-Position M--0028-0000006","descriptionShort":"Zahllauf-Position M--0028-0000006","date":"2025-01-01","amount":54.990000,"amountOpen":0.000000},"unlinkCause":null,"linkDate":"2025-01-01","unlinkDate":null,"amount":54.990000},{"child":{"id":1210221711,"type":50,"typeAsString":"PAYMENT_RUN_TYPE","description":"Zahllauf-Position M--0028-0000006","descriptionShort":"Zahllauf-Position M--0028-0000006","date":"2025-01-01","amount":54.990000,"amountOpen":0.000000},"parent":{"id":1210116956,"type":0,"typeAsString":"NEW_CHARGE_TYPE","description":"Erwachsene 01.01.25 - 31.01.25","descriptionShort":"Erwachsene","date":"2025-01-01","amount":54.990000,"amountOpen":0.000000},"unlinkCause":null,"linkDate":"2025-01-01","unlinkDate":null,"amount":54.990000},{"child":{"id":1210116957,"type":0,"typeAsString":"NEW_CHARGE_TYPE","description":"Erwachsene 01.02.25 - 28.02.25","descriptionShort":"Erwachsene","date":"2025-02-01","amount":54.990000,"amountOpen":0.000000},"parent":{"id":1210242132,"type":50,"typeAsString":"PAYMENT_RUN_TYPE","description":"Zahllauf-Position M--0030-0000007","descriptionShort":"Zahllauf-Position M--0030-0000007","date":"2025-02-01","amount":54.990000,"amountOpen":0.000000},"unlinkCause":null,"linkDate":"2025-02-01","unlinkDate":null,"amount":54.990000},{"child":{"id":1210242132,"type":50,"typeAsString":"PAYMENT_RUN_TYPE","description":"Zahllauf-Position M--0030-0000007","descriptionShort":"Zahllauf-Position M--0030-0000007","date":"2025-02-01","amount":54.990000,"amountOpen":0.000000},"parent":{"id":1210116957,"type":0,"typeAsString":"NEW_CHARGE_TYPE","description":"Erwachsene 01.02.25 - 28.02.25","descriptionShort":"Erwachsene","date":"2025-02-01","amount":54.990000,"amountOpen":0.000000},"unlinkCause":null,"linkDate":"2025-02-01","unlinkDate":null,"amount":54.990000},{"child":{"id":1210116958,"type":0,"typeAsString":"NEW_CHARGE_TYPE","description":"Erwachsene 01.03.25 - 31.03.25","descriptionShort":"Erwachsene","date":"2025-03-01","amount":54.990000,"amountOpen":0.000000},"parent":{"id":1210265960,"type":50,"typeAsString":"PAYMENT_RUN_TYPE","description":"Zahllauf-Position M--0032-0000007","descriptionShort":"Zahllauf-Position M--0032-0000007","date":"2025-03-04","amount":54.990000,"amountOpen":0.000000},"unlinkCause":null,"linkDate":"2025-03-04","unlinkDate":null,"amount":54.990000},{"child":{"id":1210265960,"type":50,"typeAsString":"PAYMENT_RUN_TYPE","description":"Zahllauf-Position M--0032-0000007","descriptionShort":"Zahllauf-Position M--0032-0000007","date":"2025-03-04","amount":54.990000,"amountOpen":0.000000},"parent":{"id":1210116958,"type":0,"typeAsString":"NEW_CHARGE_TYPE","description":"Erwachsene 01.03.25 - 31.03.25","descriptionShort":"Erwachsene","date":"2025-03-01","amount":54.990000,"amountOpen":0.000000},"unlinkCause":null,"linkDate":"2025-03-04","unlinkDate":null,"amount":54.990000},{"child":{"id":1210116959,"type":0,"typeAsString":"NEW_CHARGE_TYPE","description":"Erwachsene 01.04.25 - 30.04.25","descriptionShort":"Erwachsene","date":"2025-04-01","amount":54.990000,"amountOpen":0.000000},"parent":{"id":1210282677,"type":50,"typeAsString":"PAYMENT_RUN_TYPE","description":"Zahllauf-Position M--0034-0000007","descriptionShort":"Zahllauf-Position M--0034-0000007","date":"2025-04-01","amount":54.990000,"amountOpen":0.000000},"unlinkCause":null,"linkDate":"2025-04-01","unlinkDate":null,"amount":54.990000},{"child":{"id":1210282677,"type":50,"typeAsString":"PAYMENT_RUN_TYPE","description":"Zahllauf-Position M--0034-0000007","descriptionShort":"Zahllauf-Position M--0034-0000007","date":"2025-04-01","amount":54.990000,"amountOpen":0.000000},"parent":{"id":1210116959,"type":0,"typeAsString":"NEW_CHARGE_TYPE","description":"Erwachsene 01.04.25 - 30.04.25","descriptionShort":"Erwachsene","date":"2025-04-01","amount":54.990000,"amountOpen":0.000000},"unlinkCause":null,"linkDate":"2025-04-01","unlinkDate":null,"amount":54.990000},{"child":{"id":1210116960,"type":0,"typeAsString":"NEW_CHARGE_TYPE","description":"Erwachsene 01.05.25 - 31.05.25","descriptionShort":"Erwachsene","date":"2025-05-01","amount":54.990000,"amountOpen":0.000000},"parent":{"id":1210303328,"type":50,"typeAsString":"PAYMENT_RUN_TYPE","description":"Zahllauf-Position M--0035-0000007","descriptionShort":"Zahllauf-Position M--0035-0000007","date":"2025-05-02","amount":54.990000,"amountOpen":0.000000},"unlinkCause":null,"linkDate":"2025-05-02","unlinkDate":null,"amount":54.990000},{"child":{"id":1210303328,"type":50,"typeAsString":"PAYMENT_RUN_TYPE","description":"Zahllauf-Position M--0035-0000007","descriptionShort":"Zahllauf-Position M--0035-0000007","date":"2025-05-02","amount":54.990000,"amountOpen":0.000000},"parent":{"id":1210116960,"type":0,"typeAsString":"NEW_CHARGE_TYPE","description":"Erwachsene 01.05.25 - 31.05.25","descriptionShort":"Erwachsene","date":"2025-05-01","amount":54.990000,"amountOpen":0.000000},"unlinkCause":null,"linkDate":"2025-05-02","unlinkDate":null,"amount":54.990000},{"child":{"id":1210116961,"type":0,"typeAsString":"NEW_CHARGE_TYPE","description":"Erwachsene 01.06.25 - 30.06.25","descriptionShort":"Erwachsene","date":"2025-06-01","amount":54.990000,"amountOpen":0.000000},"parent":{"id":1210321700,"type":50,"typeAsString":"PAYMENT_RUN_TYPE","description":"Zahllauf-Position M--0036-0000007","descriptionShort":"Zahllauf-Position M--0036-0000007","date":"2025-06-01","amount":54.990000,"amountOpen":0.000000},"unlinkCause":{"id":1210326501,"type":51,"typeAsString":"PAYMENT_RUN_CHARGED_BACK_TYPE","description":"Widerspruch des Kontoinhabers Rückbuchung - M--0036-0000007","descriptionShort":"Widerspruch des Kontoinhabers Rückbuchung - M--0036-0000007","date":"2025-06-03","amount":-54.990000,"amountOpen":0.000000},"linkDate":"2025-06-01","unlinkDate":"2025-06-03","amount":54.990000},{"child":{"id":1210321700,"type":50,"typeAsString":"PAYMENT_RUN_TYPE","description":"Zahllauf-Position M--0036-0000007","descriptionShort":"Zahllauf-Position M--0036-0000007","date":"2025-06-01","amount":54.990000,"amountOpen":0.000000},"parent":{"id":1210116961,"type":0,"typeAsString":"NEW_CHARGE_TYPE","description":"Erwachsene 01.06.25 - 30.06.25","descriptionShort":"Erwachsene","date":"2025-06-01","amount":54.990000,"amountOpen":0.000000},"unlinkCause":{"id":1210326501,"type":51,"typeAsString":"PAYMENT_RUN_CHARGED_BACK_TYPE","description":"Widerspruch des Kontoinhabers Rückbuchung - M--0036-0000007","descriptionShort":"Widerspruch des Kontoinhabers Rückbuchung - M--0036-0000007","date":"2025-06-03","amount":-54.990000,"amountOpen":0.000000},"linkDate":"2025-06-01","unlinkDate":"2025-06-03","amount":54.990000},{"child":{"id":1210321700,"type":50,"typeAsString":"PAYMENT_RUN_TYPE","description":"Zahllauf-Position M--0036-0000007","descriptionShort":"Zahllauf-Position M--0036-0000007","date":"2025-06-01","amount":54.990000,"amountOpen":0.000000},"parent":{"id":1210326501,"type":51,"typeAsString":"PAYMENT_RUN_CHARGED_BACK_TYPE","description":"Widerspruch des Kontoinhabers Rückbuchung - M--0036-0000007","descriptionShort":"Widerspruch des Kontoinhabers Rückbuchung - M--0036-0000007","date":"2025-06-03","amount":-54.990000,"amountOpen":0.000000},"unlinkCause":null,"linkDate":"2025-06-03","unlinkDate":null,"amount":54.990000},{"child":{"id":1210326501,"type":51,"typeAsString":"PAYMENT_RUN_CHARGED_BACK_TYPE","description":"Widerspruch des Kontoinhabers Rückbuchung - M--0036-0000007","descriptionShort":"Widerspruch des Kontoinhabers Rückbuchung - M--0036-0000007","date":"2025-06-03","amount":-54.990000,"amountOpen":0.000000},"parent":{"id":1210321700,"type":50,"typeAsString":"PAYMENT_RUN_TYPE","description":"Zahllauf-Position M--0036-0000007","descriptionShort":"Zahllauf-Position M--0036-0000007","date":"2025-06-01","amount":54.990000,"amountOpen":0.000000},"unlinkCause":null,"linkDate":"2025-06-03","unlinkDate":null,"amount":-54.990000},{"child":{"id":1210326500,"type":4,"typeAsString":"NEW_RETURNED_DEBIT_FEE_TYPE","description":"Rücklastschriftgebühr M--0036-0000007","descriptionShort":"Rücklastschriftgebühr M--0036-0000007","date":"2025-06-03","amount":3.000000,"amountOpen":0.000000},"parent":{"id":1210340188,"type":50,"typeAsString":"PAYMENT_RUN_TYPE","description":"Zahllauf-Position M--0037-0000007","descriptionShort":"Zahllauf-Position M--0037-0000007","date":"2025-07-02","amount":112.980000,"amountOpen":0.000000},"unlinkCause":{"id":1210347621,"type":51,"typeAsString":"PAYMENT_RUN_CHARGED_BACK_TYPE","description":"Widerspruch des Kontoinhabers Rückbuchung - M--0037-0000007","descriptionShort":"Widerspruch des Kontoinhabers Rückbuchung - M--0037-0000007","date":"2025-07-04","amount":-112.980000,"amountOpen":0.000000},"linkDate":"2025-07-02","unlinkDate":"2025-07-04","amount":3.000000},{"child":{"id":1210340188,"type":50,"typeAsString":"PAYMENT_RUN_TYPE","description":"Zahllauf-Position M--0037-0000007","descriptionShort":"Zahllauf-Position M--0037-0000007","date":"2025-07-02","amount":112.980000,"amountOpen":0.000000},"parent":{"id":1210326500,"type":4,"typeAsString":"NEW_RETURNED_DEBIT_FEE_TYPE","description":"Rücklastschriftgebühr M--0036-0000007","descriptionShort":"Rücklastschriftgebühr M--0036-0000007","date":"2025-06-03","amount":3.000000,"amountOpen":0.000000},"unlinkCause":{"id":1210347621,"type":51,"typeAsString":"PAYMENT_RUN_CHARGED_BACK_TYPE","description":"Widerspruch des Kontoinhabers Rückbuchung - M--0037-0000007","descriptionShort":"Widerspruch des Kontoinhabers Rückbuchung - M--0037-0000007","date":"2025-07-04","amount":-112.980000,"amountOpen":0.000000},"linkDate":"2025-07-02","unlinkDate":"2025-07-04","amount":3.000000},{"child":{"id":1210116961,"type":0,"typeAsString":"NEW_CHARGE_TYPE","description":"Erwachsene 01.06.25 - 30.06.25","descriptionShort":"Erwachsene","date":"2025-06-01","amount":54.990000,"amountOpen":0.000000},"parent":{"id":1210340188,"type":50,"typeAsString":"PAYMENT_RUN_TYPE","description":"Zahllauf-Position M--0037-0000007","descriptionShort":"Zahllauf-Position M--0037-0000007","date":"2025-07-02","amount":112.980000,"amountOpen":0.000000},"unlinkCause":{"id":1210347621,"type":51,"typeAsString":"PAYMENT_RUN_CHARGED_BACK_TYPE","description":"Widerspruch des Kontoinhabers Rückbuchung - M--0037-0000007","descriptionShort":"Widerspruch des Kontoinhabers Rückbuchung - M--0037-0000007","date":"2025-07-04","amount":-112.980000,"amountOpen":0.000000},"linkDate":"2025-07-02","unlinkDate":"2025-07-04","amount":54.990000},{"child":{"id":1210340188,"type":50,"typeAsString":"PAYMENT_RUN_TYPE","description":"Zahllauf-Position M--0037-0000007","descriptionShort":"Zahllauf-Position M--0037-0000007","date":"2025-07-02","amount":112.980000,"amountOpen":0.000000},"parent":{"id":1210116961,"type":0,"typeAsString":"NEW_CHARGE_TYPE","description":"Erwachsene 01.06.25 - 30.06.25","descriptionShort":"Erwachsene","date":"2025-06-01","amount":54.990000,"amountOpen":0.000000},"unlinkCause":{"id":1210347621,"type":51,"typeAsString":"PAYMENT_RUN_CHARGED_BACK_TYPE","description":"Widerspruch des Kontoinhabers Rückbuchung - M--0037-0000007","descriptionShort":"Widerspruch des Kontoinhabers Rückbuchung - M--0037-0000007","date":"2025-07-04","amount":-112.980000,"amountOpen":0.000000},"linkDate":"2025-07-02","unlinkDate":"2025-07-04","amount":54.990000},{"child":{"id":1210116962,"type":0,"typeAsString":"NEW_CHARGE_TYPE","description":"Erwachsene 01.07.25 - 31.07.25","descriptionShort":"Erwachsene","date":"2025-07-01","amount":54.990000,"amountOpen":0.000000},"parent":{"id":1210340188,"type":50,"typeAsString":"PAYMENT_RUN_TYPE","description":"Zahllauf-Position M--0037-0000007","descriptionShort":"Zahllauf-Position M--0037-0000007","date":"2025-07-02","amount":112.980000,"amountOpen":0.000000},"unlinkCause":{"id":1210347621,"type":51,"typeAsString":"PAYMENT_RUN_CHARGED_BACK_TYPE","description":"Widerspruch des Kontoinhabers Rückbuchung - M--0037-0000007","descriptionShort":"Widerspruch des Kontoinhabers Rückbuchung - M--0037-0000007","date":"2025-07-04","amount":-112.980000,"amountOpen":0.000000},"linkDate":"2025-07-02","unlinkDate":"2025-07-04","amount":54.990000},{"child":{"id":1210340188,"type":50,"typeAsString":"PAYMENT_RUN_TYPE","description":"Zahllauf-Position M--0037-0000007","descriptionShort":"Zahllauf-Position M--0037-0000007","date":"2025-07-02","amount":112.980000,"amountOpen":0.000000},"parent":{"id":1210116962,"type":0,"typeAsString":"NEW_CHARGE_TYPE","description":"Erwachsene 01.07.25 - 31.07.25","descriptionShort":"Erwachsene","date":"2025-07-01","amount":54.990000,"amountOpen":0.000000},"unlinkCause":{"id":1210347621,"type":51,"typeAsString":"PAYMENT_RUN_CHARGED_BACK_TYPE","description":"Widerspruch des Kontoinhabers Rückbuchung - M--0037-0000007","descriptionShort":"Widerspruch des Kontoinhabers Rückbuchung - M--0037-0000007","date":"2025-07-04","amount":-112.980000,"amountOpen":0.000000},"linkDate":"2025-07-02","unlinkDate":"2025-07-04","amount":54.990000},{"child":{"id":1210340188,"type":50,"typeAsString":"PAYMENT_RUN_TYPE","description":"Zahllauf-Position M--0037-0000007","descriptionShort":"Zahllauf-Position M--0037-0000007","date":"2025-07-02","amount":112.980000,"amountOpen":0.000000},"parent":{"id":1210347621,"type":51,"typeAsString":"PAYMENT_RUN_CHARGED_BACK_TYPE","description":"Widerspruch des Kontoinhabers Rückbuchung - M--0037-0000007","descriptionShort":"Widerspruch des Kontoinhabers Rückbuchung - M--0037-0000007","date":"2025-07-04","amount":-112.980000,"amountOpen":0.000000},"unlinkCause":null,"linkDate":"2025-07-04","unlinkDate":null,"amount":112.980000},{"child":{"id":1210347621,"type":51,"typeAsString":"PAYMENT_RUN_CHARGED_BACK_TYPE","description":"Widerspruch des Kontoinhabers Rückbuchung - M--0037-0000007","descriptionShort":"Widerspruch des Kontoinhabers Rückbuchung - M--0037-0000007","date":"2025-07-04","amount":-112.980000,"amountOpen":0.000000},"parent":{"id":1210340188,"type":50,"typeAsString":"PAYMENT_RUN_TYPE","description":"Zahllauf-Position M--0037-0000007","descriptionShort":"Zahllauf-Position M--0037-0000007","date":"2025-07-02","amount":112.980000,"amountOpen":0.000000},"unlinkCause":null,"linkDate":"2025-07-04","unlinkDate":null,"amount":-112.980000},{"child":{"id":1210326500,"type":4,"typeAsString":"NEW_RETURNED_DEBIT_FEE_TYPE","description":"Rücklastschriftgebühr M--0036-0000007","descriptionShort":"Rücklastschriftgebühr M--0036-0000007","date":"2025-06-03","amount":3.000000,"amountOpen":0.000000},"parent":{"id":1210360651,"type":50,"typeAsString":"PAYMENT_RUN_TYPE","description":"Zahllauf-Position M--0040-0000008","descriptionShort":"Zahllauf-Position M--0040-0000008","date":"2025-08-01","amount":170.970000,"amountOpen":0.000000},"unlinkCause":null,"linkDate":"2025-08-01","unlinkDate":null,"amount":3.000000},{"child":{"id":1210360651,"type":50,"typeAsString":"PAYMENT_RUN_TYPE","description":"Zahllauf-Position M--0040-0000008","descriptionShort":"Zahllauf-Position M--0040-0000008","date":"2025-08-01","amount":170.970000,"amountOpen":0.000000},"parent":{"id":1210326500,"type":4,"typeAsString":"NEW_RETURNED_DEBIT_FEE_TYPE","description":"Rücklastschriftgebühr M--0036-0000007","descriptionShort":"Rücklastschriftgebühr M--0036-0000007","date":"2025-06-03","amount":3.000000,"amountOpen":0.000000},"unlinkCause":null,"linkDate":"2025-08-01","unlinkDate":null,"amount":3.000000},{"child":{"id":1210347620,"type":4,"typeAsString":"NEW_RETURNED_DEBIT_FEE_TYPE","description":"Rücklastschriftgebühr M--0037-0000007","descriptionShort":"Rücklastschriftgebühr M--0037-0000007","date":"2025-07-04","amount":3.000000,"amountOpen":0.000000},"parent":{"id":1210360651,"type":50,"typeAsString":"PAYMENT_RUN_TYPE","description":"Zahllauf-Position M--0040-0000008","descriptionShort":"Zahllauf-Position M--0040-0000008","date":"2025-08-01","amount":170.970000,"amountOpen":0.000000},"unlinkCause":null,"linkDate":"2025-08-01","unlinkDate":null,"amount":3.000000},{"child":{"id":1210360651,"type":50,"typeAsString":"PAYMENT_RUN_TYPE","description":"Zahllauf-Position M--0040-0000008","descriptionShort":"Zahllauf-Position M--0040-0000008","date":"2025-08-01","amount":170.970000,"amountOpen":0.000000},"parent":{"id":1210347620,"type":4,"typeAsString":"NEW_RETURNED_DEBIT_FEE_TYPE","description":"Rücklastschriftgebühr M--0037-0000007","descriptionShort":"Rücklastschriftgebühr M--0037-0000007","date":"2025-07-04","amount":3.000000,"amountOpen":0.000000},"unlinkCause":null,"linkDate":"2025-08-01","unlinkDate":null,"amount":3.000000},{"child":{"id":1210116961,"type":0,"typeAsString":"NEW_CHARGE_TYPE","description":"Erwachsene 01.06.25 - 30.06.25","descriptionShort":"Erwachsene","date":"2025-06-01","amount":54.990000,"amountOpen":0.000000},"parent":{"id":1210360651,"type":50,"typeAsString":"PAYMENT_RUN_TYPE","description":"Zahllauf-Position M--0040-0000008","descriptionShort":"Zahllauf-Position M--0040-0000008","date":"2025-08-01","amount":170.970000,"amountOpen":0.000000},"unlinkCause":null,"linkDate":"2025-08-01","unlinkDate":null,"amount":54.990000},{"child":{"id":1210360651,"type":50,"typeAsString":"PAYMENT_RUN_TYPE","description":"Zahllauf-Position M--0040-0000008","descriptionShort":"Zahllauf-Position M--0040-0000008","date":"2025-08-01","amount":170.970000,"amountOpen":0.000000},"parent":{"id":1210116961,"type":0,"typeAsString":"NEW_CHARGE_TYPE","description":"Erwachsene 01.06.25 - 30.06.25","descriptionShort":"Erwachsene","date":"2025-06-01","amount":54.990000,"amountOpen":0.000000},"unlinkCause":null,"linkDate":"2025-08-01","unlinkDate":null,"amount":54.990000},{"child":{"id":1210295490,"type":0,"typeAsString":"NEW_CHARGE_TYPE","description":"Erwachsene 01.08.25 - 31.08.25","descriptionShort":"Erwachsene","date":"2025-08-01","amount":54.990000,"amountOpen":0.000000},"parent":{"id":1210360651,"type":50,"typeAsString":"PAYMENT_RUN_TYPE","description":"Zahllauf-Position M--0040-0000008","descriptionShort":"Zahllauf-Position M--0040-0000008","date":"2025-08-01","amount":170.970000,"amountOpen":0.000000},"unlinkCause":null,"linkDate":"2025-08-01","unlinkDate":null,"amount":54.990000},{"child":{"id":1210360651,"type":50,"typeAsString":"PAYMENT_RUN_TYPE","description":"Zahllauf-Position M--0040-0000008","descriptionShort":"Zahllauf-Position M--0040-0000008","date":"2025-08-01","amount":170.970000,"amountOpen":0.000000},"parent":{"id":1210295490,"type":0,"typeAsString":"NEW_CHARGE_TYPE","description":"Erwachsene 01.08.25 - 31.08.25","descriptionShort":"Erwachsene","date":"2025-08-01","amount":54.990000,"amountOpen":0.000000},"unlinkCause":null,"linkDate":"2025-08-01","unlinkDate":null,"amount":54.990000},{"child":{"id":1210116962,"type":0,"typeAsString":"NEW_CHARGE_TYPE","description":"Erwachsene 01.07.25 - 31.07.25","descriptionShort":"Erwachsene","date":"2025-07-01","amount":54.990000,"amountOpen":0.000000},"parent":{"id":1210360651,"type":50,"typeAsString":"PAYMENT_RUN_TYPE","description":"Zahllauf-Position M--0040-0000008","descriptionShort":"Zahllauf-Position M--0040-0000008","date":"2025-08-01","amount":170.970000,"amountOpen":0.000000},"unlinkCause":null,"linkDate":"2025-08-01","unlinkDate":null,"amount":54.990000},{"child":{"id":1210360651,"type":50,"typeAsString":"PAYMENT_RUN_TYPE","description":"Zahllauf-Position M--0040-0000008","descriptionShort":"Zahllauf-Position M--0040-0000008","date":"2025-08-01","amount":170.970000,"amountOpen":0.000000},"parent":{"id":1210116962,"type":0,"typeAsString":"NEW_CHARGE_TYPE","description":"Erwachsene 01.07.25 - 31.07.25","descriptionShort":"Erwachsene","date":"2025-07-01","amount":54.990000,"amountOpen":0.000000},"unlinkCause":null,"linkDate":"2025-08-01","unlinkDate":null,"amount":54.990000},{"child":{"id":1210295491,"type":0,"typeAsString":"NEW_CHARGE_TYPE","description":"Erwachsene 01.09.25 - 30.09.25","descriptionShort":"Erwachsene","date":"2025-09-01","amount":54.990000,"amountOpen":0.000000},"parent":{"id":1210377790,"type":50,"typeAsString":"PAYMENT_RUN_TYPE","description":"Zahllauf-Position M--0041-0000008","descriptionShort":"Zahllauf-Position M--0041-0000008","date":"2025-09-01","amount":54.990000,"amountOpen":0.000000},"unlinkCause":null,"linkDate":"2025-09-01","unlinkDate":null,"amount":54.990000},{"child":{"id":1210377790,"type":50,"typeAsString":"PAYMENT_RUN_TYPE","description":"Zahllauf-Position M--0041-0000008","descriptionShort":"Zahllauf-Position M--0041-0000008","date":"2025-09-01","amount":54.990000,"amountOpen":0.000000},"parent":{"id":1210295491,"type":0,"typeAsString":"NEW_CHARGE_TYPE","description":"Erwachsene 01.09.25 - 30.09.25","descriptionShort":"Erwachsene","date":"2025-09-01","amount":54.990000,"amountOpen":0.000000},"unlinkCause":null,"linkDate":"2025-09-01","unlinkDate":null,"amount":54.990000},{"child":{"id":1210295492,"type":0,"typeAsString":"NEW_CHARGE_TYPE","description":"Erwachsene 01.10.25 - 31.10.25","descriptionShort":"Erwachsene","date":"2025-10-01","amount":54.990000,"amountOpen":0.000000},"parent":{"id":1210396977,"type":50,"typeAsString":"PAYMENT_RUN_TYPE","description":"Zahllauf-Position M--0042-0000008","descriptionShort":"Zahllauf-Position M--0042-0000008","date":"2025-10-02","amount":54.990000,"amountOpen":0.000000},"unlinkCause":null,"linkDate":"2025-10-02","unlinkDate":null,"amount":54.990000},{"child":{"id":1210396977,"type":50,"typeAsString":"PAYMENT_RUN_TYPE","description":"Zahllauf-Position M--0042-0000008","descriptionShort":"Zahllauf-Position M--0042-0000008","date":"2025-10-02","amount":54.990000,"amountOpen":0.000000},"parent":{"id":1210295492,"type":0,"typeAsString":"NEW_CHARGE_TYPE","description":"Erwachsene 01.10.25 - 31.10.25","descriptionShort":"Erwachsene","date":"2025-10-01","amount":54.990000,"amountOpen":0.000000},"unlinkCause":null,"linkDate":"2025-10-02","unlinkDate":null,"amount":54.990000},{"child":{"id":1210295493,"type":0,"typeAsString":"NEW_CHARGE_TYPE","description":"Erwachsene 01.11.25 - 30.11.25","descriptionShort":"Erwachsene","date":"2025-11-01","amount":54.990000,"amountOpen":0.000000},"parent":{"id":1210417423,"type":50,"typeAsString":"PAYMENT_RUN_TYPE","description":"Zahllauf-Position M--0043-0000008","descriptionShort":"Zahllauf-Position M--0043-0000008","date":"2025-11-01","amount":54.990000,"amountOpen":0.000000},"unlinkCause":null,"linkDate":"2025-11-01","unlinkDate":null,"amount":54.990000},{"child":{"id":1210417423,"type":50,"typeAsString":"PAYMENT_RUN_TYPE","description":"Zahllauf-Position M--0043-0000008","descriptionShort":"Zahllauf-Position M--0043-0000008","date":"2025-11-01","amount":54.990000,"amountOpen":0.000000},"parent":{"id":1210295493,"type":0,"typeAsString":"NEW_CHARGE_TYPE","description":"Erwachsene 01.11.25 - 30.11.25","descriptionShort":"Erwachsene","date":"2025-11-01","amount":54.990000,"amountOpen":0.000000},"unlinkCause":null,"linkDate":"2025-11-01","unlinkDate":null,"amount":54.990000},{"child":{"id":1210295494,"type":0,"typeAsString":"NEW_CHARGE_TYPE","description":"Erwachsene 01.12.25 - 31.12.25","descriptionShort":"Erwachsene","date":"2025-12-01","amount":54.990000,"amountOpen":0.000000},"parent":{"id":1210440562,"type":50,"typeAsString":"PAYMENT_RUN_TYPE","description":"Zahllauf-Position M--0046-0000008","descriptionShort":"Zahllauf-Position M--0046-0000008","date":"2025-12-02","amount":54.990000,"amountOpen":0.000000},"unlinkCause":null,"linkDate":"2025-12-02","unlinkDate":null,"amount":54.990000},{"child":{"id":1210440562,"type":50,"typeAsString":"PAYMENT_RUN_TYPE","description":"Zahllauf-Position M--0046-0000008","descriptionShort":"Zahllauf-Position M--0046-0000008","date":"2025-12-02","amount":54.990000,"amountOpen":0.000000},"parent":{"id":1210295494,"type":0,"typeAsString":"NEW_CHARGE_TYPE","description":"Erwachsene 01.12.25 - 31.12.25","descriptionShort":"Erwachsene","date":"2025-12-01","amount":54.990000,"amountOpen":0.000000},"unlinkCause":null,"linkDate":"2025-12-02","unlinkDate":null,"amount":54.990000}]}