[{"customerNumber":"M-9","firstName":"Sebastian","lastName":"Schandl","dateOfBirth":"1986-06-13","email":"sebastianschandl@me.com","street":"Lichtenburgerstraße","houseNumber":"17","addition":null,"zip":"84137","city":"Vilsbiburg","country":"Germany","rateName":"Erwachsene","rateTerm":"12M","cancellationPeriod":"3M","paymentFrequency":"1M","chargeAmountAtContractStart":54.99,"chargeAmountCurrent":54.99,"starterPackageAmount":33.000000,"paymentType":"Lastschrift","paymentTypeContract":null,"signedContract":"11.07.2024","startDate":"2024-07-11","startDateOfUse":null,"startDateIncludingPreviousContracts":"2024-07-11","startDateOfUseIncludingPreviousContracts":null,"externalIdentifier":"","countPeriod":2,"endDateCurrentTerm":"2026-07-10","endDate":"2026-07-10","lastPossibleCancellationDate":"2026-04-10","origin":"Verwaltung","campaign":"","extensionType":"Vertragsverlängerung","extensionRate":"","extensionValue":"12M","chargeAmountNextPeriod":null,"cancelledTo":"2026-07-10","cancelledAt":"2025-05-10","cancellationType":"Ordentliche Kündigung","cancellationReason":"Persönliche Gründe","paymentRunGroupName":"Lastschriften Dojo 1.d.M.","paidTimePeriodCalculationType":"Kalendarium","company":null,"externalId":null,"location":null,"voucherCode":null,"imported":null,"voucherType":null,"discountType":null,"voucherAmount":null,"discountEffectivePeriod":null,"discountValidFrom":null,"discountValidUntil":null,"additionalDiscount":null,"additionalDiscountType":null,"additionalDiscountEffectivePeriod":null,"additionalDiscountValidFrom":null,"additionalDiscountValidUntil":null,"voucherBonusPeriodDuration":null,"voucherBonusPeriodType":null,"voucherBonusPeriodStartDate":null,"voucherBonusPeriodEndDate":null,"omitStarterPackage":null,"hasAdditionalVoucher":null,"id":1210116920,"type":"CONTRACT","referenceContractId":null}]