{"uuid":"313deb7f-ff6a-468f-b2f6-1af3047bd067","customerNumber":"M-9","customerStatus":"Mitglied","gender":"Männlich","title":"Kein Titel","lastName":"Schandl","secondLastName":null,"firstName":"Sebastian","secondFirstName":null,"dateOfBirth":"1986-06-13","note":null,"cardNumbers":"","customerTags":"","addresses":[{"street":"Lichtenburgerstraße","houseNumber":"17","addition":null,"zip":"84137","city":"Vilsbiburg","country":"DE","additionalInformation":null,"streetType":null,"block":null,"portal":null,"stairway":null,"floor":null,"door":null,"province":null,"secondStreet":null,"buildingName":null,"cityPart":null,"district":null,"addressStatus":"VALID","statusInformation":null,"addressStatusSince":null}],"contact":{"telPrivate":null,"telBusiness":null,"telPrivateMobile":"016094686596","telBusinessMobile":null,"email":"sebastianschandl@me.com"},"paymentMethod":"Lastschrift","bankAccount":{"accountHolder":"Sebastian Schandl","iban":"DE09743200730011197132","bic":"HYVEDEMM433","bankName":"UniCredit Bank - HypoVereinsbank","sepaMandateDtos":[{"sepaMandateStatus":"CONFIRMED","referenceNumber":"MLREFM00009","mandateGivenDate":"2024-07-11","mandateWithdrawnDate":null,"signatureRequired":true,"owner":"STUDIO"}]},"emailStatus":{"type":"NOT_YET_USED","information":""},"importedFrom":"NONE","communicationStop":false,"campaign":null,"taxId":null,"documentIdentificationm":null,"locale":null,"deceased":false,"referralCode":"QXE5M","excludedFromReferral":false,"medicalCertificate":null,"aggregatorAssignments":[],"referralType":null,"lead":null}