{"uuid":"313deb7f-ff6a-468f-b2f6-1af3047bd067","lastName":"Schandl","firstName":"Sebastian","dateOfBirth":"1986-06-13","placeOfBirth":null,"countryOfBirth":null,"gender":"Männlich","title":"NONE","taxId":null,"documentNumber":null,"documentType":null,"email":"sebastianschandl@me.com","addresses":[{"street":"Lichtenburgerstraße","houseNumber":"17","addition":null,"zip":"84137","city":"Vilsbiburg","country":"DE","additionalInformation":null,"streetType":null,"block":null,"portal":null,"stairway":null,"floor":null,"door":null,"province":null,"secondStreet":null,"buildingName":null,"cityPart":null,"district":null,"addressStatus":"VALID","statusInformation":null,"addressStatusSince":null}]}