{"timelineItemDtos":[{"activity":"SEPA-Mandat erteilt","creationType":"DEFAULT","userName":"info@tda-intl.com","timeStamp":"2024-07-11T08:18:21.365762+02:00","timelineItemPropertyChangeDtos":[{"property":"SEPA-Mandatsreferenz-Nr.","oldValue":null,"newValue":"MLREFM00009"},{"property":"Status","oldValue":null,"newValue":"CONFIRMED"}]},{"activity":"Mitglied angelegt","creationType":"DEFAULT","userName":"info@tda-intl.com","timeStamp":"2024-07-11T08:18:21.366361+02:00","timelineItemPropertyChangeDtos":[]},{"activity":"Vertrag angelegt","creationType":"DEFAULT","userName":"info@tda-intl.com","timeStamp":"2024-07-11T08:18:21.432645+02:00","timelineItemPropertyChangeDtos":[{"property":"Tarif","oldValue":"Erwachsene","newValue":null},{"property":"Vertragsbeginn","oldValue":"2024-07-11","newValue":null},{"property":"Vertragsende","oldValue":"2025-07-10","newValue":null},{"property":"Nutzungsbeginn","oldValue":null,"newValue":null},{"property":"Laufzeit","oldValue":"12 MONTH","newValue":null},{"property":"Zahlweise","oldValue":"monatlich: 54,99 €","newValue":null}]},{"activity":"Vertrag gekündigt","creationType":"DEFAULT","userName":"info@tda-intl.com","timeStamp":"2025-07-03T10:42:22.408607+02:00","timelineItemPropertyChangeDtos":[{"property":"Tarif","oldValue":null,"newValue":"Erwachsene"},{"property":"Eingang der Kündigung","oldValue":null,"newValue":"2025-05-10"},{"property":"Kündigungsart","oldValue":null,"newValue":"ORDINARY"},{"property":"Kündigung zum","oldValue":null,"newValue":"2026-07-10"},{"property":"Kündigungsgrund","oldValue":null,"newValue":"Persönliche Gründe"},{"property":"Gekündigt von","oldValue":null,"newValue":"CUSTOMER"}]}]}