{"dtos":[{"child":{"id":1210445735,"type":0,"typeAsString":"NEW_CHARGE_TYPE","description":"Kids 26.11.25 - 30.11.25","descriptionShort":"Kids","date":"2025-12-03","amount":8.170000,"amountOpen":0.000000},"parent":{"id":1210446140,"type":50,"typeAsString":"PAYMENT_RUN_TYPE","description":"Zahllauf-Position M--0047-0000008","descriptionShort":"Zahllauf-Position M--0047-0000008","date":"2025-12-05","amount":90.170000,"amountOpen":0.000000},"unlinkCause":null,"linkDate":"2025-12-05","unlinkDate":null,"amount":8.170000},{"child":{"id":1210446140,"type":50,"typeAsString":"PAYMENT_RUN_TYPE","description":"Zahllauf-Position M--0047-0000008","descriptionShort":"Zahllauf-Position M--0047-0000008","date":"2025-12-05","amount":90.170000,"amountOpen":0.000000},"parent":{"id":1210445735,"type":0,"typeAsString":"NEW_CHARGE_TYPE","description":"Kids 26.11.25 - 30.11.25","descriptionShort":"Kids","date":"2025-12-03","amount":8.170000,"amountOpen":0.000000},"unlinkCause":null,"linkDate":"2025-12-05","unlinkDate":null,"amount":8.170000},{"child":{"id":1210445736,"type":0,"typeAsString":"NEW_CHARGE_TYPE","description":"Kids 01.12.25 - 31.12.25","descriptionShort":"Kids","date":"2025-12-03","amount":49.000000,"amountOpen":0.000000},"parent":{"id":1210446140,"type":50,"typeAsString":"PAYMENT_RUN_TYPE","description":"Zahllauf-Position M--0047-0000008","descriptionShort":"Zahllauf-Position M--0047-0000008","date":"2025-12-05","amount":90.170000,"amountOpen":0.000000},"unlinkCause":null,"linkDate":"2025-12-05","unlinkDate":null,"amount":49.000000},{"child":{"id":1210446140,"type":50,"typeAsString":"PAYMENT_RUN_TYPE","description":"Zahllauf-Position M--0047-0000008","descriptionShort":"Zahllauf-Position M--0047-0000008","date":"2025-12-05","amount":90.170000,"amountOpen":0.000000},"parent":{"id":1210445736,"type":0,"typeAsString":"NEW_CHARGE_TYPE","description":"Kids 01.12.25 - 31.12.25","descriptionShort":"Kids","date":"2025-12-03","amount":49.000000,"amountOpen":0.000000},"unlinkCause":null,"linkDate":"2025-12-05","unlinkDate":null,"amount":49.000000},{"child":{"id":1210446008,"type":10,"typeAsString":"NEW_STARTER_PACKAGE_TYPE","description":"Beitrag für Startpaket für Vertrag Kids","descriptionShort":"Kids","date":"2025-12-03","amount":33.000000,"amountOpen":0.000000},"parent":{"id":1210446140,"type":50,"typeAsString":"PAYMENT_RUN_TYPE","description":"Zahllauf-Position M--0047-0000008","descriptionShort":"Zahllauf-Position M--0047-0000008","date":"2025-12-05","amount":90.170000,"amountOpen":0.000000},"unlinkCause":null,"linkDate":"2025-12-05","unlinkDate":null,"amount":33.000000},{"child":{"id":1210446140,"type":50,"typeAsString":"PAYMENT_RUN_TYPE","description":"Zahllauf-Position M--0047-0000008","descriptionShort":"Zahllauf-Position M--0047-0000008","date":"2025-12-05","amount":90.170000,"amountOpen":0.000000},"parent":{"id":1210446008,"type":10,"typeAsString":"NEW_STARTER_PACKAGE_TYPE","description":"Beitrag für Startpaket für Vertrag Kids","descriptionShort":"Kids","date":"2025-12-03","amount":33.000000,"amountOpen":0.000000},"unlinkCause":null,"linkDate":"2025-12-05","unlinkDate":null,"amount":33.000000}]}