[{"customerNumber":"M-31","firstName":"Leon","lastName":"Stauder","dateOfBirth":"2017-08-06","email":"stauderfabio@gmail.com","street":"Canevastr","houseNumber":"4","addition":null,"zip":"84494","city":"Neumarkt St. Veit","country":"Germany","rateName":"Kids neu","rateTerm":"12M","cancellationPeriod":"3M","paymentFrequency":"1M","chargeAmountAtContractStart":49.00,"chargeAmountCurrent":49.00,"starterPackageAmount":33.000000,"paymentType":"Lastschrift","paymentTypeContract":null,"signedContract":"26.11.2025","startDate":"2025-11-26","startDateOfUse":null,"startDateIncludingPreviousContracts":"2025-11-26","startDateOfUseIncludingPreviousContracts":null,"externalIdentifier":"","countPeriod":1,"endDateCurrentTerm":"2026-11-25","endDate":"2026-11-25","lastPossibleCancellationDate":"2026-08-25","origin":"Verwaltung","campaign":"","extensionType":"Vertragsverlängerung","extensionRate":"","extensionValue":"12M","chargeAmountNextPeriod":49.00,"cancelledTo":null,"cancelledAt":null,"cancellationType":"","cancellationReason":"","paymentRunGroupName":"Lastschriften Dojo 1.d.M.","paidTimePeriodCalculationType":"Kalendarium","company":null,"externalId":null,"location":null,"voucherCode":null,"imported":null,"voucherType":null,"discountType":null,"voucherAmount":null,"discountEffectivePeriod":null,"discountValidFrom":null,"discountValidUntil":null,"additionalDiscount":null,"additionalDiscountType":null,"additionalDiscountEffectivePeriod":null,"additionalDiscountValidFrom":null,"additionalDiscountValidUntil":null,"voucherBonusPeriodDuration":null,"voucherBonusPeriodType":null,"voucherBonusPeriodStartDate":null,"voucherBonusPeriodEndDate":null,"omitStarterPackage":null,"hasAdditionalVoucher":null,"id":1210444104,"type":"CONTRACT","referenceContractId":null}]