{"uuid":"14735abd-8e3a-4b73-8719-3d9428342eed","customerNumber":"M-31","customerStatus":"Mitglied","gender":"Männlich","title":"Kein Titel","lastName":"Stauder","secondLastName":null,"firstName":"Leon","secondFirstName":null,"dateOfBirth":"2017-08-06","note":null,"cardNumbers":"","customerTags":"","addresses":[{"street":"Canevastr","houseNumber":"4","addition":null,"zip":"84494","city":"Neumarkt St. Veit","country":"DE","additionalInformation":null,"streetType":null,"block":null,"portal":null,"stairway":null,"floor":null,"door":null,"province":null,"secondStreet":null,"buildingName":null,"cityPart":null,"district":null,"addressStatus":"VALID","statusInformation":null,"addressStatusSince":null}],"contact":{"telPrivate":"(08639) 986-1585","telBusiness":null,"telPrivateMobile":"(0171) 659-8120","telBusinessMobile":null,"email":"stauderfabio@gmail.com"},"paymentMethod":"Lastschrift","bankAccount":{"accountHolder":"Fabio Stauder","iban":"DE04711600000007176139","bic":"GENODEF1VRR","bankName":"meine Volksbank Raiffeisenbank","sepaMandateDtos":[{"sepaMandateStatus":"CONFIRMED","referenceNumber":"MLREFM00031","mandateGivenDate":"2025-11-26","mandateWithdrawnDate":null,"signatureRequired":true,"owner":"STUDIO"}]},"emailStatus":{"type":"NOT_YET_USED","information":""},"importedFrom":"NONE","communicationStop":false,"campaign":null,"taxId":null,"documentIdentificationm":null,"locale":null,"deceased":false,"referralCode":"M8X32","excludedFromReferral":false,"medicalCertificate":null,"aggregatorAssignments":[],"referralType":null,"lead":null}