{"uuid":"14735abd-8e3a-4b73-8719-3d9428342eed","lastName":"Stauder","firstName":"Leon","dateOfBirth":"2017-08-06","placeOfBirth":null,"countryOfBirth":null,"gender":"Männlich","title":"NONE","taxId":null,"documentNumber":null,"documentType":null,"email":"stauderfabio@gmail.com","addresses":[{"street":"Canevastr","houseNumber":"4","addition":null,"zip":"84494","city":"Neumarkt St. Veit","country":"DE","additionalInformation":null,"streetType":null,"block":null,"portal":null,"stairway":null,"floor":null,"door":null,"province":null,"secondStreet":null,"buildingName":null,"cityPart":null,"district":null,"addressStatus":"VALID","statusInformation":null,"addressStatusSince":null}]}