{"uuid":"6b173cfa-691f-48c3-b9c7-0999dbf1c212","customerNumber":"M-27","customerStatus":"Mitglied","gender":"Männlich","title":"Kein Titel","lastName":"Lechner","secondLastName":null,"firstName":"Benedikt","secondFirstName":null,"dateOfBirth":"2008-07-30","note":null,"cardNumbers":"","customerTags":"","addresses":[{"street":"Prof-Hasl-Straße","houseNumber":"100a","addition":null,"zip":"84144","city":"Geisenhausen","country":"DE","additionalInformation":null,"streetType":null,"block":null,"portal":null,"stairway":null,"floor":null,"door":null,"province":null,"secondStreet":null,"buildingName":null,"cityPart":null,"district":null,"addressStatus":"VALID","statusInformation":null,"addressStatusSince":null}],"contact":{"telPrivate":"(08743) 91649","telBusiness":null,"telPrivateMobile":"(+49) 151-59858770","telBusinessMobile":null,"email":"benediktlechner@t-online.de"},"paymentMethod":"Lastschrift","bankAccount":{"accountHolder":"Tanja Lechner","iban":"DE16743500000003369129","bic":"BYLADEM1LAH","bankName":"Sparkasse Landshut","sepaMandateDtos":[{"sepaMandateStatus":"CONFIRMED","referenceNumber":"MLREFM00027","mandateGivenDate":"2025-11-30","mandateWithdrawnDate":null,"signatureRequired":true,"owner":"STUDIO"}]},"emailStatus":{"type":"NOT_YET_USED","information":""},"importedFrom":"NONE","communicationStop":false,"campaign":null,"taxId":null,"documentIdentificationm":null,"locale":null,"deceased":false,"referralCode":"QNL02","excludedFromReferral":false,"medicalCertificate":null,"aggregatorAssignments":[],"referralType":null,"lead":null}