{"uuid":"6b173cfa-691f-48c3-b9c7-0999dbf1c212","lastName":"Lechner","firstName":"Benedikt","dateOfBirth":"2008-07-30","placeOfBirth":null,"countryOfBirth":null,"gender":"Männlich","title":"NONE","taxId":null,"documentNumber":null,"documentType":null,"email":"benediktlechner@t-online.de","addresses":[{"street":"Prof-Hasl-Straße","houseNumber":"100a","addition":null,"zip":"84144","city":"Geisenhausen","country":"DE","additionalInformation":null,"streetType":null,"block":null,"portal":null,"stairway":null,"floor":null,"door":null,"province":null,"secondStreet":null,"buildingName":null,"cityPart":null,"district":null,"addressStatus":"VALID","statusInformation":null,"addressStatusSince":null}]}