{"timelineItemDtos":[{"activity":"SEPA-Mandat erteilt","creationType":"DEFAULT","userName":"info@tda-intl.com","timeStamp":"2025-12-03T08:25:31.784836+01:00","timelineItemPropertyChangeDtos":[{"property":"SEPA-Mandatsreferenz-Nr.","oldValue":null,"newValue":"MLREFM00027"},{"property":"Status","oldValue":null,"newValue":"CONFIRMED"}]},{"activity":"Mitglied angelegt","creationType":"DEFAULT","userName":"info@tda-intl.com","timeStamp":"2025-12-03T08:25:31.785192+01:00","timelineItemPropertyChangeDtos":[]},{"activity":"Vertrag angelegt","creationType":"DEFAULT","userName":"info@tda-intl.com","timeStamp":"2025-12-03T08:25:31.83738+01:00","timelineItemPropertyChangeDtos":[{"property":"Tarif","oldValue":"Kids neu","newValue":null},{"property":"Vertragsbeginn","oldValue":"2025-11-30","newValue":null},{"property":"Vertragsende","oldValue":"2026-11-29","newValue":null},{"property":"Nutzungsbeginn","oldValue":null,"newValue":null},{"property":"Laufzeit","oldValue":"12 MONTH","newValue":null},{"property":"Zahlweise","oldValue":"monatlich: 49,00 €","newValue":null},{"property":"Vertragsquelle","oldValue":"Verwaltung","newValue":null}]}]}