{"dtos":[{"child":{"id":1210346630,"type":0,"typeAsString":"NEW_CHARGE_TYPE","description":"Kids 01.06.25 - 30.06.25","descriptionShort":"Kids","date":"2025-07-03","amount":34.990000,"amountOpen":0.000000},"parent":{"id":1210346002,"type":50,"typeAsString":"PAYMENT_RUN_TYPE","description":"Zahllauf-Position M--0039-0000002","descriptionShort":"Zahllauf-Position M--0039-0000002","date":"2025-07-07","amount":168.290000,"amountOpen":0.000000},"unlinkCause":null,"linkDate":"2025-07-07","unlinkDate":null,"amount":34.990000},{"child":{"id":1210346002,"type":50,"typeAsString":"PAYMENT_RUN_TYPE","description":"Zahllauf-Position M--0039-0000002","descriptionShort":"Zahllauf-Position M--0039-0000002","date":"2025-07-07","amount":168.290000,"amountOpen":0.000000},"parent":{"id":1210346630,"type":0,"typeAsString":"NEW_CHARGE_TYPE","description":"Kids 01.06.25 - 30.06.25","descriptionShort":"Kids","date":"2025-07-03","amount":34.990000,"amountOpen":0.000000},"unlinkCause":null,"linkDate":"2025-07-07","unlinkDate":null,"amount":34.990000},{"child":{"id":1210346631,"type":0,"typeAsString":"NEW_CHARGE_TYPE","description":"Kids 01.07.25 - 31.07.25","descriptionShort":"Kids","date":"2025-07-03","amount":34.990000,"amountOpen":0.000000},"parent":{"id":1210346002,"type":50,"typeAsString":"PAYMENT_RUN_TYPE","description":"Zahllauf-Position M--0039-0000002","descriptionShort":"Zahllauf-Position M--0039-0000002","date":"2025-07-07","amount":168.290000,"amountOpen":0.000000},"unlinkCause":null,"linkDate":"2025-07-07","unlinkDate":null,"amount":34.990000},{"child":{"id":1210346002,"type":50,"typeAsString":"PAYMENT_RUN_TYPE","description":"Zahllauf-Position M--0039-0000002","descriptionShort":"Zahllauf-Position M--0039-0000002","date":"2025-07-07","amount":168.290000,"amountOpen":0.000000},"parent":{"id":1210346631,"type":0,"typeAsString":"NEW_CHARGE_TYPE","description":"Kids 01.07.25 - 31.07.25","descriptionShort":"Kids","date":"2025-07-03","amount":34.990000,"amountOpen":0.000000},"unlinkCause":null,"linkDate":"2025-07-07","unlinkDate":null,"amount":34.990000},{"child":{"id":1210346641,"type":10,"typeAsString":"NEW_STARTER_PACKAGE_TYPE","description":"Beitrag für Startpaket für Vertrag Kids","descriptionShort":"Kids","date":"2025-07-03","amount":33.000000,"amountOpen":0.000000},"parent":{"id":1210346002,"type":50,"typeAsString":"PAYMENT_RUN_TYPE","description":"Zahllauf-Position M--0039-0000002","descriptionShort":"Zahllauf-Position M--0039-0000002","date":"2025-07-07","amount":168.290000,"amountOpen":0.000000},"unlinkCause":null,"linkDate":"2025-07-07","unlinkDate":null,"amount":33.000000},{"child":{"id":1210346002,"type":50,"typeAsString":"PAYMENT_RUN_TYPE","description":"Zahllauf-Position M--0039-0000002","descriptionShort":"Zahllauf-Position M--0039-0000002","date":"2025-07-07","amount":168.290000,"amountOpen":0.000000},"parent":{"id":1210346641,"type":10,"typeAsString":"NEW_STARTER_PACKAGE_TYPE","description":"Beitrag für Startpaket für Vertrag Kids","descriptionShort":"Kids","date":"2025-07-03","amount":33.000000,"amountOpen":0.000000},"unlinkCause":null,"linkDate":"2025-07-07","unlinkDate":null,"amount":33.000000},{"child":{"id":1210346378,"type":0,"typeAsString":"NEW_CHARGE_TYPE","description":"Kids 05.04.25 - 30.04.25","descriptionShort":"Kids","date":"2025-07-03","amount":30.320000,"amountOpen":0.000000},"parent":{"id":1210346002,"type":50,"typeAsString":"PAYMENT_RUN_TYPE","description":"Zahllauf-Position M--0039-0000002","descriptionShort":"Zahllauf-Position M--0039-0000002","date":"2025-07-07","amount":168.290000,"amountOpen":0.000000},"unlinkCause":null,"linkDate":"2025-07-07","unlinkDate":null,"amount":30.320000},{"child":{"id":1210346002,"type":50,"typeAsString":"PAYMENT_RUN_TYPE","description":"Zahllauf-Position M--0039-0000002","descriptionShort":"Zahllauf-Position M--0039-0000002","date":"2025-07-07","amount":168.290000,"amountOpen":0.000000},"parent":{"id":1210346378,"type":0,"typeAsString":"NEW_CHARGE_TYPE","description":"Kids 05.04.25 - 30.04.25","descriptionShort":"Kids","date":"2025-07-03","amount":30.320000,"amountOpen":0.000000},"unlinkCause":null,"linkDate":"2025-07-07","unlinkDate":null,"amount":30.320000},{"child":{"id":1210346379,"type":0,"typeAsString":"NEW_CHARGE_TYPE","description":"Kids 01.05.25 - 31.05.25","descriptionShort":"Kids","date":"2025-07-03","amount":34.990000,"amountOpen":0.000000},"parent":{"id":1210346002,"type":50,"typeAsString":"PAYMENT_RUN_TYPE","description":"Zahllauf-Position M--0039-0000002","descriptionShort":"Zahllauf-Position M--0039-0000002","date":"2025-07-07","amount":168.290000,"amountOpen":0.000000},"unlinkCause":null,"linkDate":"2025-07-07","unlinkDate":null,"amount":34.990000},{"child":{"id":1210346002,"type":50,"typeAsString":"PAYMENT_RUN_TYPE","description":"Zahllauf-Position M--0039-0000002","descriptionShort":"Zahllauf-Position M--0039-0000002","date":"2025-07-07","amount":168.290000,"amountOpen":0.000000},"parent":{"id":1210346379,"type":0,"typeAsString":"NEW_CHARGE_TYPE","description":"Kids 01.05.25 - 31.05.25","descriptionShort":"Kids","date":"2025-07-03","amount":34.990000,"amountOpen":0.000000},"unlinkCause":null,"linkDate":"2025-07-07","unlinkDate":null,"amount":34.990000},{"child":{"id":1210346632,"type":0,"typeAsString":"NEW_CHARGE_TYPE","description":"Kids 01.08.25 - 31.08.25","descriptionShort":"Kids","date":"2025-08-01","amount":34.990000,"amountOpen":0.000000},"parent":{"id":1210360723,"type":50,"typeAsString":"PAYMENT_RUN_TYPE","description":"Zahllauf-Position M--0040-0000014","descriptionShort":"Zahllauf-Position M--0040-0000014","date":"2025-08-01","amount":34.990000,"amountOpen":0.000000},"unlinkCause":null,"linkDate":"2025-08-01","unlinkDate":null,"amount":34.990000},{"child":{"id":1210360723,"type":50,"typeAsString":"PAYMENT_RUN_TYPE","description":"Zahllauf-Position M--0040-0000014","descriptionShort":"Zahllauf-Position M--0040-0000014","date":"2025-08-01","amount":34.990000,"amountOpen":0.000000},"parent":{"id":1210346632,"type":0,"typeAsString":"NEW_CHARGE_TYPE","description":"Kids 01.08.25 - 31.08.25","descriptionShort":"Kids","date":"2025-08-01","amount":34.990000,"amountOpen":0.000000},"unlinkCause":null,"linkDate":"2025-08-01","unlinkDate":null,"amount":34.990000},{"child":{"id":1210346633,"type":0,"typeAsString":"NEW_CHARGE_TYPE","description":"Kids 01.09.25 - 30.09.25","descriptionShort":"Kids","date":"2025-09-01","amount":34.990000,"amountOpen":0.000000},"parent":{"id":1210377846,"type":50,"typeAsString":"PAYMENT_RUN_TYPE","description":"Zahllauf-Position M--0041-0000014","descriptionShort":"Zahllauf-Position M--0041-0000014","date":"2025-09-01","amount":34.990000,"amountOpen":0.000000},"unlinkCause":null,"linkDate":"2025-09-01","unlinkDate":null,"amount":34.990000},{"child":{"id":1210377846,"type":50,"typeAsString":"PAYMENT_RUN_TYPE","description":"Zahllauf-Position M--0041-0000014","descriptionShort":"Zahllauf-Position M--0041-0000014","date":"2025-09-01","amount":34.990000,"amountOpen":0.000000},"parent":{"id":1210346633,"type":0,"typeAsString":"NEW_CHARGE_TYPE","description":"Kids 01.09.25 - 30.09.25","descriptionShort":"Kids","date":"2025-09-01","amount":34.990000,"amountOpen":0.000000},"unlinkCause":null,"linkDate":"2025-09-01","unlinkDate":null,"amount":34.990000},{"child":{"id":1210346634,"type":0,"typeAsString":"NEW_CHARGE_TYPE","description":"Kids 01.10.25 - 31.10.25","descriptionShort":"Kids","date":"2025-10-01","amount":34.990000,"amountOpen":0.000000},"parent":{"id":1210396974,"type":50,"typeAsString":"PAYMENT_RUN_TYPE","description":"Zahllauf-Position M--0042-0000014","descriptionShort":"Zahllauf-Position M--0042-0000014","date":"2025-10-02","amount":34.990000,"amountOpen":0.000000},"unlinkCause":null,"linkDate":"2025-10-02","unlinkDate":null,"amount":34.990000},{"child":{"id":1210396974,"type":50,"typeAsString":"PAYMENT_RUN_TYPE","description":"Zahllauf-Position M--0042-0000014","descriptionShort":"Zahllauf-Position M--0042-0000014","date":"2025-10-02","amount":34.990000,"amountOpen":0.000000},"parent":{"id":1210346634,"type":0,"typeAsString":"NEW_CHARGE_TYPE","description":"Kids 01.10.25 - 31.10.25","descriptionShort":"Kids","date":"2025-10-01","amount":34.990000,"amountOpen":0.000000},"unlinkCause":null,"linkDate":"2025-10-02","unlinkDate":null,"amount":34.990000},{"child":{"id":1210346635,"type":0,"typeAsString":"NEW_CHARGE_TYPE","description":"Kids 01.11.25 - 30.11.25","descriptionShort":"Kids","date":"2025-11-01","amount":34.990000,"amountOpen":0.000000},"parent":{"id":1210416943,"type":50,"typeAsString":"PAYMENT_RUN_TYPE","description":"Zahllauf-Position M--0043-0000014","descriptionShort":"Zahllauf-Position M--0043-0000014","date":"2025-11-01","amount":34.990000,"amountOpen":0.000000},"unlinkCause":null,"linkDate":"2025-11-01","unlinkDate":null,"amount":34.990000},{"child":{"id":1210416943,"type":50,"typeAsString":"PAYMENT_RUN_TYPE","description":"Zahllauf-Position M--0043-0000014","descriptionShort":"Zahllauf-Position M--0043-0000014","date":"2025-11-01","amount":34.990000,"amountOpen":0.000000},"parent":{"id":1210346635,"type":0,"typeAsString":"NEW_CHARGE_TYPE","description":"Kids 01.11.25 - 30.11.25","descriptionShort":"Kids","date":"2025-11-01","amount":34.990000,"amountOpen":0.000000},"unlinkCause":null,"linkDate":"2025-11-01","unlinkDate":null,"amount":34.990000},{"child":{"id":1210346636,"type":0,"typeAsString":"NEW_CHARGE_TYPE","description":"Kids 01.12.25 - 31.12.25","descriptionShort":"Kids","date":"2025-12-01","amount":34.990000,"amountOpen":0.000000},"parent":{"id":1210440611,"type":50,"typeAsString":"PAYMENT_RUN_TYPE","description":"Zahllauf-Position M--0046-0000014","descriptionShort":"Zahllauf-Position M--0046-0000014","date":"2025-12-02","amount":34.990000,"amountOpen":0.000000},"unlinkCause":null,"linkDate":"2025-12-02","unlinkDate":null,"amount":34.990000},{"child":{"id":1210440611,"type":50,"typeAsString":"PAYMENT_RUN_TYPE","description":"Zahllauf-Position M--0046-0000014","descriptionShort":"Zahllauf-Position M--0046-0000014","date":"2025-12-02","amount":34.990000,"amountOpen":0.000000},"parent":{"id":1210346636,"type":0,"typeAsString":"NEW_CHARGE_TYPE","description":"Kids 01.12.25 - 31.12.25","descriptionShort":"Kids","date":"2025-12-01","amount":34.990000,"amountOpen":0.000000},"unlinkCause":null,"linkDate":"2025-12-02","unlinkDate":null,"amount":34.990000}]}