[{"customerNumber":"M-24","firstName":"Maximilian","lastName":"Beer","dateOfBirth":"2010-09-18","email":"rainerbeer79@gmail.com","street":"Sarling","houseNumber":"6","addition":null,"zip":"84494","city":"Niederbergkirchen","country":"Germany","rateName":"Kids","rateTerm":"12M","cancellationPeriod":"3M","paymentFrequency":"1M","chargeAmountAtContractStart":34.99,"chargeAmountCurrent":34.99,"starterPackageAmount":33.000000,"paymentType":"Lastschrift","paymentTypeContract":null,"signedContract":"03.07.2025","startDate":"2025-04-05","startDateOfUse":null,"startDateIncludingPreviousContracts":"2025-04-05","startDateOfUseIncludingPreviousContracts":null,"externalIdentifier":"","countPeriod":1,"endDateCurrentTerm":"2026-04-04","endDate":"2026-04-04","lastPossibleCancellationDate":"2026-01-04","origin":"Verwaltung","campaign":"","extensionType":"Vertragsverlängerung","extensionRate":"","extensionValue":"12M","chargeAmountNextPeriod":null,"cancelledTo":"2026-04-04","cancelledAt":"2025-10-01","cancellationType":"Ordentliche Kündigung","cancellationReason":"Unbekannt","paymentRunGroupName":null,"paidTimePeriodCalculationType":"Kalendarium","company":null,"externalId":null,"location":null,"voucherCode":null,"imported":null,"voucherType":null,"discountType":null,"voucherAmount":null,"discountEffectivePeriod":null,"discountValidFrom":null,"discountValidUntil":null,"additionalDiscount":null,"additionalDiscountType":null,"additionalDiscountEffectivePeriod":null,"additionalDiscountValidFrom":null,"additionalDiscountValidUntil":null,"voucherBonusPeriodDuration":null,"voucherBonusPeriodType":null,"voucherBonusPeriodStartDate":null,"voucherBonusPeriodEndDate":null,"omitStarterPackage":null,"hasAdditionalVoucher":null,"id":1210346142,"type":"CONTRACT","referenceContractId":null}]