{"uuid":"747cccae-877b-40cb-a1e8-22bee0cab3ca","customerNumber":"M-24","customerStatus":"Mitglied","gender":"Männlich","title":"Kein Titel","lastName":"Beer","secondLastName":null,"firstName":"Maximilian","secondFirstName":null,"dateOfBirth":"2010-09-18","note":null,"cardNumbers":"","customerTags":"","addresses":[{"street":"Sarling","houseNumber":"6","addition":null,"zip":"84494","city":"Niederbergkirchen","country":"DE","additionalInformation":null,"streetType":null,"block":null,"portal":null,"stairway":null,"floor":null,"door":null,"province":null,"secondStreet":null,"buildingName":null,"cityPart":null,"district":null,"addressStatus":"VALID","statusInformation":null,"addressStatusSince":null}],"contact":{"telPrivate":"(08639) 986707","telBusiness":null,"telPrivateMobile":"(0170) 4759207","telBusinessMobile":null,"email":"rainerbeer79@gmail.com"},"paymentMethod":"Lastschrift","bankAccount":{"accountHolder":"Rainer Beer","iban":"DE93740618130000317772","bic":"GENODEF1PFK","bankName":"VR-Bank Rottal-Inn","sepaMandateDtos":[{"sepaMandateStatus":"CONFIRMED","referenceNumber":"MLREFM00024","mandateGivenDate":"2025-04-05","mandateWithdrawnDate":null,"signatureRequired":true,"owner":"STUDIO"}]},"emailStatus":{"type":"NOT_YET_USED","information":""},"importedFrom":"NONE","communicationStop":false,"campaign":null,"taxId":null,"documentIdentificationm":null,"locale":null,"deceased":false,"referralCode":"QRZKM","excludedFromReferral":false,"medicalCertificate":null,"aggregatorAssignments":[],"referralType":null,"lead":null}