{"uuid":"747cccae-877b-40cb-a1e8-22bee0cab3ca","lastName":"Beer","firstName":"Maximilian","dateOfBirth":"2010-09-18","placeOfBirth":null,"countryOfBirth":null,"gender":"Männlich","title":"NONE","taxId":null,"documentNumber":null,"documentType":null,"email":"rainerbeer79@gmail.com","addresses":[{"street":"Sarling","houseNumber":"6","addition":null,"zip":"84494","city":"Niederbergkirchen","country":"DE","additionalInformation":null,"streetType":null,"block":null,"portal":null,"stairway":null,"floor":null,"door":null,"province":null,"secondStreet":null,"buildingName":null,"cityPart":null,"district":null,"addressStatus":"VALID","statusInformation":null,"addressStatusSince":null}]}