{"timelineItemDtos":[{"activity":"SEPA-Mandat erteilt","creationType":"DEFAULT","userName":"info@tda-intl.com","timeStamp":"2025-07-03T10:28:54.133475+02:00","timelineItemPropertyChangeDtos":[{"property":"SEPA-Mandatsreferenz-Nr.","oldValue":null,"newValue":"MLREFM00024"},{"property":"Status","oldValue":null,"newValue":"CONFIRMED"}]},{"activity":"Mitglied angelegt","creationType":"DEFAULT","userName":"info@tda-intl.com","timeStamp":"2025-07-03T10:28:54.133832+02:00","timelineItemPropertyChangeDtos":[]},{"activity":"Vertrag angelegt","creationType":"DEFAULT","userName":"info@tda-intl.com","timeStamp":"2025-07-03T10:28:54.170819+02:00","timelineItemPropertyChangeDtos":[{"property":"Tarif","oldValue":"Kids","newValue":null},{"property":"Vertragsbeginn","oldValue":"2025-04-05","newValue":null},{"property":"Vertragsende","oldValue":"2026-04-04","newValue":null},{"property":"Nutzungsbeginn","oldValue":null,"newValue":null},{"property":"Laufzeit","oldValue":"12 MONTH","newValue":null},{"property":"Zahlweise","oldValue":"monatlich: 34,99 €","newValue":null}]},{"activity":"Vertrag gekündigt","creationType":"DEFAULT","userName":"info@tda-intl.com","timeStamp":"2025-10-02T08:58:26.636419+02:00","timelineItemPropertyChangeDtos":[{"property":"Tarif","oldValue":null,"newValue":"Kids"},{"property":"Eingang der Kündigung","oldValue":null,"newValue":"2025-10-01"},{"property":"Kündigungsart","oldValue":null,"newValue":"ORDINARY"},{"property":"Kündigung zum","oldValue":null,"newValue":"2026-04-04"},{"property":"Kündigungsgrund","oldValue":null,"newValue":"Unbekannt"},{"property":"Gekündigt von","oldValue":null,"newValue":"CUSTOMER"}]}]}