[{"customerNumber":"M-17","firstName":"Dominic","lastName":"Purtan","dateOfBirth":"2015-12-22","email":"gogu_hq@yahoo.com","street":"Brunnad","houseNumber":"15","addition":null,"zip":"84175","city":"Gerzen","country":"Germany","rateName":"Kids","rateTerm":"12M","cancellationPeriod":"3M","paymentFrequency":"1M","chargeAmountAtContractStart":34.99,"chargeAmountCurrent":34.99,"starterPackageAmount":33.000000,"paymentType":"Lastschrift","paymentTypeContract":null,"signedContract":"04.02.2025","startDate":"2025-02-01","startDateOfUse":null,"startDateIncludingPreviousContracts":"2025-02-01","startDateOfUseIncludingPreviousContracts":null,"externalIdentifier":"","countPeriod":1,"endDateCurrentTerm":"2026-01-31","endDate":"2027-01-31","lastPossibleCancellationDate":"2026-10-31","origin":"Verwaltung","campaign":"","extensionType":"Vertragsverlängerung","extensionRate":"","extensionValue":"12M","chargeAmountNextPeriod":34.99,"cancelledTo":null,"cancelledAt":null,"cancellationType":"","cancellationReason":"","paymentRunGroupName":null,"paidTimePeriodCalculationType":"Kalendarium","company":null,"externalId":null,"location":null,"voucherCode":null,"imported":null,"voucherType":null,"discountType":null,"voucherAmount":null,"discountEffectivePeriod":null,"discountValidFrom":null,"discountValidUntil":null,"additionalDiscount":null,"additionalDiscountType":null,"additionalDiscountEffectivePeriod":null,"additionalDiscountValidFrom":null,"additionalDiscountValidUntil":null,"voucherBonusPeriodDuration":null,"voucherBonusPeriodType":null,"voucherBonusPeriodStartDate":null,"voucherBonusPeriodEndDate":null,"omitStarterPackage":null,"hasAdditionalVoucher":null,"id":1210249701,"type":"CONTRACT","referenceContractId":null}]