{"uuid":"6e41019f-6830-41ae-b7c3-d479f0aca092","customerNumber":"M-17","customerStatus":"Mitglied","gender":"Männlich","title":"Kein Titel","lastName":"Purtan","secondLastName":null,"firstName":"Dominic","secondFirstName":null,"dateOfBirth":"2015-12-22","note":null,"cardNumbers":"","customerTags":"","addresses":[{"street":"Brunnad","houseNumber":"15","addition":null,"zip":"84175","city":"Gerzen","country":"DE","additionalInformation":null,"streetType":null,"block":null,"portal":null,"stairway":null,"floor":null,"door":null,"province":null,"secondStreet":null,"buildingName":null,"cityPart":null,"district":null,"addressStatus":"VALID","statusInformation":null,"addressStatusSince":null}],"contact":{"telPrivate":null,"telBusiness":null,"telPrivateMobile":"(0176) 552-28358","telBusinessMobile":null,"email":"gogu_hq@yahoo.com"},"paymentMethod":"Lastschrift","bankAccount":{"accountHolder":"George Purtan","iban":"DE33743923000003245047","bic":"GENODEF1VBV","bankName":"VR-Bank Isar-Vils","sepaMandateDtos":[{"sepaMandateStatus":"CONFIRMED","referenceNumber":"MLREFM00017","mandateGivenDate":"2025-02-04","mandateWithdrawnDate":null,"signatureRequired":true,"owner":"STUDIO"}]},"emailStatus":{"type":"NOT_YET_USED","information":""},"importedFrom":"NONE","communicationStop":false,"campaign":null,"taxId":null,"documentIdentificationm":null,"locale":null,"deceased":false,"referralCode":"QJY7Q","excludedFromReferral":false,"medicalCertificate":null,"aggregatorAssignments":[],"referralType":null,"lead":null}