{"uuid":"6e41019f-6830-41ae-b7c3-d479f0aca092","lastName":"Purtan","firstName":"Dominic","dateOfBirth":"2015-12-22","placeOfBirth":null,"countryOfBirth":null,"gender":"Männlich","title":"NONE","taxId":null,"documentNumber":null,"documentType":null,"email":"gogu_hq@yahoo.com","addresses":[{"street":"Brunnad","houseNumber":"15","addition":null,"zip":"84175","city":"Gerzen","country":"DE","additionalInformation":null,"streetType":null,"block":null,"portal":null,"stairway":null,"floor":null,"door":null,"province":null,"secondStreet":null,"buildingName":null,"cityPart":null,"district":null,"addressStatus":"VALID","statusInformation":null,"addressStatusSince":null}]}