{"dtos":[{"child":{"id":1210214784,"type":0,"typeAsString":"NEW_CHARGE_TYPE","description":"Kids 01.12.24 - 31.12.24","descriptionShort":"Kids","date":"2024-12-13","amount":34.990000,"amountOpen":0.000000},"parent":{"id":1210215250,"type":50,"typeAsString":"PAYMENT_RUN_TYPE","description":"Zahllauf-Position M--0027-0000001","descriptionShort":"Zahllauf-Position M--0027-0000001","date":"2024-12-17","amount":67.990000,"amountOpen":0.000000},"unlinkCause":null,"linkDate":"2024-12-17","unlinkDate":null,"amount":34.990000},{"child":{"id":1210215250,"type":50,"typeAsString":"PAYMENT_RUN_TYPE","description":"Zahllauf-Position M--0027-0000001","descriptionShort":"Zahllauf-Position M--0027-0000001","date":"2024-12-17","amount":67.990000,"amountOpen":0.000000},"parent":{"id":1210214784,"type":0,"typeAsString":"NEW_CHARGE_TYPE","description":"Kids 01.12.24 - 31.12.24","descriptionShort":"Kids","date":"2024-12-13","amount":34.990000,"amountOpen":0.000000},"unlinkCause":null,"linkDate":"2024-12-17","unlinkDate":null,"amount":34.990000},{"child":{"id":1210215046,"type":10,"typeAsString":"NEW_STARTER_PACKAGE_TYPE","description":"Beitrag für Startpaket für Vertrag Kids","descriptionShort":"Kids","date":"2024-12-13","amount":33.000000,"amountOpen":0.000000},"parent":{"id":1210215250,"type":50,"typeAsString":"PAYMENT_RUN_TYPE","description":"Zahllauf-Position M--0027-0000001","descriptionShort":"Zahllauf-Position M--0027-0000001","date":"2024-12-17","amount":67.990000,"amountOpen":0.000000},"unlinkCause":null,"linkDate":"2024-12-17","unlinkDate":null,"amount":33.000000},{"child":{"id":1210215250,"type":50,"typeAsString":"PAYMENT_RUN_TYPE","description":"Zahllauf-Position M--0027-0000001","descriptionShort":"Zahllauf-Position M--0027-0000001","date":"2024-12-17","amount":67.990000,"amountOpen":0.000000},"parent":{"id":1210215046,"type":10,"typeAsString":"NEW_STARTER_PACKAGE_TYPE","description":"Beitrag für Startpaket für Vertrag Kids","descriptionShort":"Kids","date":"2024-12-13","amount":33.000000,"amountOpen":0.000000},"unlinkCause":null,"linkDate":"2024-12-17","unlinkDate":null,"amount":33.000000},{"child":{"id":1210214785,"type":0,"typeAsString":"NEW_CHARGE_TYPE","description":"Kids 01.01.25 - 31.01.25","descriptionShort":"Kids","date":"2025-01-01","amount":34.990000,"amountOpen":0.000000},"parent":{"id":1210221760,"type":50,"typeAsString":"PAYMENT_RUN_TYPE","description":"Zahllauf-Position M--0028-0000012","descriptionShort":"Zahllauf-Position M--0028-0000012","date":"2025-01-01","amount":34.990000,"amountOpen":0.000000},"unlinkCause":null,"linkDate":"2025-01-01","unlinkDate":null,"amount":34.990000},{"child":{"id":1210221760,"type":50,"typeAsString":"PAYMENT_RUN_TYPE","description":"Zahllauf-Position M--0028-0000012","descriptionShort":"Zahllauf-Position M--0028-0000012","date":"2025-01-01","amount":34.990000,"amountOpen":0.000000},"parent":{"id":1210214785,"type":0,"typeAsString":"NEW_CHARGE_TYPE","description":"Kids 01.01.25 - 31.01.25","descriptionShort":"Kids","date":"2025-01-01","amount":34.990000,"amountOpen":0.000000},"unlinkCause":null,"linkDate":"2025-01-01","unlinkDate":null,"amount":34.990000},{"child":{"id":1210214786,"type":0,"typeAsString":"NEW_CHARGE_TYPE","description":"Kids 01.02.25 - 28.02.25","descriptionShort":"Kids","date":"2025-02-01","amount":34.990000,"amountOpen":0.000000},"parent":{"id":1210242193,"type":50,"typeAsString":"PAYMENT_RUN_TYPE","description":"Zahllauf-Position M--0030-0000013","descriptionShort":"Zahllauf-Position M--0030-0000013","date":"2025-02-01","amount":34.990000,"amountOpen":0.000000},"unlinkCause":null,"linkDate":"2025-02-01","unlinkDate":null,"amount":34.990000},{"child":{"id":1210242193,"type":50,"typeAsString":"PAYMENT_RUN_TYPE","description":"Zahllauf-Position M--0030-0000013","descriptionShort":"Zahllauf-Position M--0030-0000013","date":"2025-02-01","amount":34.990000,"amountOpen":0.000000},"parent":{"id":1210214786,"type":0,"typeAsString":"NEW_CHARGE_TYPE","description":"Kids 01.02.25 - 28.02.25","descriptionShort":"Kids","date":"2025-02-01","amount":34.990000,"amountOpen":0.000000},"unlinkCause":null,"linkDate":"2025-02-01","unlinkDate":null,"amount":34.990000},{"child":{"id":1210214787,"type":0,"typeAsString":"NEW_CHARGE_TYPE","description":"Kids 01.03.25 - 31.03.25","descriptionShort":"Kids","date":"2025-03-01","amount":34.990000,"amountOpen":0.000000},"parent":{"id":1210265910,"type":50,"typeAsString":"PAYMENT_RUN_TYPE","description":"Zahllauf-Position M--0032-0000014","descriptionShort":"Zahllauf-Position M--0032-0000014","date":"2025-03-04","amount":34.990000,"amountOpen":0.000000},"unlinkCause":null,"linkDate":"2025-03-04","unlinkDate":null,"amount":34.990000},{"child":{"id":1210265910,"type":50,"typeAsString":"PAYMENT_RUN_TYPE","description":"Zahllauf-Position M--0032-0000014","descriptionShort":"Zahllauf-Position M--0032-0000014","date":"2025-03-04","amount":34.990000,"amountOpen":0.000000},"parent":{"id":1210214787,"type":0,"typeAsString":"NEW_CHARGE_TYPE","description":"Kids 01.03.25 - 31.03.25","descriptionShort":"Kids","date":"2025-03-01","amount":34.990000,"amountOpen":0.000000},"unlinkCause":null,"linkDate":"2025-03-04","unlinkDate":null,"amount":34.990000},{"child":{"id":1210214788,"type":0,"typeAsString":"NEW_CHARGE_TYPE","description":"Kids 01.04.25 - 30.04.25","descriptionShort":"Kids","date":"2025-04-01","amount":34.990000,"amountOpen":0.000000},"parent":{"id":1210282860,"type":50,"typeAsString":"PAYMENT_RUN_TYPE","description":"Zahllauf-Position M--0034-0000014","descriptionShort":"Zahllauf-Position M--0034-0000014","date":"2025-04-01","amount":34.990000,"amountOpen":0.000000},"unlinkCause":null,"linkDate":"2025-04-01","unlinkDate":null,"amount":34.990000},{"child":{"id":1210282860,"type":50,"typeAsString":"PAYMENT_RUN_TYPE","description":"Zahllauf-Position M--0034-0000014","descriptionShort":"Zahllauf-Position M--0034-0000014","date":"2025-04-01","amount":34.990000,"amountOpen":0.000000},"parent":{"id":1210214788,"type":0,"typeAsString":"NEW_CHARGE_TYPE","description":"Kids 01.04.25 - 30.04.25","descriptionShort":"Kids","date":"2025-04-01","amount":34.990000,"amountOpen":0.000000},"unlinkCause":null,"linkDate":"2025-04-01","unlinkDate":null,"amount":34.990000},{"child":{"id":1210214789,"type":0,"typeAsString":"NEW_CHARGE_TYPE","description":"Kids 01.05.25 - 31.05.25","descriptionShort":"Kids","date":"2025-05-01","amount":34.990000,"amountOpen":0.000000},"parent":{"id":1210303324,"type":50,"typeAsString":"PAYMENT_RUN_TYPE","description":"Zahllauf-Position M--0035-0000014","descriptionShort":"Zahllauf-Position M--0035-0000014","date":"2025-05-02","amount":34.990000,"amountOpen":0.000000},"unlinkCause":null,"linkDate":"2025-05-02","unlinkDate":null,"amount":34.990000},{"child":{"id":1210303324,"type":50,"typeAsString":"PAYMENT_RUN_TYPE","description":"Zahllauf-Position M--0035-0000014","descriptionShort":"Zahllauf-Position M--0035-0000014","date":"2025-05-02","amount":34.990000,"amountOpen":0.000000},"parent":{"id":1210214789,"type":0,"typeAsString":"NEW_CHARGE_TYPE","description":"Kids 01.05.25 - 31.05.25","descriptionShort":"Kids","date":"2025-05-01","amount":34.990000,"amountOpen":0.000000},"unlinkCause":null,"linkDate":"2025-05-02","unlinkDate":null,"amount":34.990000},{"child":{"id":1210215040,"type":0,"typeAsString":"NEW_CHARGE_TYPE","description":"Kids 01.06.25 - 30.06.25","descriptionShort":"Kids","date":"2025-06-01","amount":34.990000,"amountOpen":0.000000},"parent":{"id":1210321752,"type":50,"typeAsString":"PAYMENT_RUN_TYPE","description":"Zahllauf-Position M--0036-0000014","descriptionShort":"Zahllauf-Position M--0036-0000014","date":"2025-06-01","amount":34.990000,"amountOpen":0.000000},"unlinkCause":null,"linkDate":"2025-06-01","unlinkDate":null,"amount":34.990000},{"child":{"id":1210321752,"type":50,"typeAsString":"PAYMENT_RUN_TYPE","description":"Zahllauf-Position M--0036-0000014","descriptionShort":"Zahllauf-Position M--0036-0000014","date":"2025-06-01","amount":34.990000,"amountOpen":0.000000},"parent":{"id":1210215040,"type":0,"typeAsString":"NEW_CHARGE_TYPE","description":"Kids 01.06.25 - 30.06.25","descriptionShort":"Kids","date":"2025-06-01","amount":34.990000,"amountOpen":0.000000},"unlinkCause":null,"linkDate":"2025-06-01","unlinkDate":null,"amount":34.990000},{"child":{"id":1210215041,"type":0,"typeAsString":"NEW_CHARGE_TYPE","description":"Kids 01.07.25 - 31.07.25","descriptionShort":"Kids","date":"2025-07-01","amount":34.990000,"amountOpen":0.000000},"parent":{"id":1210340241,"type":50,"typeAsString":"PAYMENT_RUN_TYPE","description":"Zahllauf-Position M--0037-0000014","descriptionShort":"Zahllauf-Position M--0037-0000014","date":"2025-07-02","amount":34.990000,"amountOpen":0.000000},"unlinkCause":null,"linkDate":"2025-07-02","unlinkDate":null,"amount":34.990000},{"child":{"id":1210340241,"type":50,"typeAsString":"PAYMENT_RUN_TYPE","description":"Zahllauf-Position M--0037-0000014","descriptionShort":"Zahllauf-Position M--0037-0000014","date":"2025-07-02","amount":34.990000,"amountOpen":0.000000},"parent":{"id":1210215041,"type":0,"typeAsString":"NEW_CHARGE_TYPE","description":"Kids 01.07.25 - 31.07.25","descriptionShort":"Kids","date":"2025-07-01","amount":34.990000,"amountOpen":0.000000},"unlinkCause":null,"linkDate":"2025-07-02","unlinkDate":null,"amount":34.990000},{"child":{"id":1210215042,"type":0,"typeAsString":"NEW_CHARGE_TYPE","description":"Kids 01.08.25 - 31.08.25","descriptionShort":"Kids","date":"2025-08-01","amount":34.990000,"amountOpen":0.000000},"parent":{"id":1210360654,"type":50,"typeAsString":"PAYMENT_RUN_TYPE","description":"Zahllauf-Position M--0040-0000016","descriptionShort":"Zahllauf-Position M--0040-0000016","date":"2025-08-01","amount":34.990000,"amountOpen":0.000000},"unlinkCause":null,"linkDate":"2025-08-01","unlinkDate":null,"amount":34.990000},{"child":{"id":1210360654,"type":50,"typeAsString":"PAYMENT_RUN_TYPE","description":"Zahllauf-Position M--0040-0000016","descriptionShort":"Zahllauf-Position M--0040-0000016","date":"2025-08-01","amount":34.990000,"amountOpen":0.000000},"parent":{"id":1210215042,"type":0,"typeAsString":"NEW_CHARGE_TYPE","description":"Kids 01.08.25 - 31.08.25","descriptionShort":"Kids","date":"2025-08-01","amount":34.990000,"amountOpen":0.000000},"unlinkCause":null,"linkDate":"2025-08-01","unlinkDate":null,"amount":34.990000},{"child":{"id":1210215043,"type":0,"typeAsString":"NEW_CHARGE_TYPE","description":"Kids 01.09.25 - 30.09.25","descriptionShort":"Kids","date":"2025-09-01","amount":34.990000,"amountOpen":0.000000},"parent":{"id":1210377796,"type":50,"typeAsString":"PAYMENT_RUN_TYPE","description":"Zahllauf-Position M--0041-0000016","descriptionShort":"Zahllauf-Position M--0041-0000016","date":"2025-09-01","amount":34.990000,"amountOpen":0.000000},"unlinkCause":null,"linkDate":"2025-09-01","unlinkDate":null,"amount":34.990000},{"child":{"id":1210377796,"type":50,"typeAsString":"PAYMENT_RUN_TYPE","description":"Zahllauf-Position M--0041-0000016","descriptionShort":"Zahllauf-Position M--0041-0000016","date":"2025-09-01","amount":34.990000,"amountOpen":0.000000},"parent":{"id":1210215043,"type":0,"typeAsString":"NEW_CHARGE_TYPE","description":"Kids 01.09.25 - 30.09.25","descriptionShort":"Kids","date":"2025-09-01","amount":34.990000,"amountOpen":0.000000},"unlinkCause":null,"linkDate":"2025-09-01","unlinkDate":null,"amount":34.990000},{"child":{"id":1210215044,"type":0,"typeAsString":"NEW_CHARGE_TYPE","description":"Kids 01.10.25 - 31.10.25","descriptionShort":"Kids","date":"2025-10-01","amount":34.990000,"amountOpen":0.000000},"parent":{"id":1210397023,"type":50,"typeAsString":"PAYMENT_RUN_TYPE","description":"Zahllauf-Position M--0042-0000016","descriptionShort":"Zahllauf-Position M--0042-0000016","date":"2025-10-02","amount":34.990000,"amountOpen":0.000000},"unlinkCause":null,"linkDate":"2025-10-02","unlinkDate":null,"amount":34.990000},{"child":{"id":1210397023,"type":50,"typeAsString":"PAYMENT_RUN_TYPE","description":"Zahllauf-Position M--0042-0000016","descriptionShort":"Zahllauf-Position M--0042-0000016","date":"2025-10-02","amount":34.990000,"amountOpen":0.000000},"parent":{"id":1210215044,"type":0,"typeAsString":"NEW_CHARGE_TYPE","description":"Kids 01.10.25 - 31.10.25","descriptionShort":"Kids","date":"2025-10-01","amount":34.990000,"amountOpen":0.000000},"unlinkCause":null,"linkDate":"2025-10-02","unlinkDate":null,"amount":34.990000},{"child":{"id":1210215045,"type":0,"typeAsString":"NEW_CHARGE_TYPE","description":"Kids 01.11.25 - 30.11.25","descriptionShort":"Kids","date":"2025-11-01","amount":34.990000,"amountOpen":0.000000},"parent":{"id":1210416945,"type":50,"typeAsString":"PAYMENT_RUN_TYPE","description":"Zahllauf-Position M--0043-0000016","descriptionShort":"Zahllauf-Position M--0043-0000016","date":"2025-11-01","amount":34.990000,"amountOpen":0.000000},"unlinkCause":null,"linkDate":"2025-11-01","unlinkDate":null,"amount":34.990000},{"child":{"id":1210416945,"type":50,"typeAsString":"PAYMENT_RUN_TYPE","description":"Zahllauf-Position M--0043-0000016","descriptionShort":"Zahllauf-Position M--0043-0000016","date":"2025-11-01","amount":34.990000,"amountOpen":0.000000},"parent":{"id":1210215045,"type":0,"typeAsString":"NEW_CHARGE_TYPE","description":"Kids 01.11.25 - 30.11.25","descriptionShort":"Kids","date":"2025-11-01","amount":34.990000,"amountOpen":0.000000},"unlinkCause":null,"linkDate":"2025-11-01","unlinkDate":null,"amount":34.990000},{"child":{"id":1210380960,"type":0,"typeAsString":"NEW_CHARGE_TYPE","description":"Kids 01.12.25 - 31.12.25","descriptionShort":"Kids","date":"2025-12-01","amount":34.990000,"amountOpen":0.000000},"parent":{"id":1210440567,"type":50,"typeAsString":"PAYMENT_RUN_TYPE","description":"Zahllauf-Position M--0046-0000017","descriptionShort":"Zahllauf-Position M--0046-0000017","date":"2025-12-02","amount":34.990000,"amountOpen":0.000000},"unlinkCause":null,"linkDate":"2025-12-02","unlinkDate":null,"amount":34.990000},{"child":{"id":1210440567,"type":50,"typeAsString":"PAYMENT_RUN_TYPE","description":"Zahllauf-Position M--0046-0000017","descriptionShort":"Zahllauf-Position M--0046-0000017","date":"2025-12-02","amount":34.990000,"amountOpen":0.000000},"parent":{"id":1210380960,"type":0,"typeAsString":"NEW_CHARGE_TYPE","description":"Kids 01.12.25 - 31.12.25","descriptionShort":"Kids","date":"2025-12-01","amount":34.990000,"amountOpen":0.000000},"unlinkCause":null,"linkDate":"2025-12-02","unlinkDate":null,"amount":34.990000}]}