{"uuid":"3ab12903-e9f0-4b73-bdfa-9d225d2a5e79","customerNumber":"M-13","customerStatus":"Mitglied","gender":"Männlich","title":"Kein Titel","lastName":"Sax","secondLastName":null,"firstName":"Korbinian","secondFirstName":null,"dateOfBirth":"2015-06-15","note":null,"cardNumbers":"","customerTags":"","addresses":[{"street":"Gartenstr.","houseNumber":"26a","addition":null,"zip":"84546","city":"Egglkofen","country":"DE","additionalInformation":null,"streetType":null,"block":null,"portal":null,"stairway":null,"floor":null,"door":null,"province":null,"secondStreet":null,"buildingName":null,"cityPart":null,"district":null,"addressStatus":"VALID","statusInformation":null,"addressStatusSince":null}],"contact":{"telPrivate":null,"telBusiness":null,"telPrivateMobile":"016097701280","telBusinessMobile":null,"email":"anita.sax83@gmail.com"},"paymentMethod":"Lastschrift","bankAccount":{"accountHolder":"Tobias Sax","iban":"DE54711510200000878512","bic":"BYLADEM1MDF","bankName":"Sparkasse Altötting-Mühldorf","sepaMandateDtos":[{"sepaMandateStatus":"CONFIRMED","referenceNumber":"MLREFM00013","mandateGivenDate":"2024-12-13","mandateWithdrawnDate":null,"signatureRequired":true,"owner":"STUDIO"}]},"emailStatus":{"type":"NOT_YET_USED","information":""},"importedFrom":"NONE","communicationStop":false,"campaign":null,"taxId":null,"documentIdentificationm":null,"locale":null,"deceased":false,"referralCode":"QJ50Q","excludedFromReferral":false,"medicalCertificate":null,"aggregatorAssignments":[],"referralType":null,"lead":null}