{"uuid":"3ab12903-e9f0-4b73-bdfa-9d225d2a5e79","lastName":"Sax","firstName":"Korbinian","dateOfBirth":"2015-06-15","placeOfBirth":null,"countryOfBirth":null,"gender":"Männlich","title":"NONE","taxId":null,"documentNumber":null,"documentType":null,"email":"anita.sax83@gmail.com","addresses":[{"street":"Gartenstr.","houseNumber":"26a","addition":null,"zip":"84546","city":"Egglkofen","country":"DE","additionalInformation":null,"streetType":null,"block":null,"portal":null,"stairway":null,"floor":null,"door":null,"province":null,"secondStreet":null,"buildingName":null,"cityPart":null,"district":null,"addressStatus":"VALID","statusInformation":null,"addressStatusSince":null}]}