{"uuid":null,"lastName":"Sax","firstName":"Tobias","dateOfBirth":null,"placeOfBirth":null,"countryOfBirth":null,"gender":null,"title":null,"taxId":null,"documentNumber":null,"documentType":null,"email":"anita.sax83@gmail.com","addresses":[{"street":"Gartenstr.","houseNumber":"26a","addition":null,"zip":"84546","city":"Egglkofen","country":"DE","additionalInformation":null,"streetType":null,"block":null,"portal":null,"stairway":null,"floor":null,"door":null,"province":null,"secondStreet":null,"buildingName":null,"cityPart":null,"district":null,"addressStatus":"VALID","statusInformation":null,"addressStatusSince":null}]}