{"timelineItemDtos":[{"activity":"SEPA-Mandat erteilt","creationType":"DEFAULT","userName":"info@tda-intl.com","timeStamp":"2024-12-13T10:20:36.253311+01:00","timelineItemPropertyChangeDtos":[{"property":"SEPA-Mandatsreferenz-Nr.","oldValue":null,"newValue":"MLREFM00013"},{"property":"Status","oldValue":null,"newValue":"CONFIRMED"}]},{"activity":"Mitglied angelegt","creationType":"DEFAULT","userName":"info@tda-intl.com","timeStamp":"2024-12-13T10:20:36.254272+01:00","timelineItemPropertyChangeDtos":[]},{"activity":"Vertrag angelegt","creationType":"DEFAULT","userName":"info@tda-intl.com","timeStamp":"2024-12-13T10:20:36.310123+01:00","timelineItemPropertyChangeDtos":[{"property":"Tarif","oldValue":"Kids","newValue":null},{"property":"Vertragsbeginn","oldValue":"2024-12-01","newValue":null},{"property":"Vertragsende","oldValue":"2025-11-30","newValue":null},{"property":"Nutzungsbeginn","oldValue":null,"newValue":null},{"property":"Laufzeit","oldValue":"12 MONTH","newValue":null},{"property":"Zahlweise","oldValue":"monatlich: 34,99 €","newValue":null}]},{"activity":"Externe Person als gesetzlicher Vertreter hinterlegt","creationType":"DEFAULT","userName":"info@tda-intl.com","timeStamp":"2024-12-13T10:20:50.472787+01:00","timelineItemPropertyChangeDtos":[{"property":"Vorname","oldValue":null,"newValue":"Tobias"},{"property":"Nachname","oldValue":null,"newValue":"Sax"},{"property":"Titel","oldValue":null,"newValue":null},{"property":"Geschlecht","oldValue":null,"newValue":null},{"property":"Geburtstag","oldValue":null,"newValue":null},{"property":"Straße","oldValue":null,"newValue":"Gartenstr."},{"property":"Hausnummer","oldValue":null,"newValue":"26a"},{"property":"PLZ","oldValue":null,"newValue":"84546"},{"property":"Ort","oldValue":null,"newValue":"Egglkofen"},{"property":"Land","oldValue":null,"newValue":"DE"}]}]}