{"dtos":[{"child":{"id":1210019844,"type":10,"typeAsString":"NEW_STARTER_PACKAGE_TYPE","description":"Beitrag für Startpaket für Vertrag Erwachsene","descriptionShort":"Erwachsene","date":"2024-01-27","amount":33.000000,"amountOpen":0.000000},"parent":{"id":1210021672,"type":50,"typeAsString":"PAYMENT_RUN_TYPE","description":"Zahllauf-Position M--0006-0000002","descriptionShort":"Zahllauf-Position M--0006-0000002","date":"2024-02-05","amount":108.470000,"amountOpen":0.000000},"unlinkCause":{"id":1210066534,"type":12,"typeAsString":"DEBT_CLAIM_REVERSAL_TYPE","description":"Storno für Beitrag für Startpaket für Vertrag Erwachsene","descriptionShort":"Storno für Erwachsene","date":"2024-04-19","amount":-33.000000,"amountOpen":0.000000},"linkDate":"2024-02-05","unlinkDate":"2024-04-19","amount":33.000000},{"child":{"id":1210021672,"type":50,"typeAsString":"PAYMENT_RUN_TYPE","description":"Zahllauf-Position M--0006-0000002","descriptionShort":"Zahllauf-Position M--0006-0000002","date":"2024-02-05","amount":108.470000,"amountOpen":0.000000},"parent":{"id":1210019844,"type":10,"typeAsString":"NEW_STARTER_PACKAGE_TYPE","description":"Beitrag für Startpaket für Vertrag Erwachsene","descriptionShort":"Erwachsene","date":"2024-01-27","amount":33.000000,"amountOpen":0.000000},"unlinkCause":{"id":1210066534,"type":12,"typeAsString":"DEBT_CLAIM_REVERSAL_TYPE","description":"Storno für Beitrag für Startpaket für Vertrag Erwachsene","descriptionShort":"Storno für Erwachsene","date":"2024-04-19","amount":-33.000000,"amountOpen":0.000000},"linkDate":"2024-02-05","unlinkDate":"2024-04-19","amount":33.000000},{"child":{"id":1210019841,"type":0,"typeAsString":"NEW_CHARGE_TYPE","description":"Erwachsene 01.02.24 - 29.02.24","descriptionShort":"Erwachsene","date":"2024-02-01","amount":64.990000,"amountOpen":0.000000},"parent":{"id":1210021672,"type":50,"typeAsString":"PAYMENT_RUN_TYPE","description":"Zahllauf-Position M--0006-0000002","descriptionShort":"Zahllauf-Position M--0006-0000002","date":"2024-02-05","amount":108.470000,"amountOpen":0.000000},"unlinkCause":{"id":1210066533,"type":12,"typeAsString":"DEBT_CLAIM_REVERSAL_TYPE","description":"Storno für Erwachsene 01.02.24 - 29.02.24","descriptionShort":"Storno für Erwachsene","date":"2024-04-19","amount":-64.990000,"amountOpen":0.000000},"linkDate":"2024-02-05","unlinkDate":"2024-04-19","amount":64.990000},{"child":{"id":1210021672,"type":50,"typeAsString":"PAYMENT_RUN_TYPE","description":"Zahllauf-Position M--0006-0000002","descriptionShort":"Zahllauf-Position M--0006-0000002","date":"2024-02-05","amount":108.470000,"amountOpen":0.000000},"parent":{"id":1210019841,"type":0,"typeAsString":"NEW_CHARGE_TYPE","description":"Erwachsene 01.02.24 - 29.02.24","descriptionShort":"Erwachsene","date":"2024-02-01","amount":64.990000,"amountOpen":0.000000},"unlinkCause":{"id":1210066533,"type":12,"typeAsString":"DEBT_CLAIM_REVERSAL_TYPE","description":"Storno für Erwachsene 01.02.24 - 29.02.24","descriptionShort":"Storno für Erwachsene","date":"2024-04-19","amount":-64.990000,"amountOpen":0.000000},"linkDate":"2024-02-05","unlinkDate":"2024-04-19","amount":64.990000},{"child":{"id":1210019840,"type":0,"typeAsString":"NEW_CHARGE_TYPE","description":"Erwachsene 27.01.24 - 31.01.24","descriptionShort":"Erwachsene","date":"2024-01-27","amount":10.480000,"amountOpen":0.000000},"parent":{"id":1210021672,"type":50,"typeAsString":"PAYMENT_RUN_TYPE","description":"Zahllauf-Position M--0006-0000002","descriptionShort":"Zahllauf-Position M--0006-0000002","date":"2024-02-05","amount":108.470000,"amountOpen":0.000000},"unlinkCause":{"id":1210066532,"type":12,"typeAsString":"DEBT_CLAIM_REVERSAL_TYPE","description":"Storno für Erwachsene 27.01.24 - 31.01.24","descriptionShort":"Storno für Erwachsene","date":"2024-04-19","amount":-10.480000,"amountOpen":0.000000},"linkDate":"2024-02-05","unlinkDate":"2024-04-19","amount":10.480000},{"child":{"id":1210021672,"type":50,"typeAsString":"PAYMENT_RUN_TYPE","description":"Zahllauf-Position M--0006-0000002","descriptionShort":"Zahllauf-Position M--0006-0000002","date":"2024-02-05","amount":108.470000,"amountOpen":0.000000},"parent":{"id":1210019840,"type":0,"typeAsString":"NEW_CHARGE_TYPE","description":"Erwachsene 27.01.24 - 31.01.24","descriptionShort":"Erwachsene","date":"2024-01-27","amount":10.480000,"amountOpen":0.000000},"unlinkCause":{"id":1210066532,"type":12,"typeAsString":"DEBT_CLAIM_REVERSAL_TYPE","description":"Storno für Erwachsene 27.01.24 - 31.01.24","descriptionShort":"Storno für Erwachsene","date":"2024-04-19","amount":-10.480000,"amountOpen":0.000000},"linkDate":"2024-02-05","unlinkDate":"2024-04-19","amount":10.480000},{"child":{"id":1210019842,"type":0,"typeAsString":"NEW_CHARGE_TYPE","description":"Erwachsene 01.03.24 - 31.03.24","descriptionShort":"Erwachsene","date":"2024-03-01","amount":64.990000,"amountOpen":0.000000},"parent":{"id":1210033880,"type":50,"typeAsString":"PAYMENT_RUN_TYPE","description":"Zahllauf-Position M--0010-0000002","descriptionShort":"Zahllauf-Position M--0010-0000002","date":"2024-03-05","amount":64.990000,"amountOpen":0.000000},"unlinkCause":{"id":1210044361,"type":30,"typeAsString":"PAYMENT_REVERSAL_TYPE","description":"Storno für Zahllauf-Position M--0010-0000002","descriptionShort":"Storno für Zahllauf-Position M--0010-0000002","date":"2024-03-18","amount":-64.990000,"amountOpen":0.000000},"linkDate":"2024-03-05","unlinkDate":"2024-03-18","amount":64.990000},{"child":{"id":1210033880,"type":50,"typeAsString":"PAYMENT_RUN_TYPE","description":"Zahllauf-Position M--0010-0000002","descriptionShort":"Zahllauf-Position M--0010-0000002","date":"2024-03-05","amount":64.990000,"amountOpen":0.000000},"parent":{"id":1210019842,"type":0,"typeAsString":"NEW_CHARGE_TYPE","description":"Erwachsene 01.03.24 - 31.03.24","descriptionShort":"Erwachsene","date":"2024-03-01","amount":64.990000,"amountOpen":0.000000},"unlinkCause":{"id":1210044361,"type":30,"typeAsString":"PAYMENT_REVERSAL_TYPE","description":"Storno für Zahllauf-Position M--0010-0000002","descriptionShort":"Storno für Zahllauf-Position M--0010-0000002","date":"2024-03-18","amount":-64.990000,"amountOpen":0.000000},"linkDate":"2024-03-05","unlinkDate":"2024-03-18","amount":64.990000},{"child":{"id":1210033880,"type":50,"typeAsString":"PAYMENT_RUN_TYPE","description":"Zahllauf-Position M--0010-0000002","descriptionShort":"Zahllauf-Position M--0010-0000002","date":"2024-03-05","amount":64.990000,"amountOpen":0.000000},"parent":{"id":1210044361,"type":30,"typeAsString":"PAYMENT_REVERSAL_TYPE","description":"Storno für Zahllauf-Position M--0010-0000002","descriptionShort":"Storno für Zahllauf-Position M--0010-0000002","date":"2024-03-18","amount":-64.990000,"amountOpen":0.000000},"unlinkCause":null,"linkDate":"2024-03-18","unlinkDate":null,"amount":64.990000},{"child":{"id":1210044361,"type":30,"typeAsString":"PAYMENT_REVERSAL_TYPE","description":"Storno für Zahllauf-Position M--0010-0000002","descriptionShort":"Storno für Zahllauf-Position M--0010-0000002","date":"2024-03-18","amount":-64.990000,"amountOpen":0.000000},"parent":{"id":1210033880,"type":50,"typeAsString":"PAYMENT_RUN_TYPE","description":"Zahllauf-Position M--0010-0000002","descriptionShort":"Zahllauf-Position M--0010-0000002","date":"2024-03-05","amount":64.990000,"amountOpen":0.000000},"unlinkCause":null,"linkDate":"2024-03-18","unlinkDate":null,"amount":-64.990000},{"child":{"id":1210019843,"type":0,"typeAsString":"NEW_CHARGE_TYPE","description":"Erwachsene 01.04.24 - 30.04.24","descriptionShort":"Erwachsene","date":"2024-04-01","amount":64.990000,"amountOpen":0.000000},"parent":{"id":1210054000,"type":50,"typeAsString":"PAYMENT_RUN_TYPE","description":"Zahllauf-Position M--0011-0000002","descriptionShort":"Zahllauf-Position M--0011-0000002","date":"2024-04-03","amount":129.980000,"amountOpen":0.000000},"unlinkCause":{"id":1210066531,"type":12,"typeAsString":"DEBT_CLAIM_REVERSAL_TYPE","description":"Storno für Erwachsene 01.04.24 - 30.04.24","descriptionShort":"Storno für Erwachsene","date":"2024-04-19","amount":-64.990000,"amountOpen":0.000000},"linkDate":"2024-04-03","unlinkDate":"2024-04-19","amount":64.990000},{"child":{"id":1210054000,"type":50,"typeAsString":"PAYMENT_RUN_TYPE","description":"Zahllauf-Position M--0011-0000002","descriptionShort":"Zahllauf-Position M--0011-0000002","date":"2024-04-03","amount":129.980000,"amountOpen":0.000000},"parent":{"id":1210019843,"type":0,"typeAsString":"NEW_CHARGE_TYPE","description":"Erwachsene 01.04.24 - 30.04.24","descriptionShort":"Erwachsene","date":"2024-04-01","amount":64.990000,"amountOpen":0.000000},"unlinkCause":{"id":1210066531,"type":12,"typeAsString":"DEBT_CLAIM_REVERSAL_TYPE","description":"Storno für Erwachsene 01.04.24 - 30.04.24","descriptionShort":"Storno für Erwachsene","date":"2024-04-19","amount":-64.990000,"amountOpen":0.000000},"linkDate":"2024-04-03","unlinkDate":"2024-04-19","amount":64.990000},{"child":{"id":1210019842,"type":0,"typeAsString":"NEW_CHARGE_TYPE","description":"Erwachsene 01.03.24 - 31.03.24","descriptionShort":"Erwachsene","date":"2024-03-01","amount":64.990000,"amountOpen":0.000000},"parent":{"id":1210054000,"type":50,"typeAsString":"PAYMENT_RUN_TYPE","description":"Zahllauf-Position M--0011-0000002","descriptionShort":"Zahllauf-Position M--0011-0000002","date":"2024-04-03","amount":129.980000,"amountOpen":0.000000},"unlinkCause":{"id":1210066530,"type":12,"typeAsString":"DEBT_CLAIM_REVERSAL_TYPE","description":"Storno für Erwachsene 01.03.24 - 31.03.24","descriptionShort":"Storno für Erwachsene","date":"2024-04-19","amount":-64.990000,"amountOpen":0.000000},"linkDate":"2024-04-03","unlinkDate":"2024-04-19","amount":64.990000},{"child":{"id":1210054000,"type":50,"typeAsString":"PAYMENT_RUN_TYPE","description":"Zahllauf-Position M--0011-0000002","descriptionShort":"Zahllauf-Position M--0011-0000002","date":"2024-04-03","amount":129.980000,"amountOpen":0.000000},"parent":{"id":1210019842,"type":0,"typeAsString":"NEW_CHARGE_TYPE","description":"Erwachsene 01.03.24 - 31.03.24","descriptionShort":"Erwachsene","date":"2024-03-01","amount":64.990000,"amountOpen":0.000000},"unlinkCause":{"id":1210066530,"type":12,"typeAsString":"DEBT_CLAIM_REVERSAL_TYPE","description":"Storno für Erwachsene 01.03.24 - 31.03.24","descriptionShort":"Storno für Erwachsene","date":"2024-04-19","amount":-64.990000,"amountOpen":0.000000},"linkDate":"2024-04-03","unlinkDate":"2024-04-19","amount":64.990000},{"child":{"id":1210019842,"type":0,"typeAsString":"NEW_CHARGE_TYPE","description":"Erwachsene 01.03.24 - 31.03.24","descriptionShort":"Erwachsene","date":"2024-03-01","amount":64.990000,"amountOpen":0.000000},"parent":{"id":1210066530,"type":12,"typeAsString":"DEBT_CLAIM_REVERSAL_TYPE","description":"Storno für Erwachsene 01.03.24 - 31.03.24","descriptionShort":"Storno für Erwachsene","date":"2024-04-19","amount":-64.990000,"amountOpen":0.000000},"unlinkCause":null,"linkDate":"2024-04-19","unlinkDate":null,"amount":64.990000},{"child":{"id":1210066530,"type":12,"typeAsString":"DEBT_CLAIM_REVERSAL_TYPE","description":"Storno für Erwachsene 01.03.24 - 31.03.24","descriptionShort":"Storno für Erwachsene","date":"2024-04-19","amount":-64.990000,"amountOpen":0.000000},"parent":{"id":1210019842,"type":0,"typeAsString":"NEW_CHARGE_TYPE","description":"Erwachsene 01.03.24 - 31.03.24","descriptionShort":"Erwachsene","date":"2024-03-01","amount":64.990000,"amountOpen":0.000000},"unlinkCause":null,"linkDate":"2024-04-19","unlinkDate":null,"amount":-64.990000},{"child":{"id":1210019843,"type":0,"typeAsString":"NEW_CHARGE_TYPE","description":"Erwachsene 01.04.24 - 30.04.24","descriptionShort":"Erwachsene","date":"2024-04-01","amount":64.990000,"amountOpen":0.000000},"parent":{"id":1210066531,"type":12,"typeAsString":"DEBT_CLAIM_REVERSAL_TYPE","description":"Storno für Erwachsene 01.04.24 - 30.04.24","descriptionShort":"Storno für Erwachsene","date":"2024-04-19","amount":-64.990000,"amountOpen":0.000000},"unlinkCause":null,"linkDate":"2024-04-19","unlinkDate":null,"amount":64.990000},{"child":{"id":1210066531,"type":12,"typeAsString":"DEBT_CLAIM_REVERSAL_TYPE","description":"Storno für Erwachsene 01.04.24 - 30.04.24","descriptionShort":"Storno für Erwachsene","date":"2024-04-19","amount":-64.990000,"amountOpen":0.000000},"parent":{"id":1210019843,"type":0,"typeAsString":"NEW_CHARGE_TYPE","description":"Erwachsene 01.04.24 - 30.04.24","descriptionShort":"Erwachsene","date":"2024-04-01","amount":64.990000,"amountOpen":0.000000},"unlinkCause":null,"linkDate":"2024-04-19","unlinkDate":null,"amount":-64.990000},{"child":{"id":1210019840,"type":0,"typeAsString":"NEW_CHARGE_TYPE","description":"Erwachsene 27.01.24 - 31.01.24","descriptionShort":"Erwachsene","date":"2024-01-27","amount":10.480000,"amountOpen":0.000000},"parent":{"id":1210066532,"type":12,"typeAsString":"DEBT_CLAIM_REVERSAL_TYPE","description":"Storno für Erwachsene 27.01.24 - 31.01.24","descriptionShort":"Storno für Erwachsene","date":"2024-04-19","amount":-10.480000,"amountOpen":0.000000},"unlinkCause":null,"linkDate":"2024-04-19","unlinkDate":null,"amount":10.480000},{"child":{"id":1210066532,"type":12,"typeAsString":"DEBT_CLAIM_REVERSAL_TYPE","description":"Storno für Erwachsene 27.01.24 - 31.01.24","descriptionShort":"Storno für Erwachsene","date":"2024-04-19","amount":-10.480000,"amountOpen":0.000000},"parent":{"id":1210019840,"type":0,"typeAsString":"NEW_CHARGE_TYPE","description":"Erwachsene 27.01.24 - 31.01.24","descriptionShort":"Erwachsene","date":"2024-01-27","amount":10.480000,"amountOpen":0.000000},"unlinkCause":null,"linkDate":"2024-04-19","unlinkDate":null,"amount":-10.480000},{"child":{"id":1210019841,"type":0,"typeAsString":"NEW_CHARGE_TYPE","description":"Erwachsene 01.02.24 - 29.02.24","descriptionShort":"Erwachsene","date":"2024-02-01","amount":64.990000,"amountOpen":0.000000},"parent":{"id":1210066533,"type":12,"typeAsString":"DEBT_CLAIM_REVERSAL_TYPE","description":"Storno für Erwachsene 01.02.24 - 29.02.24","descriptionShort":"Storno für Erwachsene","date":"2024-04-19","amount":-64.990000,"amountOpen":0.000000},"unlinkCause":null,"linkDate":"2024-04-19","unlinkDate":null,"amount":64.990000},{"child":{"id":1210066533,"type":12,"typeAsString":"DEBT_CLAIM_REVERSAL_TYPE","description":"Storno für Erwachsene 01.02.24 - 29.02.24","descriptionShort":"Storno für Erwachsene","date":"2024-04-19","amount":-64.990000,"amountOpen":0.000000},"parent":{"id":1210019841,"type":0,"typeAsString":"NEW_CHARGE_TYPE","description":"Erwachsene 01.02.24 - 29.02.24","descriptionShort":"Erwachsene","date":"2024-02-01","amount":64.990000,"amountOpen":0.000000},"unlinkCause":null,"linkDate":"2024-04-19","unlinkDate":null,"amount":-64.990000},{"child":{"id":1210019844,"type":10,"typeAsString":"NEW_STARTER_PACKAGE_TYPE","description":"Beitrag für Startpaket für Vertrag Erwachsene","descriptionShort":"Erwachsene","date":"2024-01-27","amount":33.000000,"amountOpen":0.000000},"parent":{"id":1210066534,"type":12,"typeAsString":"DEBT_CLAIM_REVERSAL_TYPE","description":"Storno für Beitrag für Startpaket für Vertrag Erwachsene","descriptionShort":"Storno für Erwachsene","date":"2024-04-19","amount":-33.000000,"amountOpen":0.000000},"unlinkCause":null,"linkDate":"2024-04-19","unlinkDate":null,"amount":33.000000},{"child":{"id":1210066534,"type":12,"typeAsString":"DEBT_CLAIM_REVERSAL_TYPE","description":"Storno für Beitrag für Startpaket für Vertrag Erwachsene","descriptionShort":"Storno für Erwachsene","date":"2024-04-19","amount":-33.000000,"amountOpen":0.000000},"parent":{"id":1210019844,"type":10,"typeAsString":"NEW_STARTER_PACKAGE_TYPE","description":"Beitrag für Startpaket für Vertrag Erwachsene","descriptionShort":"Erwachsene","date":"2024-01-27","amount":33.000000,"amountOpen":0.000000},"unlinkCause":null,"linkDate":"2024-04-19","unlinkDate":null,"amount":-33.000000},{"child":{"id":1210054000,"type":50,"typeAsString":"PAYMENT_RUN_TYPE","description":"Zahllauf-Position M--0011-0000002","descriptionShort":"Zahllauf-Position M--0011-0000002","date":"2024-04-03","amount":129.980000,"amountOpen":0.000000},"parent":{"id":1210066590,"type":60,"typeAsString":"PAYMENT_ABANDONMENT","description":"Ausbuchung einer Zahlung Zahllauf-Position M--0011-0000002","descriptionShort":"Ausbuchung einer Zahlung","date":"2024-04-19","amount":-129.980000,"amountOpen":0.000000},"unlinkCause":{"id":1210066741,"type":30,"typeAsString":"PAYMENT_REVERSAL_TYPE","description":"Storno für Zahllauf-Position M--0011-0000002","descriptionShort":"Storno für Ausbuchung einer Zahlung","date":"2024-04-19","amount":129.980000,"amountOpen":0.000000},"linkDate":"2024-04-19","unlinkDate":"2024-04-19","amount":129.980000},{"child":{"id":1210066590,"type":60,"typeAsString":"PAYMENT_ABANDONMENT","description":"Ausbuchung einer Zahlung Zahllauf-Position M--0011-0000002","descriptionShort":"Ausbuchung einer Zahlung","date":"2024-04-19","amount":-129.980000,"amountOpen":0.000000},"parent":{"id":1210054000,"type":50,"typeAsString":"PAYMENT_RUN_TYPE","description":"Zahllauf-Position M--0011-0000002","descriptionShort":"Zahllauf-Position M--0011-0000002","date":"2024-04-03","amount":129.980000,"amountOpen":0.000000},"unlinkCause":{"id":1210066741,"type":30,"typeAsString":"PAYMENT_REVERSAL_TYPE","description":"Storno für Zahllauf-Position M--0011-0000002","descriptionShort":"Storno für Ausbuchung einer Zahlung","date":"2024-04-19","amount":129.980000,"amountOpen":0.000000},"linkDate":"2024-04-19","unlinkDate":"2024-04-19","amount":-129.980000},{"child":{"id":1210021672,"type":50,"typeAsString":"PAYMENT_RUN_TYPE","description":"Zahllauf-Position M--0006-0000002","descriptionShort":"Zahllauf-Position M--0006-0000002","date":"2024-02-05","amount":108.470000,"amountOpen":0.000000},"parent":{"id":1210066486,"type":60,"typeAsString":"PAYMENT_ABANDONMENT","description":"Ausbuchung einer Zahlung Zahllauf-Position M--0006-0000002","descriptionShort":"Ausbuchung einer Zahlung","date":"2024-04-19","amount":-108.470000,"amountOpen":0.000000},"unlinkCause":null,"linkDate":"2024-04-19","unlinkDate":null,"amount":108.470000},{"child":{"id":1210066486,"type":60,"typeAsString":"PAYMENT_ABANDONMENT","description":"Ausbuchung einer Zahlung Zahllauf-Position M--0006-0000002","descriptionShort":"Ausbuchung einer Zahlung","date":"2024-04-19","amount":-108.470000,"amountOpen":0.000000},"parent":{"id":1210021672,"type":50,"typeAsString":"PAYMENT_RUN_TYPE","description":"Zahllauf-Position M--0006-0000002","descriptionShort":"Zahllauf-Position M--0006-0000002","date":"2024-02-05","amount":108.470000,"amountOpen":0.000000},"unlinkCause":null,"linkDate":"2024-04-19","unlinkDate":null,"amount":-108.470000},{"child":{"id":1210054000,"type":50,"typeAsString":"PAYMENT_RUN_TYPE","description":"Zahllauf-Position M--0011-0000002","descriptionShort":"Zahllauf-Position M--0011-0000002","date":"2024-04-03","amount":129.980000,"amountOpen":0.000000},"parent":{"id":1210066742,"type":30,"typeAsString":"PAYMENT_REVERSAL_TYPE","description":"Storno für Zahllauf-Position M--0011-0000002","descriptionShort":"Storno für Zahllauf-Position M--0011-0000002","date":"2024-04-19","amount":-129.980000,"amountOpen":0.000000},"unlinkCause":null,"linkDate":"2024-04-19","unlinkDate":null,"amount":129.980000},{"child":{"id":1210066742,"type":30,"typeAsString":"PAYMENT_REVERSAL_TYPE","description":"Storno für Zahllauf-Position M--0011-0000002","descriptionShort":"Storno für Zahllauf-Position M--0011-0000002","date":"2024-04-19","amount":-129.980000,"amountOpen":0.000000},"parent":{"id":1210054000,"type":50,"typeAsString":"PAYMENT_RUN_TYPE","description":"Zahllauf-Position M--0011-0000002","descriptionShort":"Zahllauf-Position M--0011-0000002","date":"2024-04-03","amount":129.980000,"amountOpen":0.000000},"unlinkCause":null,"linkDate":"2024-04-19","unlinkDate":null,"amount":-129.980000},{"child":{"id":1210066590,"type":60,"typeAsString":"PAYMENT_ABANDONMENT","description":"Ausbuchung einer Zahlung Zahllauf-Position M--0011-0000002","descriptionShort":"Ausbuchung einer Zahlung","date":"2024-04-19","amount":-129.980000,"amountOpen":0.000000},"parent":{"id":1210066741,"type":30,"typeAsString":"PAYMENT_REVERSAL_TYPE","description":"Storno für Zahllauf-Position M--0011-0000002","descriptionShort":"Storno für Ausbuchung einer Zahlung","date":"2024-04-19","amount":129.980000,"amountOpen":0.000000},"unlinkCause":null,"linkDate":"2024-04-19","unlinkDate":null,"amount":-129.980000},{"child":{"id":1210066741,"type":30,"typeAsString":"PAYMENT_REVERSAL_TYPE","description":"Storno für Zahllauf-Position M--0011-0000002","descriptionShort":"Storno für Ausbuchung einer Zahlung","date":"2024-04-19","amount":129.980000,"amountOpen":0.000000},"parent":{"id":1210066590,"type":60,"typeAsString":"PAYMENT_ABANDONMENT","description":"Ausbuchung einer Zahlung Zahllauf-Position M--0011-0000002","descriptionShort":"Ausbuchung einer Zahlung","date":"2024-04-19","amount":-129.980000,"amountOpen":0.000000},"unlinkCause":null,"linkDate":"2024-04-19","unlinkDate":null,"amount":129.980000},{"child":{"id":1210066644,"type":0,"typeAsString":"NEW_CHARGE_TYPE","description":"Erwachsene 27.01.24 - 31.01.24","descriptionShort":"Erwachsene","date":"2024-04-19","amount":10.480000,"amountOpen":0.000000},"parent":{"id":1210066747,"type":50,"typeAsString":"PAYMENT_RUN_TYPE","description":"Zahllauf-Position M--0012-0000003","descriptionShort":"Zahllauf-Position M--0012-0000003","date":"2024-04-23","amount":238.450000,"amountOpen":0.000000},"unlinkCause":{"id":1210066749,"type":30,"typeAsString":"PAYMENT_REVERSAL_TYPE","description":"Storno für Zahllauf-Position M--0012-0000003","descriptionShort":"Storno für Zahllauf-Position M--0012-0000003","date":"2024-04-23","amount":-238.450000,"amountOpen":0.000000},"linkDate":"2024-04-23","unlinkDate":"2024-04-23","amount":10.480000},{"child":{"id":1210066747,"type":50,"typeAsString":"PAYMENT_RUN_TYPE","description":"Zahllauf-Position M--0012-0000003","descriptionShort":"Zahllauf-Position M--0012-0000003","date":"2024-04-23","amount":238.450000,"amountOpen":0.000000},"parent":{"id":1210066644,"type":0,"typeAsString":"NEW_CHARGE_TYPE","description":"Erwachsene 27.01.24 - 31.01.24","descriptionShort":"Erwachsene","date":"2024-04-19","amount":10.480000,"amountOpen":0.000000},"unlinkCause":{"id":1210066749,"type":30,"typeAsString":"PAYMENT_REVERSAL_TYPE","description":"Storno für Zahllauf-Position M--0012-0000003","descriptionShort":"Storno für Zahllauf-Position M--0012-0000003","date":"2024-04-23","amount":-238.450000,"amountOpen":0.000000},"linkDate":"2024-04-23","unlinkDate":"2024-04-23","amount":10.480000},{"child":{"id":1210066645,"type":0,"typeAsString":"NEW_CHARGE_TYPE","description":"Erwachsene 01.02.24 - 29.02.24","descriptionShort":"Erwachsene","date":"2024-04-19","amount":64.990000,"amountOpen":0.000000},"parent":{"id":1210066747,"type":50,"typeAsString":"PAYMENT_RUN_TYPE","description":"Zahllauf-Position M--0012-0000003","descriptionShort":"Zahllauf-Position M--0012-0000003","date":"2024-04-23","amount":238.450000,"amountOpen":0.000000},"unlinkCause":{"id":1210066749,"type":30,"typeAsString":"PAYMENT_REVERSAL_TYPE","description":"Storno für Zahllauf-Position M--0012-0000003","descriptionShort":"Storno für Zahllauf-Position M--0012-0000003","date":"2024-04-23","amount":-238.450000,"amountOpen":0.000000},"linkDate":"2024-04-23","unlinkDate":"2024-04-23","amount":64.990000},{"child":{"id":1210066747,"type":50,"typeAsString":"PAYMENT_RUN_TYPE","description":"Zahllauf-Position M--0012-0000003","descriptionShort":"Zahllauf-Position M--0012-0000003","date":"2024-04-23","amount":238.450000,"amountOpen":0.000000},"parent":{"id":1210066645,"type":0,"typeAsString":"NEW_CHARGE_TYPE","description":"Erwachsene 01.02.24 - 29.02.24","descriptionShort":"Erwachsene","date":"2024-04-19","amount":64.990000,"amountOpen":0.000000},"unlinkCause":{"id":1210066749,"type":30,"typeAsString":"PAYMENT_REVERSAL_TYPE","description":"Storno für Zahllauf-Position M--0012-0000003","descriptionShort":"Storno für Zahllauf-Position M--0012-0000003","date":"2024-04-23","amount":-238.450000,"amountOpen":0.000000},"linkDate":"2024-04-23","unlinkDate":"2024-04-23","amount":64.990000},{"child":{"id":1210066646,"type":0,"typeAsString":"NEW_CHARGE_TYPE","description":"Erwachsene 01.03.24 - 31.03.24","descriptionShort":"Erwachsene","date":"2024-04-19","amount":64.990000,"amountOpen":0.000000},"parent":{"id":1210066747,"type":50,"typeAsString":"PAYMENT_RUN_TYPE","description":"Zahllauf-Position M--0012-0000003","descriptionShort":"Zahllauf-Position M--0012-0000003","date":"2024-04-23","amount":238.450000,"amountOpen":0.000000},"unlinkCause":{"id":1210066749,"type":30,"typeAsString":"PAYMENT_REVERSAL_TYPE","description":"Storno für Zahllauf-Position M--0012-0000003","descriptionShort":"Storno für Zahllauf-Position M--0012-0000003","date":"2024-04-23","amount":-238.450000,"amountOpen":0.000000},"linkDate":"2024-04-23","unlinkDate":"2024-04-23","amount":64.990000},{"child":{"id":1210066747,"type":50,"typeAsString":"PAYMENT_RUN_TYPE","description":"Zahllauf-Position M--0012-0000003","descriptionShort":"Zahllauf-Position M--0012-0000003","date":"2024-04-23","amount":238.450000,"amountOpen":0.000000},"parent":{"id":1210066646,"type":0,"typeAsString":"NEW_CHARGE_TYPE","description":"Erwachsene 01.03.24 - 31.03.24","descriptionShort":"Erwachsene","date":"2024-04-19","amount":64.990000,"amountOpen":0.000000},"unlinkCause":{"id":1210066749,"type":30,"typeAsString":"PAYMENT_REVERSAL_TYPE","description":"Storno für Zahllauf-Position M--0012-0000003","descriptionShort":"Storno für Zahllauf-Position M--0012-0000003","date":"2024-04-23","amount":-238.450000,"amountOpen":0.000000},"linkDate":"2024-04-23","unlinkDate":"2024-04-23","amount":64.990000},{"child":{"id":1210066647,"type":0,"typeAsString":"NEW_CHARGE_TYPE","description":"Erwachsene 01.04.24 - 30.04.24","descriptionShort":"Erwachsene","date":"2024-04-19","amount":64.990000,"amountOpen":0.000000},"parent":{"id":1210066747,"type":50,"typeAsString":"PAYMENT_RUN_TYPE","description":"Zahllauf-Position M--0012-0000003","descriptionShort":"Zahllauf-Position M--0012-0000003","date":"2024-04-23","amount":238.450000,"amountOpen":0.000000},"unlinkCause":{"id":1210066749,"type":30,"typeAsString":"PAYMENT_REVERSAL_TYPE","description":"Storno für Zahllauf-Position M--0012-0000003","descriptionShort":"Storno für Zahllauf-Position M--0012-0000003","date":"2024-04-23","amount":-238.450000,"amountOpen":0.000000},"linkDate":"2024-04-23","unlinkDate":"2024-04-23","amount":64.990000},{"child":{"id":1210066747,"type":50,"typeAsString":"PAYMENT_RUN_TYPE","description":"Zahllauf-Position M--0012-0000003","descriptionShort":"Zahllauf-Position M--0012-0000003","date":"2024-04-23","amount":238.450000,"amountOpen":0.000000},"parent":{"id":1210066647,"type":0,"typeAsString":"NEW_CHARGE_TYPE","description":"Erwachsene 01.04.24 - 30.04.24","descriptionShort":"Erwachsene","date":"2024-04-19","amount":64.990000,"amountOpen":0.000000},"unlinkCause":{"id":1210066749,"type":30,"typeAsString":"PAYMENT_REVERSAL_TYPE","description":"Storno für Zahllauf-Position M--0012-0000003","descriptionShort":"Storno für Zahllauf-Position M--0012-0000003","date":"2024-04-23","amount":-238.450000,"amountOpen":0.000000},"linkDate":"2024-04-23","unlinkDate":"2024-04-23","amount":64.990000},{"child":{"id":1210066681,"type":10,"typeAsString":"NEW_STARTER_PACKAGE_TYPE","description":"Beitrag für Startpaket für Vertrag Erwachsene","descriptionShort":"Erwachsene","date":"2024-04-19","amount":33.000000,"amountOpen":0.000000},"parent":{"id":1210066747,"type":50,"typeAsString":"PAYMENT_RUN_TYPE","description":"Zahllauf-Position M--0012-0000003","descriptionShort":"Zahllauf-Position M--0012-0000003","date":"2024-04-23","amount":238.450000,"amountOpen":0.000000},"unlinkCause":{"id":1210066749,"type":30,"typeAsString":"PAYMENT_REVERSAL_TYPE","description":"Storno für Zahllauf-Position M--0012-0000003","descriptionShort":"Storno für Zahllauf-Position M--0012-0000003","date":"2024-04-23","amount":-238.450000,"amountOpen":0.000000},"linkDate":"2024-04-23","unlinkDate":"2024-04-23","amount":33.000000},{"child":{"id":1210066747,"type":50,"typeAsString":"PAYMENT_RUN_TYPE","description":"Zahllauf-Position M--0012-0000003","descriptionShort":"Zahllauf-Position M--0012-0000003","date":"2024-04-23","amount":238.450000,"amountOpen":0.000000},"parent":{"id":1210066681,"type":10,"typeAsString":"NEW_STARTER_PACKAGE_TYPE","description":"Beitrag für Startpaket für Vertrag Erwachsene","descriptionShort":"Erwachsene","date":"2024-04-19","amount":33.000000,"amountOpen":0.000000},"unlinkCause":{"id":1210066749,"type":30,"typeAsString":"PAYMENT_REVERSAL_TYPE","description":"Storno für Zahllauf-Position M--0012-0000003","descriptionShort":"Storno für Zahllauf-Position M--0012-0000003","date":"2024-04-23","amount":-238.450000,"amountOpen":0.000000},"linkDate":"2024-04-23","unlinkDate":"2024-04-23","amount":33.000000},{"child":{"id":1210066747,"type":50,"typeAsString":"PAYMENT_RUN_TYPE","description":"Zahllauf-Position M--0012-0000003","descriptionShort":"Zahllauf-Position M--0012-0000003","date":"2024-04-23","amount":238.450000,"amountOpen":0.000000},"parent":{"id":1210066749,"type":30,"typeAsString":"PAYMENT_REVERSAL_TYPE","description":"Storno für Zahllauf-Position M--0012-0000003","descriptionShort":"Storno für Zahllauf-Position M--0012-0000003","date":"2024-04-23","amount":-238.450000,"amountOpen":0.000000},"unlinkCause":null,"linkDate":"2024-04-23","unlinkDate":null,"amount":238.450000},{"child":{"id":1210066749,"type":30,"typeAsString":"PAYMENT_REVERSAL_TYPE","description":"Storno für Zahllauf-Position M--0012-0000003","descriptionShort":"Storno für Zahllauf-Position M--0012-0000003","date":"2024-04-23","amount":-238.450000,"amountOpen":0.000000},"parent":{"id":1210066747,"type":50,"typeAsString":"PAYMENT_RUN_TYPE","description":"Zahllauf-Position M--0012-0000003","descriptionShort":"Zahllauf-Position M--0012-0000003","date":"2024-04-23","amount":238.450000,"amountOpen":0.000000},"unlinkCause":null,"linkDate":"2024-04-23","unlinkDate":null,"amount":-238.450000},{"child":{"id":1210066644,"type":0,"typeAsString":"NEW_CHARGE_TYPE","description":"Erwachsene 27.01.24 - 31.01.24","descriptionShort":"Erwachsene","date":"2024-04-19","amount":10.480000,"amountOpen":0.000000},"parent":{"id":1210067263,"type":50,"typeAsString":"PAYMENT_RUN_TYPE","description":"Zahllauf-Position M--0014-0000004","descriptionShort":"Zahllauf-Position M--0014-0000004","date":"2024-04-23","amount":238.450000,"amountOpen":0.000000},"unlinkCause":null,"linkDate":"2024-04-23","unlinkDate":null,"amount":10.480000},{"child":{"id":1210067263,"type":50,"typeAsString":"PAYMENT_RUN_TYPE","description":"Zahllauf-Position M--0014-0000004","descriptionShort":"Zahllauf-Position M--0014-0000004","date":"2024-04-23","amount":238.450000,"amountOpen":0.000000},"parent":{"id":1210066644,"type":0,"typeAsString":"NEW_CHARGE_TYPE","description":"Erwachsene 27.01.24 - 31.01.24","descriptionShort":"Erwachsene","date":"2024-04-19","amount":10.480000,"amountOpen":0.000000},"unlinkCause":null,"linkDate":"2024-04-23","unlinkDate":null,"amount":10.480000},{"child":{"id":1210066645,"type":0,"typeAsString":"NEW_CHARGE_TYPE","description":"Erwachsene 01.02.24 - 29.02.24","descriptionShort":"Erwachsene","date":"2024-04-19","amount":64.990000,"amountOpen":0.000000},"parent":{"id":1210067263,"type":50,"typeAsString":"PAYMENT_RUN_TYPE","description":"Zahllauf-Position M--0014-0000004","descriptionShort":"Zahllauf-Position M--0014-0000004","date":"2024-04-23","amount":238.450000,"amountOpen":0.000000},"unlinkCause":null,"linkDate":"2024-04-23","unlinkDate":null,"amount":64.990000},{"child":{"id":1210067263,"type":50,"typeAsString":"PAYMENT_RUN_TYPE","description":"Zahllauf-Position M--0014-0000004","descriptionShort":"Zahllauf-Position M--0014-0000004","date":"2024-04-23","amount":238.450000,"amountOpen":0.000000},"parent":{"id":1210066645,"type":0,"typeAsString":"NEW_CHARGE_TYPE","description":"Erwachsene 01.02.24 - 29.02.24","descriptionShort":"Erwachsene","date":"2024-04-19","amount":64.990000,"amountOpen":0.000000},"unlinkCause":null,"linkDate":"2024-04-23","unlinkDate":null,"amount":64.990000},{"child":{"id":1210066646,"type":0,"typeAsString":"NEW_CHARGE_TYPE","description":"Erwachsene 01.03.24 - 31.03.24","descriptionShort":"Erwachsene","date":"2024-04-19","amount":64.990000,"amountOpen":0.000000},"parent":{"id":1210067263,"type":50,"typeAsString":"PAYMENT_RUN_TYPE","description":"Zahllauf-Position M--0014-0000004","descriptionShort":"Zahllauf-Position M--0014-0000004","date":"2024-04-23","amount":238.450000,"amountOpen":0.000000},"unlinkCause":null,"linkDate":"2024-04-23","unlinkDate":null,"amount":64.990000},{"child":{"id":1210067263,"type":50,"typeAsString":"PAYMENT_RUN_TYPE","description":"Zahllauf-Position M--0014-0000004","descriptionShort":"Zahllauf-Position M--0014-0000004","date":"2024-04-23","amount":238.450000,"amountOpen":0.000000},"parent":{"id":1210066646,"type":0,"typeAsString":"NEW_CHARGE_TYPE","description":"Erwachsene 01.03.24 - 31.03.24","descriptionShort":"Erwachsene","date":"2024-04-19","amount":64.990000,"amountOpen":0.000000},"unlinkCause":null,"linkDate":"2024-04-23","unlinkDate":null,"amount":64.990000},{"child":{"id":1210066647,"type":0,"typeAsString":"NEW_CHARGE_TYPE","description":"Erwachsene 01.04.24 - 30.04.24","descriptionShort":"Erwachsene","date":"2024-04-19","amount":64.990000,"amountOpen":0.000000},"parent":{"id":1210067263,"type":50,"typeAsString":"PAYMENT_RUN_TYPE","description":"Zahllauf-Position M--0014-0000004","descriptionShort":"Zahllauf-Position M--0014-0000004","date":"2024-04-23","amount":238.450000,"amountOpen":0.000000},"unlinkCause":null,"linkDate":"2024-04-23","unlinkDate":null,"amount":64.990000},{"child":{"id":1210067263,"type":50,"typeAsString":"PAYMENT_RUN_TYPE","description":"Zahllauf-Position M--0014-0000004","descriptionShort":"Zahllauf-Position M--0014-0000004","date":"2024-04-23","amount":238.450000,"amountOpen":0.000000},"parent":{"id":1210066647,"type":0,"typeAsString":"NEW_CHARGE_TYPE","description":"Erwachsene 01.04.24 - 30.04.24","descriptionShort":"Erwachsene","date":"2024-04-19","amount":64.990000,"amountOpen":0.000000},"unlinkCause":null,"linkDate":"2024-04-23","unlinkDate":null,"amount":64.990000},{"child":{"id":1210066681,"type":10,"typeAsString":"NEW_STARTER_PACKAGE_TYPE","description":"Beitrag für Startpaket für Vertrag Erwachsene","descriptionShort":"Erwachsene","date":"2024-04-19","amount":33.000000,"amountOpen":0.000000},"parent":{"id":1210067263,"type":50,"typeAsString":"PAYMENT_RUN_TYPE","description":"Zahllauf-Position M--0014-0000004","descriptionShort":"Zahllauf-Position M--0014-0000004","date":"2024-04-23","amount":238.450000,"amountOpen":0.000000},"unlinkCause":null,"linkDate":"2024-04-23","unlinkDate":null,"amount":33.000000},{"child":{"id":1210067263,"type":50,"typeAsString":"PAYMENT_RUN_TYPE","description":"Zahllauf-Position M--0014-0000004","descriptionShort":"Zahllauf-Position M--0014-0000004","date":"2024-04-23","amount":238.450000,"amountOpen":0.000000},"parent":{"id":1210066681,"type":10,"typeAsString":"NEW_STARTER_PACKAGE_TYPE","description":"Beitrag für Startpaket für Vertrag Erwachsene","descriptionShort":"Erwachsene","date":"2024-04-19","amount":33.000000,"amountOpen":0.000000},"unlinkCause":null,"linkDate":"2024-04-23","unlinkDate":null,"amount":33.000000},{"child":{"id":1210066648,"type":0,"typeAsString":"NEW_CHARGE_TYPE","description":"Erwachsene 01.05.24 - 31.05.24","descriptionShort":"Erwachsene","date":"2024-05-01","amount":64.990000,"amountOpen":0.000000},"parent":{"id":1210072511,"type":50,"typeAsString":"PAYMENT_RUN_TYPE","description":"Zahllauf-Position M--0015-0000004","descriptionShort":"Zahllauf-Position M--0015-0000004","date":"2024-05-03","amount":64.990000,"amountOpen":0.000000},"unlinkCause":null,"linkDate":"2024-05-03","unlinkDate":null,"amount":64.990000},{"child":{"id":1210072511,"type":50,"typeAsString":"PAYMENT_RUN_TYPE","description":"Zahllauf-Position M--0015-0000004","descriptionShort":"Zahllauf-Position M--0015-0000004","date":"2024-05-03","amount":64.990000,"amountOpen":0.000000},"parent":{"id":1210066648,"type":0,"typeAsString":"NEW_CHARGE_TYPE","description":"Erwachsene 01.05.24 - 31.05.24","descriptionShort":"Erwachsene","date":"2024-05-01","amount":64.990000,"amountOpen":0.000000},"unlinkCause":null,"linkDate":"2024-05-03","unlinkDate":null,"amount":64.990000},{"child":{"id":1210066649,"type":0,"typeAsString":"NEW_CHARGE_TYPE","description":"Erwachsene 01.06.24 - 30.06.24","descriptionShort":"Erwachsene","date":"2024-06-01","amount":64.990000,"amountOpen":0.000000},"parent":{"id":1210093964,"type":50,"typeAsString":"PAYMENT_RUN_TYPE","description":"Zahllauf-Position M--0017-0000007","descriptionShort":"Zahllauf-Position M--0017-0000007","date":"2024-06-07","amount":64.990000,"amountOpen":0.000000},"unlinkCause":null,"linkDate":"2024-06-07","unlinkDate":null,"amount":64.990000},{"child":{"id":1210093964,"type":50,"typeAsString":"PAYMENT_RUN_TYPE","description":"Zahllauf-Position M--0017-0000007","descriptionShort":"Zahllauf-Position M--0017-0000007","date":"2024-06-07","amount":64.990000,"amountOpen":0.000000},"parent":{"id":1210066649,"type":0,"typeAsString":"NEW_CHARGE_TYPE","description":"Erwachsene 01.06.24 - 30.06.24","descriptionShort":"Erwachsene","date":"2024-06-01","amount":64.990000,"amountOpen":0.000000},"unlinkCause":null,"linkDate":"2024-06-07","unlinkDate":null,"amount":64.990000},{"child":{"id":1210066680,"type":0,"typeAsString":"NEW_CHARGE_TYPE","description":"Erwachsene 01.07.24 - 31.07.24","descriptionShort":"Erwachsene","date":"2024-07-01","amount":64.990000,"amountOpen":0.000000},"parent":{"id":1210108520,"type":50,"typeAsString":"PAYMENT_RUN_TYPE","description":"Zahllauf-Position M--0018-0000007","descriptionShort":"Zahllauf-Position M--0018-0000007","date":"2024-07-02","amount":64.990000,"amountOpen":0.000000},"unlinkCause":null,"linkDate":"2024-07-02","unlinkDate":null,"amount":64.990000},{"child":{"id":1210108520,"type":50,"typeAsString":"PAYMENT_RUN_TYPE","description":"Zahllauf-Position M--0018-0000007","descriptionShort":"Zahllauf-Position M--0018-0000007","date":"2024-07-02","amount":64.990000,"amountOpen":0.000000},"parent":{"id":1210066680,"type":0,"typeAsString":"NEW_CHARGE_TYPE","description":"Erwachsene 01.07.24 - 31.07.24","descriptionShort":"Erwachsene","date":"2024-07-01","amount":64.990000,"amountOpen":0.000000},"unlinkCause":null,"linkDate":"2024-07-02","unlinkDate":null,"amount":64.990000},{"child":{"id":1210107060,"type":0,"typeAsString":"NEW_CHARGE_TYPE","description":"Erwachsene 01.08.24 - 31.08.24","descriptionShort":"Erwachsene","date":"2024-08-01","amount":64.990000,"amountOpen":0.000000},"parent":{"id":1210130617,"type":50,"typeAsString":"PAYMENT_RUN_TYPE","description":"Zahllauf-Position M--0019-0000007","descriptionShort":"Zahllauf-Position M--0019-0000007","date":"2024-08-05","amount":64.990000,"amountOpen":0.000000},"unlinkCause":null,"linkDate":"2024-08-05","unlinkDate":null,"amount":64.990000},{"child":{"id":1210130617,"type":50,"typeAsString":"PAYMENT_RUN_TYPE","description":"Zahllauf-Position M--0019-0000007","descriptionShort":"Zahllauf-Position M--0019-0000007","date":"2024-08-05","amount":64.990000,"amountOpen":0.000000},"parent":{"id":1210107060,"type":0,"typeAsString":"NEW_CHARGE_TYPE","description":"Erwachsene 01.08.24 - 31.08.24","descriptionShort":"Erwachsene","date":"2024-08-01","amount":64.990000,"amountOpen":0.000000},"unlinkCause":null,"linkDate":"2024-08-05","unlinkDate":null,"amount":64.990000},{"child":{"id":1210107061,"type":0,"typeAsString":"NEW_CHARGE_TYPE","description":"Erwachsene 01.09.24 - 30.09.24","descriptionShort":"Erwachsene","date":"2024-09-01","amount":64.990000,"amountOpen":0.000000},"parent":{"id":1210151713,"type":50,"typeAsString":"PAYMENT_RUN_TYPE","description":"Zahllauf-Position M--0020-0000007","descriptionShort":"Zahllauf-Position M--0020-0000007","date":"2024-09-09","amount":64.990000,"amountOpen":0.000000},"unlinkCause":null,"linkDate":"2024-09-09","unlinkDate":null,"amount":64.990000},{"child":{"id":1210151713,"type":50,"typeAsString":"PAYMENT_RUN_TYPE","description":"Zahllauf-Position M--0020-0000007","descriptionShort":"Zahllauf-Position M--0020-0000007","date":"2024-09-09","amount":64.990000,"amountOpen":0.000000},"parent":{"id":1210107061,"type":0,"typeAsString":"NEW_CHARGE_TYPE","description":"Erwachsene 01.09.24 - 30.09.24","descriptionShort":"Erwachsene","date":"2024-09-01","amount":64.990000,"amountOpen":0.000000},"unlinkCause":null,"linkDate":"2024-09-09","unlinkDate":null,"amount":64.990000},{"child":{"id":1210107062,"type":0,"typeAsString":"NEW_CHARGE_TYPE","description":"Erwachsene 01.10.24 - 31.10.24","descriptionShort":"Erwachsene","date":"2024-10-01","amount":64.990000,"amountOpen":0.000000},"parent":{"id":1210169212,"type":50,"typeAsString":"PAYMENT_RUN_TYPE","description":"Zahllauf-Position M--0021-0000007","descriptionShort":"Zahllauf-Position M--0021-0000007","date":"2024-10-04","amount":64.990000,"amountOpen":0.000000},"unlinkCause":null,"linkDate":"2024-10-04","unlinkDate":null,"amount":64.990000},{"child":{"id":1210169212,"type":50,"typeAsString":"PAYMENT_RUN_TYPE","description":"Zahllauf-Position M--0021-0000007","descriptionShort":"Zahllauf-Position M--0021-0000007","date":"2024-10-04","amount":64.990000,"amountOpen":0.000000},"parent":{"id":1210107062,"type":0,"typeAsString":"NEW_CHARGE_TYPE","description":"Erwachsene 01.10.24 - 31.10.24","descriptionShort":"Erwachsene","date":"2024-10-01","amount":64.990000,"amountOpen":0.000000},"unlinkCause":null,"linkDate":"2024-10-04","unlinkDate":null,"amount":64.990000},{"child":{"id":1210164810,"type":0,"typeAsString":"NEW_CHARGE_TYPE","description":"Erwachsene 01.11.24 - 30.11.24","descriptionShort":"Erwachsene","date":"2024-11-01","amount":64.990000,"amountOpen":0.000000},"parent":{"id":1210186361,"type":50,"typeAsString":"PAYMENT_RUN_TYPE","description":"Zahllauf-Position M--0022-0000007","descriptionShort":"Zahllauf-Position M--0022-0000007","date":"2024-11-06","amount":64.990000,"amountOpen":0.000000},"unlinkCause":null,"linkDate":"2024-11-06","unlinkDate":null,"amount":64.990000},{"child":{"id":1210186361,"type":50,"typeAsString":"PAYMENT_RUN_TYPE","description":"Zahllauf-Position M--0022-0000007","descriptionShort":"Zahllauf-Position M--0022-0000007","date":"2024-11-06","amount":64.990000,"amountOpen":0.000000},"parent":{"id":1210164810,"type":0,"typeAsString":"NEW_CHARGE_TYPE","description":"Erwachsene 01.11.24 - 30.11.24","descriptionShort":"Erwachsene","date":"2024-11-01","amount":64.990000,"amountOpen":0.000000},"unlinkCause":null,"linkDate":"2024-11-06","unlinkDate":null,"amount":64.990000},{"child":{"id":1210164811,"type":0,"typeAsString":"NEW_CHARGE_TYPE","description":"Erwachsene 01.12.24 - 31.12.24","descriptionShort":"Erwachsene","date":"2024-12-01","amount":64.990000,"amountOpen":0.000000},"parent":{"id":1210201514,"type":50,"typeAsString":"PAYMENT_RUN_TYPE","description":"Zahllauf-Position M--0024-0000008","descriptionShort":"Zahllauf-Position M--0024-0000008","date":"2024-12-02","amount":64.990000,"amountOpen":0.000000},"unlinkCause":null,"linkDate":"2024-12-02","unlinkDate":null,"amount":64.990000},{"child":{"id":1210201514,"type":50,"typeAsString":"PAYMENT_RUN_TYPE","description":"Zahllauf-Position M--0024-0000008","descriptionShort":"Zahllauf-Position M--0024-0000008","date":"2024-12-02","amount":64.990000,"amountOpen":0.000000},"parent":{"id":1210164811,"type":0,"typeAsString":"NEW_CHARGE_TYPE","description":"Erwachsene 01.12.24 - 31.12.24","descriptionShort":"Erwachsene","date":"2024-12-01","amount":64.990000,"amountOpen":0.000000},"unlinkCause":null,"linkDate":"2024-12-02","unlinkDate":null,"amount":64.990000},{"child":{"id":1210164812,"type":0,"typeAsString":"NEW_CHARGE_TYPE","description":"Erwachsene 01.01.25 - 31.01.25","descriptionShort":"Erwachsene","date":"2025-01-01","amount":64.990000,"amountOpen":0.000000},"parent":{"id":1210221715,"type":50,"typeAsString":"PAYMENT_RUN_TYPE","description":"Zahllauf-Position M--0028-0000009","descriptionShort":"Zahllauf-Position M--0028-0000009","date":"2025-01-01","amount":64.990000,"amountOpen":0.000000},"unlinkCause":null,"linkDate":"2025-01-01","unlinkDate":null,"amount":64.990000},{"child":{"id":1210221715,"type":50,"typeAsString":"PAYMENT_RUN_TYPE","description":"Zahllauf-Position M--0028-0000009","descriptionShort":"Zahllauf-Position M--0028-0000009","date":"2025-01-01","amount":64.990000,"amountOpen":0.000000},"parent":{"id":1210164812,"type":0,"typeAsString":"NEW_CHARGE_TYPE","description":"Erwachsene 01.01.25 - 31.01.25","descriptionShort":"Erwachsene","date":"2025-01-01","amount":64.990000,"amountOpen":0.000000},"unlinkCause":null,"linkDate":"2025-01-01","unlinkDate":null,"amount":64.990000},{"child":{"id":1210221570,"type":0,"typeAsString":"NEW_CHARGE_TYPE","description":"Erwachsene 01.02.25 - 28.02.25","descriptionShort":"Erwachsene","date":"2025-02-01","amount":64.990000,"amountOpen":0.000000},"parent":{"id":1210242131,"type":50,"typeAsString":"PAYMENT_RUN_TYPE","description":"Zahllauf-Position M--0030-0000010","descriptionShort":"Zahllauf-Position M--0030-0000010","date":"2025-02-01","amount":64.990000,"amountOpen":0.000000},"unlinkCause":null,"linkDate":"2025-02-01","unlinkDate":null,"amount":64.990000},{"child":{"id":1210242131,"type":50,"typeAsString":"PAYMENT_RUN_TYPE","description":"Zahllauf-Position M--0030-0000010","descriptionShort":"Zahllauf-Position M--0030-0000010","date":"2025-02-01","amount":64.990000,"amountOpen":0.000000},"parent":{"id":1210221570,"type":0,"typeAsString":"NEW_CHARGE_TYPE","description":"Erwachsene 01.02.25 - 28.02.25","descriptionShort":"Erwachsene","date":"2025-02-01","amount":64.990000,"amountOpen":0.000000},"unlinkCause":null,"linkDate":"2025-02-01","unlinkDate":null,"amount":64.990000},{"child":{"id":1210221571,"type":0,"typeAsString":"NEW_CHARGE_TYPE","description":"Erwachsene 01.03.25 - 31.03.25","descriptionShort":"Erwachsene","date":"2025-03-01","amount":64.990000,"amountOpen":0.000000},"parent":{"id":1210265914,"type":50,"typeAsString":"PAYMENT_RUN_TYPE","description":"Zahllauf-Position M--0032-0000011","descriptionShort":"Zahllauf-Position M--0032-0000011","date":"2025-03-04","amount":64.990000,"amountOpen":0.000000},"unlinkCause":null,"linkDate":"2025-03-04","unlinkDate":null,"amount":64.990000},{"child":{"id":1210265914,"type":50,"typeAsString":"PAYMENT_RUN_TYPE","description":"Zahllauf-Position M--0032-0000011","descriptionShort":"Zahllauf-Position M--0032-0000011","date":"2025-03-04","amount":64.990000,"amountOpen":0.000000},"parent":{"id":1210221571,"type":0,"typeAsString":"NEW_CHARGE_TYPE","description":"Erwachsene 01.03.25 - 31.03.25","descriptionShort":"Erwachsene","date":"2025-03-01","amount":64.990000,"amountOpen":0.000000},"unlinkCause":null,"linkDate":"2025-03-04","unlinkDate":null,"amount":64.990000},{"child":{"id":1210221572,"type":0,"typeAsString":"NEW_CHARGE_TYPE","description":"Erwachsene 01.04.25 - 30.04.25","descriptionShort":"Erwachsene","date":"2025-04-01","amount":64.990000,"amountOpen":0.000000},"parent":{"id":1210282864,"type":50,"typeAsString":"PAYMENT_RUN_TYPE","description":"Zahllauf-Position M--0034-0000011","descriptionShort":"Zahllauf-Position M--0034-0000011","date":"2025-04-01","amount":64.990000,"amountOpen":0.000000},"unlinkCause":null,"linkDate":"2025-04-01","unlinkDate":null,"amount":64.990000},{"child":{"id":1210282864,"type":50,"typeAsString":"PAYMENT_RUN_TYPE","description":"Zahllauf-Position M--0034-0000011","descriptionShort":"Zahllauf-Position M--0034-0000011","date":"2025-04-01","amount":64.990000,"amountOpen":0.000000},"parent":{"id":1210221572,"type":0,"typeAsString":"NEW_CHARGE_TYPE","description":"Erwachsene 01.04.25 - 30.04.25","descriptionShort":"Erwachsene","date":"2025-04-01","amount":64.990000,"amountOpen":0.000000},"unlinkCause":null,"linkDate":"2025-04-01","unlinkDate":null,"amount":64.990000},{"child":{"id":1210282670,"type":0,"typeAsString":"NEW_CHARGE_TYPE","description":"Erwachsene 01.05.25 - 31.05.25","descriptionShort":"Erwachsene","date":"2025-05-01","amount":64.990000,"amountOpen":0.000000},"parent":{"id":1210303229,"type":50,"typeAsString":"PAYMENT_RUN_TYPE","description":"Zahllauf-Position M--0035-0000011","descriptionShort":"Zahllauf-Position M--0035-0000011","date":"2025-05-02","amount":64.990000,"amountOpen":0.000000},"unlinkCause":null,"linkDate":"2025-05-02","unlinkDate":null,"amount":64.990000},{"child":{"id":1210303229,"type":50,"typeAsString":"PAYMENT_RUN_TYPE","description":"Zahllauf-Position M--0035-0000011","descriptionShort":"Zahllauf-Position M--0035-0000011","date":"2025-05-02","amount":64.990000,"amountOpen":0.000000},"parent":{"id":1210282670,"type":0,"typeAsString":"NEW_CHARGE_TYPE","description":"Erwachsene 01.05.25 - 31.05.25","descriptionShort":"Erwachsene","date":"2025-05-01","amount":64.990000,"amountOpen":0.000000},"unlinkCause":null,"linkDate":"2025-05-02","unlinkDate":null,"amount":64.990000},{"child":{"id":1210282671,"type":0,"typeAsString":"NEW_CHARGE_TYPE","description":"Erwachsene 01.06.25 - 30.06.25","descriptionShort":"Erwachsene","date":"2025-06-01","amount":64.990000,"amountOpen":0.000000},"parent":{"id":1210321703,"type":50,"typeAsString":"PAYMENT_RUN_TYPE","description":"Zahllauf-Position M--0036-0000011","descriptionShort":"Zahllauf-Position M--0036-0000011","date":"2025-06-01","amount":64.990000,"amountOpen":0.000000},"unlinkCause":null,"linkDate":"2025-06-01","unlinkDate":null,"amount":64.990000},{"child":{"id":1210321703,"type":50,"typeAsString":"PAYMENT_RUN_TYPE","description":"Zahllauf-Position M--0036-0000011","descriptionShort":"Zahllauf-Position M--0036-0000011","date":"2025-06-01","amount":64.990000,"amountOpen":0.000000},"parent":{"id":1210282671,"type":0,"typeAsString":"NEW_CHARGE_TYPE","description":"Erwachsene 01.06.25 - 30.06.25","descriptionShort":"Erwachsene","date":"2025-06-01","amount":64.990000,"amountOpen":0.000000},"unlinkCause":null,"linkDate":"2025-06-01","unlinkDate":null,"amount":64.990000},{"child":{"id":1210282672,"type":0,"typeAsString":"NEW_CHARGE_TYPE","description":"Erwachsene 01.07.25 - 31.07.25","descriptionShort":"Erwachsene","date":"2025-07-01","amount":64.990000,"amountOpen":0.000000},"parent":{"id":1210340248,"type":50,"typeAsString":"PAYMENT_RUN_TYPE","description":"Zahllauf-Position M--0037-0000011","descriptionShort":"Zahllauf-Position M--0037-0000011","date":"2025-07-02","amount":64.990000,"amountOpen":0.000000},"unlinkCause":null,"linkDate":"2025-07-02","unlinkDate":null,"amount":64.990000},{"child":{"id":1210340248,"type":50,"typeAsString":"PAYMENT_RUN_TYPE","description":"Zahllauf-Position M--0037-0000011","descriptionShort":"Zahllauf-Position M--0037-0000011","date":"2025-07-02","amount":64.990000,"amountOpen":0.000000},"parent":{"id":1210282672,"type":0,"typeAsString":"NEW_CHARGE_TYPE","description":"Erwachsene 01.07.25 - 31.07.25","descriptionShort":"Erwachsene","date":"2025-07-01","amount":64.990000,"amountOpen":0.000000},"unlinkCause":null,"linkDate":"2025-07-02","unlinkDate":null,"amount":64.990000},{"child":{"id":1210339710,"type":0,"typeAsString":"NEW_CHARGE_TYPE","description":"Erwachsene 01.08.25 - 31.08.25","descriptionShort":"Erwachsene","date":"2025-08-01","amount":64.990000,"amountOpen":0.000000},"parent":{"id":1210360656,"type":50,"typeAsString":"PAYMENT_RUN_TYPE","description":"Zahllauf-Position M--0040-0000012","descriptionShort":"Zahllauf-Position M--0040-0000012","date":"2025-08-01","amount":64.990000,"amountOpen":0.000000},"unlinkCause":null,"linkDate":"2025-08-01","unlinkDate":null,"amount":64.990000},{"child":{"id":1210360656,"type":50,"typeAsString":"PAYMENT_RUN_TYPE","description":"Zahllauf-Position M--0040-0000012","descriptionShort":"Zahllauf-Position M--0040-0000012","date":"2025-08-01","amount":64.990000,"amountOpen":0.000000},"parent":{"id":1210339710,"type":0,"typeAsString":"NEW_CHARGE_TYPE","description":"Erwachsene 01.08.25 - 31.08.25","descriptionShort":"Erwachsene","date":"2025-08-01","amount":64.990000,"amountOpen":0.000000},"unlinkCause":null,"linkDate":"2025-08-01","unlinkDate":null,"amount":64.990000},{"child":{"id":1210339711,"type":0,"typeAsString":"NEW_CHARGE_TYPE","description":"Erwachsene 01.09.25 - 30.09.25","descriptionShort":"Erwachsene","date":"2025-09-01","amount":64.990000,"amountOpen":0.000000},"parent":{"id":1210377849,"type":50,"typeAsString":"PAYMENT_RUN_TYPE","description":"Zahllauf-Position M--0041-0000012","descriptionShort":"Zahllauf-Position M--0041-0000012","date":"2025-09-01","amount":64.990000,"amountOpen":0.000000},"unlinkCause":null,"linkDate":"2025-09-01","unlinkDate":null,"amount":64.990000},{"child":{"id":1210377849,"type":50,"typeAsString":"PAYMENT_RUN_TYPE","description":"Zahllauf-Position M--0041-0000012","descriptionShort":"Zahllauf-Position M--0041-0000012","date":"2025-09-01","amount":64.990000,"amountOpen":0.000000},"parent":{"id":1210339711,"type":0,"typeAsString":"NEW_CHARGE_TYPE","description":"Erwachsene 01.09.25 - 30.09.25","descriptionShort":"Erwachsene","date":"2025-09-01","amount":64.990000,"amountOpen":0.000000},"unlinkCause":null,"linkDate":"2025-09-01","unlinkDate":null,"amount":64.990000},{"child":{"id":1210339712,"type":0,"typeAsString":"NEW_CHARGE_TYPE","description":"Erwachsene 01.10.25 - 31.10.25","descriptionShort":"Erwachsene","date":"2025-10-01","amount":64.990000,"amountOpen":0.000000},"parent":{"id":1210396476,"type":50,"typeAsString":"PAYMENT_RUN_TYPE","description":"Zahllauf-Position M--0042-0000012","descriptionShort":"Zahllauf-Position M--0042-0000012","date":"2025-10-02","amount":64.990000,"amountOpen":0.000000},"unlinkCause":null,"linkDate":"2025-10-02","unlinkDate":null,"amount":64.990000},{"child":{"id":1210396476,"type":50,"typeAsString":"PAYMENT_RUN_TYPE","description":"Zahllauf-Position M--0042-0000012","descriptionShort":"Zahllauf-Position M--0042-0000012","date":"2025-10-02","amount":64.990000,"amountOpen":0.000000},"parent":{"id":1210339712,"type":0,"typeAsString":"NEW_CHARGE_TYPE","description":"Erwachsene 01.10.25 - 31.10.25","descriptionShort":"Erwachsene","date":"2025-10-01","amount":64.990000,"amountOpen":0.000000},"unlinkCause":null,"linkDate":"2025-10-02","unlinkDate":null,"amount":64.990000},{"child":{"id":1210396470,"type":0,"typeAsString":"NEW_CHARGE_TYPE","description":"Erwachsene 01.11.25 - 30.11.25","descriptionShort":"Erwachsene","date":"2025-11-01","amount":64.990000,"amountOpen":0.000000},"parent":{"id":1210416948,"type":50,"typeAsString":"PAYMENT_RUN_TYPE","description":"Zahllauf-Position M--0043-0000012","descriptionShort":"Zahllauf-Position M--0043-0000012","date":"2025-11-01","amount":64.990000,"amountOpen":0.000000},"unlinkCause":null,"linkDate":"2025-11-01","unlinkDate":null,"amount":64.990000},{"child":{"id":1210416948,"type":50,"typeAsString":"PAYMENT_RUN_TYPE","description":"Zahllauf-Position M--0043-0000012","descriptionShort":"Zahllauf-Position M--0043-0000012","date":"2025-11-01","amount":64.990000,"amountOpen":0.000000},"parent":{"id":1210396470,"type":0,"typeAsString":"NEW_CHARGE_TYPE","description":"Erwachsene 01.11.25 - 30.11.25","descriptionShort":"Erwachsene","date":"2025-11-01","amount":64.990000,"amountOpen":0.000000},"unlinkCause":null,"linkDate":"2025-11-01","unlinkDate":null,"amount":64.990000},{"child":{"id":1210396471,"type":0,"typeAsString":"NEW_CHARGE_TYPE","description":"Erwachsene 01.12.25 - 31.12.25","descriptionShort":"Erwachsene","date":"2025-12-01","amount":64.990000,"amountOpen":0.000000},"parent":{"id":1210440612,"type":50,"typeAsString":"PAYMENT_RUN_TYPE","description":"Zahllauf-Position M--0046-0000012","descriptionShort":"Zahllauf-Position M--0046-0000012","date":"2025-12-02","amount":64.990000,"amountOpen":0.000000},"unlinkCause":null,"linkDate":"2025-12-02","unlinkDate":null,"amount":64.990000},{"child":{"id":1210440612,"type":50,"typeAsString":"PAYMENT_RUN_TYPE","description":"Zahllauf-Position M--0046-0000012","descriptionShort":"Zahllauf-Position M--0046-0000012","date":"2025-12-02","amount":64.990000,"amountOpen":0.000000},"parent":{"id":1210396471,"type":0,"typeAsString":"NEW_CHARGE_TYPE","description":"Erwachsene 01.12.25 - 31.12.25","descriptionShort":"Erwachsene","date":"2025-12-01","amount":64.990000,"amountOpen":0.000000},"unlinkCause":null,"linkDate":"2025-12-02","unlinkDate":null,"amount":64.990000}]}