[{"customerNumber":"M-3","firstName":"Wolfgang","lastName":"Strobl","dateOfBirth":"1990-03-07","email":"strobl.wolfgang@outlook.de","street":"Rachelstrasse","houseNumber":"9","addition":null,"zip":"84149","city":"Velden","country":"Germany","rateName":"Erwachsene","rateTerm":"3M","cancellationPeriod":"1M","paymentFrequency":"1M","chargeAmountAtContractStart":64.99,"chargeAmountCurrent":64.99,"starterPackageAmount":33.000000,"paymentType":"Lastschrift","paymentTypeContract":null,"signedContract":"19.04.2024","startDate":"2024-01-27","startDateOfUse":null,"startDateIncludingPreviousContracts":"2024-01-27","startDateOfUseIncludingPreviousContracts":null,"externalIdentifier":"","countPeriod":8,"endDateCurrentTerm":"2026-01-26","endDate":"2026-01-26","lastPossibleCancellationDate":"2025-12-26","origin":"Verwaltung","campaign":"","extensionType":"Vertragsverlängerung","extensionRate":"","extensionValue":"3M","chargeAmountNextPeriod":null,"cancelledTo":"2026-01-26","cancelledAt":"2025-10-15","cancellationType":"Ordentliche Kündigung","cancellationReason":"Persönliche Gründe","paymentRunGroupName":"Lastschriften Dojo 1.d.M.","paidTimePeriodCalculationType":"Kalendarium","company":null,"externalId":null,"location":null,"voucherCode":null,"imported":null,"voucherType":null,"discountType":null,"voucherAmount":null,"discountEffectivePeriod":null,"discountValidFrom":null,"discountValidUntil":null,"additionalDiscount":null,"additionalDiscountType":null,"additionalDiscountEffectivePeriod":null,"additionalDiscountValidFrom":null,"additionalDiscountValidUntil":null,"voucherBonusPeriodDuration":null,"voucherBonusPeriodType":null,"voucherBonusPeriodStartDate":null,"voucherBonusPeriodEndDate":null,"omitStarterPackage":null,"hasAdditionalVoucher":null,"id":1210066332,"type":"CONTRACT","referenceContractId":null}]