{"uuid":"a4ab5da9-f731-4a7d-bd60-694be6563357","customerNumber":"M-3","customerStatus":"Mitglied","gender":"Männlich","title":"Kein Titel","lastName":"Strobl","secondLastName":null,"firstName":"Wolfgang","secondFirstName":null,"dateOfBirth":"1990-03-07","note":null,"cardNumbers":"","customerTags":"","addresses":[{"street":"Rachelstrasse","houseNumber":"9","addition":null,"zip":"84149","city":"Velden","country":"DE","additionalInformation":null,"streetType":null,"block":null,"portal":null,"stairway":null,"floor":null,"door":null,"province":null,"secondStreet":null,"buildingName":null,"cityPart":null,"district":null,"addressStatus":"VALID","statusInformation":null,"addressStatusSince":null}],"contact":{"telPrivate":null,"telBusiness":null,"telPrivateMobile":"01701416924","telBusinessMobile":null,"email":"strobl.wolfgang@outlook.de"},"paymentMethod":"Lastschrift","bankAccount":{"accountHolder":"Wolfgang Strobl","iban":"DE68700202700035721495","bic":"HYVEDEMMXXX","bankName":"UniCredit Bank - HypoVereinsbank","sepaMandateDtos":[{"sepaMandateStatus":"SIGNED","referenceNumber":"MLREFM00003","mandateGivenDate":"2024-01-27","mandateWithdrawnDate":null,"signatureRequired":true,"owner":"STUDIO"}]},"emailStatus":{"type":"NOT_YET_USED","information":""},"importedFrom":"NONE","communicationStop":false,"campaign":null,"taxId":null,"documentIdentificationm":null,"locale":"Deutsch","deceased":false,"referralCode":"QX3YM","excludedFromReferral":false,"medicalCertificate":null,"aggregatorAssignments":[],"referralType":null,"lead":null}