{"uuid":"a4ab5da9-f731-4a7d-bd60-694be6563357","lastName":"Strobl","firstName":"Wolfgang","dateOfBirth":"1990-03-07","placeOfBirth":null,"countryOfBirth":null,"gender":"Männlich","title":"NONE","taxId":null,"documentNumber":null,"documentType":null,"email":"strobl.wolfgang@outlook.de","addresses":[{"street":"Rachelstrasse","houseNumber":"9","addition":null,"zip":"84149","city":"Velden","country":"DE","additionalInformation":null,"streetType":null,"block":null,"portal":null,"stairway":null,"floor":null,"door":null,"province":null,"secondStreet":null,"buildingName":null,"cityPart":null,"district":null,"addressStatus":"VALID","statusInformation":null,"addressStatusSince":null}]}