{"timelineItemDtos":[{"activity":"Kommunikationseinstellungen erstellt","creationType":"CUSTOMER_DIRECT","userName":"system","timeStamp":"2024-01-27T09:25:10.012878+01:00","timelineItemPropertyChangeDtos":[{"property":"Akzeptierte Kanäle","oldValue":null,"newValue":"Vertrag: Brief, E-Mail, SMS, Telefon"},{"property":"Akzeptierte Kanäle","oldValue":null,"newValue":"Allgemein: Brief, E-Mail, SMS, Telefon"},{"property":"Akzeptierte Kanäle","oldValue":null,"newValue":"Termine: Brief, E-Mail, SMS, Telefon"},{"property":"Akzeptierte Kanäle","oldValue":null,"newValue":"Newsletter: Brief, E-Mail, SMS, Telefon"}]},{"activity":"Vertrag angelegt","creationType":"DEFAULT","userName":"system","timeStamp":"2024-01-27T09:25:10.219127+01:00","timelineItemPropertyChangeDtos":[{"property":"Tarif","oldValue":"Erwachsene","newValue":null},{"property":"Vertragsbeginn","oldValue":"2024-01-27","newValue":null},{"property":"Vertragsende","oldValue":"2024-04-26","newValue":null},{"property":"Nutzungsbeginn","oldValue":null,"newValue":null},{"property":"Laufzeit","oldValue":"3 MONTH","newValue":null},{"property":"Zahlweise","oldValue":"monatlich: 64,99 €","newValue":null}]},{"activity":"SEPA-Mandat erteilt","creationType":"DEFAULT","userName":"system","timeStamp":"2024-01-27T09:25:10.496893+01:00","timelineItemPropertyChangeDtos":[{"property":"SEPA-Mandatsreferenz-Nr.","oldValue":null,"newValue":"MLREFM00003"},{"property":"Status","oldValue":null,"newValue":"CONFIRMED"}]},{"activity":"SEPA-Mandat aktualisiert","creationType":"DEFAULT","userName":"system","timeStamp":"2024-01-27T09:25:10.620508+01:00","timelineItemPropertyChangeDtos":[{"property":"SEPA-Mandatsreferenz-Nr.","oldValue":"MLREFM00003","newValue":"MLREFM00003"},{"property":"Status","oldValue":"CONFIRMED","newValue":"SIGNED"}]},{"activity":"Ausstehende E-Mail-Adressen Verifizierung abgelaufen","creationType":"DEFAULT","userName":"system","timeStamp":"2024-01-28T09:25:10.107482+01:00","timelineItemPropertyChangeDtos":[{"property":"E-Mail-Bestätigungs-Status","oldValue":"Warten auf Bestätigung","newValue":"Keine Bestätigung erhalten"}]},{"activity":"Vertrag angelegt","creationType":"DEFAULT","userName":"info@tda-intl.com","timeStamp":"2024-04-19T10:23:18.654556+02:00","timelineItemPropertyChangeDtos":[{"property":"Tarif","oldValue":"Erwachsene","newValue":null},{"property":"Vertragsbeginn","oldValue":"2024-01-27","newValue":null},{"property":"Vertragsende","oldValue":"2024-07-26","newValue":null},{"property":"Nutzungsbeginn","oldValue":null,"newValue":null},{"property":"Laufzeit","oldValue":"3 MONTH","newValue":null},{"property":"Zahlweise","oldValue":"monatlich: 64,99 €","newValue":null}]},{"activity":"Buchung ausgebucht","creationType":"DEFAULT","userName":"info@tda-intl.com","timeStamp":"2024-04-19T10:22:56.468777+02:00","timelineItemPropertyChangeDtos":[{"property":"Beschreibung","oldValue":null,"newValue":"Zahllauf-Position M--0006-0000002"},{"property":"Fälligkeitsdatum","oldValue":null,"newValue":"2024-02-05"},{"property":"Betrag","oldValue":null,"newValue":"108.470000"}]},{"activity":"Vertrag storniert","creationType":"DEFAULT","userName":"info@tda-intl.com","timeStamp":"2024-04-19T10:22:20.697785+02:00","timelineItemPropertyChangeDtos":[{"property":"Tarif","oldValue":"Erwachsene","newValue":null}]},{"activity":"Buchung ausgebucht","creationType":"DEFAULT","userName":"info@tda-intl.com","timeStamp":"2024-04-19T10:22:51.458528+02:00","timelineItemPropertyChangeDtos":[{"property":"Beschreibung","oldValue":null,"newValue":"Zahllauf-Position M--0011-0000002"},{"property":"Fälligkeitsdatum","oldValue":null,"newValue":"2024-04-03"},{"property":"Betrag","oldValue":null,"newValue":"129.980000"}]},{"activity":"Vertrag gekündigt","creationType":"DEFAULT","userName":"info@tda-intl.com","timeStamp":"2025-10-15T12:06:25.834785+02:00","timelineItemPropertyChangeDtos":[{"property":"Tarif","oldValue":null,"newValue":"Erwachsene"},{"property":"Eingang der Kündigung","oldValue":null,"newValue":"2025-10-15"},{"property":"Kündigungsart","oldValue":null,"newValue":"ORDINARY"},{"property":"Kündigung zum","oldValue":null,"newValue":"2026-01-26"},{"property":"Kündigungsgrund","oldValue":null,"newValue":"Persönliche Gründe"},{"property":"Gekündigt von","oldValue":null,"newValue":"CUSTOMER"}]}]}