{"dtos":[{"child":{"id":1210279459,"type":0,"typeAsString":"NEW_CHARGE_TYPE","description":"Kids 01.03.25 - 31.03.25","descriptionShort":"Kids","date":"2025-03-24","amount":34.990000,"amountOpen":0.000000},"parent":{"id":1210280692,"type":50,"typeAsString":"PAYMENT_RUN_TYPE","description":"Zahllauf-Position M--0033-0000005","descriptionShort":"Zahllauf-Position M--0033-0000005","date":"2025-03-26","amount":102.980000,"amountOpen":0.000000},"unlinkCause":null,"linkDate":"2025-03-26","unlinkDate":null,"amount":34.990000},{"child":{"id":1210280692,"type":50,"typeAsString":"PAYMENT_RUN_TYPE","description":"Zahllauf-Position M--0033-0000005","descriptionShort":"Zahllauf-Position M--0033-0000005","date":"2025-03-26","amount":102.980000,"amountOpen":0.000000},"parent":{"id":1210279459,"type":0,"typeAsString":"NEW_CHARGE_TYPE","description":"Kids 01.03.25 - 31.03.25","descriptionShort":"Kids","date":"2025-03-24","amount":34.990000,"amountOpen":0.000000},"unlinkCause":null,"linkDate":"2025-03-26","unlinkDate":null,"amount":34.990000},{"child":{"id":1210279458,"type":0,"typeAsString":"NEW_CHARGE_TYPE","description":"Kids 01.02.25 - 28.02.25","descriptionShort":"Kids","date":"2025-03-24","amount":34.990000,"amountOpen":0.000000},"parent":{"id":1210280692,"type":50,"typeAsString":"PAYMENT_RUN_TYPE","description":"Zahllauf-Position M--0033-0000005","descriptionShort":"Zahllauf-Position M--0033-0000005","date":"2025-03-26","amount":102.980000,"amountOpen":0.000000},"unlinkCause":null,"linkDate":"2025-03-26","unlinkDate":null,"amount":34.990000},{"child":{"id":1210280692,"type":50,"typeAsString":"PAYMENT_RUN_TYPE","description":"Zahllauf-Position M--0033-0000005","descriptionShort":"Zahllauf-Position M--0033-0000005","date":"2025-03-26","amount":102.980000,"amountOpen":0.000000},"parent":{"id":1210279458,"type":0,"typeAsString":"NEW_CHARGE_TYPE","description":"Kids 01.02.25 - 28.02.25","descriptionShort":"Kids","date":"2025-03-24","amount":34.990000,"amountOpen":0.000000},"unlinkCause":null,"linkDate":"2025-03-26","unlinkDate":null,"amount":34.990000},{"child":{"id":1210280550,"type":10,"typeAsString":"NEW_STARTER_PACKAGE_TYPE","description":"Beitrag für Startpaket für Vertrag Kids","descriptionShort":"Kids","date":"2025-03-24","amount":33.000000,"amountOpen":0.000000},"parent":{"id":1210280692,"type":50,"typeAsString":"PAYMENT_RUN_TYPE","description":"Zahllauf-Position M--0033-0000005","descriptionShort":"Zahllauf-Position M--0033-0000005","date":"2025-03-26","amount":102.980000,"amountOpen":0.000000},"unlinkCause":null,"linkDate":"2025-03-26","unlinkDate":null,"amount":33.000000},{"child":{"id":1210280692,"type":50,"typeAsString":"PAYMENT_RUN_TYPE","description":"Zahllauf-Position M--0033-0000005","descriptionShort":"Zahllauf-Position M--0033-0000005","date":"2025-03-26","amount":102.980000,"amountOpen":0.000000},"parent":{"id":1210280550,"type":10,"typeAsString":"NEW_STARTER_PACKAGE_TYPE","description":"Beitrag für Startpaket für Vertrag Kids","descriptionShort":"Kids","date":"2025-03-24","amount":33.000000,"amountOpen":0.000000},"unlinkCause":null,"linkDate":"2025-03-26","unlinkDate":null,"amount":33.000000},{"child":{"id":1210280540,"type":0,"typeAsString":"NEW_CHARGE_TYPE","description":"Kids 01.04.25 - 30.04.25","descriptionShort":"Kids","date":"2025-04-01","amount":34.990000,"amountOpen":0.000000},"parent":{"id":1210282673,"type":50,"typeAsString":"PAYMENT_RUN_TYPE","description":"Zahllauf-Position M--0034-0000020","descriptionShort":"Zahllauf-Position M--0034-0000020","date":"2025-04-01","amount":34.990000,"amountOpen":0.000000},"unlinkCause":null,"linkDate":"2025-04-01","unlinkDate":null,"amount":34.990000},{"child":{"id":1210282673,"type":50,"typeAsString":"PAYMENT_RUN_TYPE","description":"Zahllauf-Position M--0034-0000020","descriptionShort":"Zahllauf-Position M--0034-0000020","date":"2025-04-01","amount":34.990000,"amountOpen":0.000000},"parent":{"id":1210280540,"type":0,"typeAsString":"NEW_CHARGE_TYPE","description":"Kids 01.04.25 - 30.04.25","descriptionShort":"Kids","date":"2025-04-01","amount":34.990000,"amountOpen":0.000000},"unlinkCause":null,"linkDate":"2025-04-01","unlinkDate":null,"amount":34.990000},{"child":{"id":1210280541,"type":0,"typeAsString":"NEW_CHARGE_TYPE","description":"Kids 01.05.25 - 31.05.25","descriptionShort":"Kids","date":"2025-05-01","amount":34.990000,"amountOpen":0.000000},"parent":{"id":1210303224,"type":50,"typeAsString":"PAYMENT_RUN_TYPE","description":"Zahllauf-Position M--0035-0000020","descriptionShort":"Zahllauf-Position M--0035-0000020","date":"2025-05-02","amount":34.990000,"amountOpen":0.000000},"unlinkCause":null,"linkDate":"2025-05-02","unlinkDate":null,"amount":34.990000},{"child":{"id":1210303224,"type":50,"typeAsString":"PAYMENT_RUN_TYPE","description":"Zahllauf-Position M--0035-0000020","descriptionShort":"Zahllauf-Position M--0035-0000020","date":"2025-05-02","amount":34.990000,"amountOpen":0.000000},"parent":{"id":1210280541,"type":0,"typeAsString":"NEW_CHARGE_TYPE","description":"Kids 01.05.25 - 31.05.25","descriptionShort":"Kids","date":"2025-05-01","amount":34.990000,"amountOpen":0.000000},"unlinkCause":null,"linkDate":"2025-05-02","unlinkDate":null,"amount":34.990000},{"child":{"id":1210280542,"type":0,"typeAsString":"NEW_CHARGE_TYPE","description":"Kids 01.06.25 - 30.06.25","descriptionShort":"Kids","date":"2025-06-01","amount":34.990000,"amountOpen":0.000000},"parent":{"id":1210321756,"type":50,"typeAsString":"PAYMENT_RUN_TYPE","description":"Zahllauf-Position M--0036-0000020","descriptionShort":"Zahllauf-Position M--0036-0000020","date":"2025-06-01","amount":34.990000,"amountOpen":0.000000},"unlinkCause":null,"linkDate":"2025-06-01","unlinkDate":null,"amount":34.990000},{"child":{"id":1210321756,"type":50,"typeAsString":"PAYMENT_RUN_TYPE","description":"Zahllauf-Position M--0036-0000020","descriptionShort":"Zahllauf-Position M--0036-0000020","date":"2025-06-01","amount":34.990000,"amountOpen":0.000000},"parent":{"id":1210280542,"type":0,"typeAsString":"NEW_CHARGE_TYPE","description":"Kids 01.06.25 - 30.06.25","descriptionShort":"Kids","date":"2025-06-01","amount":34.990000,"amountOpen":0.000000},"unlinkCause":null,"linkDate":"2025-06-01","unlinkDate":null,"amount":34.990000},{"child":{"id":1210280543,"type":0,"typeAsString":"NEW_CHARGE_TYPE","description":"Kids 01.07.25 - 31.07.25","descriptionShort":"Kids","date":"2025-07-01","amount":34.990000,"amountOpen":0.000000},"parent":{"id":1210340247,"type":50,"typeAsString":"PAYMENT_RUN_TYPE","description":"Zahllauf-Position M--0037-0000020","descriptionShort":"Zahllauf-Position M--0037-0000020","date":"2025-07-02","amount":34.990000,"amountOpen":0.000000},"unlinkCause":null,"linkDate":"2025-07-02","unlinkDate":null,"amount":34.990000},{"child":{"id":1210340247,"type":50,"typeAsString":"PAYMENT_RUN_TYPE","description":"Zahllauf-Position M--0037-0000020","descriptionShort":"Zahllauf-Position M--0037-0000020","date":"2025-07-02","amount":34.990000,"amountOpen":0.000000},"parent":{"id":1210280543,"type":0,"typeAsString":"NEW_CHARGE_TYPE","description":"Kids 01.07.25 - 31.07.25","descriptionShort":"Kids","date":"2025-07-01","amount":34.990000,"amountOpen":0.000000},"unlinkCause":null,"linkDate":"2025-07-02","unlinkDate":null,"amount":34.990000},{"child":{"id":1210280544,"type":0,"typeAsString":"NEW_CHARGE_TYPE","description":"Kids 01.08.25 - 31.08.25","descriptionShort":"Kids","date":"2025-08-01","amount":34.990000,"amountOpen":0.000000},"parent":{"id":1210360659,"type":50,"typeAsString":"PAYMENT_RUN_TYPE","description":"Zahllauf-Position M--0040-0000022","descriptionShort":"Zahllauf-Position M--0040-0000022","date":"2025-08-01","amount":34.990000,"amountOpen":0.000000},"unlinkCause":null,"linkDate":"2025-08-01","unlinkDate":null,"amount":34.990000},{"child":{"id":1210360659,"type":50,"typeAsString":"PAYMENT_RUN_TYPE","description":"Zahllauf-Position M--0040-0000022","descriptionShort":"Zahllauf-Position M--0040-0000022","date":"2025-08-01","amount":34.990000,"amountOpen":0.000000},"parent":{"id":1210280544,"type":0,"typeAsString":"NEW_CHARGE_TYPE","description":"Kids 01.08.25 - 31.08.25","descriptionShort":"Kids","date":"2025-08-01","amount":34.990000,"amountOpen":0.000000},"unlinkCause":null,"linkDate":"2025-08-01","unlinkDate":null,"amount":34.990000},{"child":{"id":1210280545,"type":0,"typeAsString":"NEW_CHARGE_TYPE","description":"Kids 01.09.25 - 30.09.25","descriptionShort":"Kids","date":"2025-09-01","amount":34.990000,"amountOpen":0.000000},"parent":{"id":1210377841,"type":50,"typeAsString":"PAYMENT_RUN_TYPE","description":"Zahllauf-Position M--0041-0000022","descriptionShort":"Zahllauf-Position M--0041-0000022","date":"2025-09-01","amount":34.990000,"amountOpen":0.000000},"unlinkCause":null,"linkDate":"2025-09-01","unlinkDate":null,"amount":34.990000},{"child":{"id":1210377841,"type":50,"typeAsString":"PAYMENT_RUN_TYPE","description":"Zahllauf-Position M--0041-0000022","descriptionShort":"Zahllauf-Position M--0041-0000022","date":"2025-09-01","amount":34.990000,"amountOpen":0.000000},"parent":{"id":1210280545,"type":0,"typeAsString":"NEW_CHARGE_TYPE","description":"Kids 01.09.25 - 30.09.25","descriptionShort":"Kids","date":"2025-09-01","amount":34.990000,"amountOpen":0.000000},"unlinkCause":null,"linkDate":"2025-09-01","unlinkDate":null,"amount":34.990000},{"child":{"id":1210280546,"type":0,"typeAsString":"NEW_CHARGE_TYPE","description":"Kids 01.10.25 - 31.10.25","descriptionShort":"Kids","date":"2025-10-01","amount":34.990000,"amountOpen":0.000000},"parent":{"id":1210396975,"type":50,"typeAsString":"PAYMENT_RUN_TYPE","description":"Zahllauf-Position M--0042-0000022","descriptionShort":"Zahllauf-Position M--0042-0000022","date":"2025-10-02","amount":34.990000,"amountOpen":0.000000},"unlinkCause":null,"linkDate":"2025-10-02","unlinkDate":null,"amount":34.990000},{"child":{"id":1210396975,"type":50,"typeAsString":"PAYMENT_RUN_TYPE","description":"Zahllauf-Position M--0042-0000022","descriptionShort":"Zahllauf-Position M--0042-0000022","date":"2025-10-02","amount":34.990000,"amountOpen":0.000000},"parent":{"id":1210280546,"type":0,"typeAsString":"NEW_CHARGE_TYPE","description":"Kids 01.10.25 - 31.10.25","descriptionShort":"Kids","date":"2025-10-01","amount":34.990000,"amountOpen":0.000000},"unlinkCause":null,"linkDate":"2025-10-02","unlinkDate":null,"amount":34.990000},{"child":{"id":1210280547,"type":0,"typeAsString":"NEW_CHARGE_TYPE","description":"Kids 01.11.25 - 30.11.25","descriptionShort":"Kids","date":"2025-11-01","amount":34.990000,"amountOpen":0.000000},"parent":{"id":1210417420,"type":50,"typeAsString":"PAYMENT_RUN_TYPE","description":"Zahllauf-Position M--0043-0000022","descriptionShort":"Zahllauf-Position M--0043-0000022","date":"2025-11-01","amount":34.990000,"amountOpen":0.000000},"unlinkCause":null,"linkDate":"2025-11-01","unlinkDate":null,"amount":34.990000},{"child":{"id":1210417420,"type":50,"typeAsString":"PAYMENT_RUN_TYPE","description":"Zahllauf-Position M--0043-0000022","descriptionShort":"Zahllauf-Position M--0043-0000022","date":"2025-11-01","amount":34.990000,"amountOpen":0.000000},"parent":{"id":1210280547,"type":0,"typeAsString":"NEW_CHARGE_TYPE","description":"Kids 01.11.25 - 30.11.25","descriptionShort":"Kids","date":"2025-11-01","amount":34.990000,"amountOpen":0.000000},"unlinkCause":null,"linkDate":"2025-11-01","unlinkDate":null,"amount":34.990000},{"child":{"id":1210280548,"type":0,"typeAsString":"NEW_CHARGE_TYPE","description":"Kids 01.12.25 - 31.12.25","descriptionShort":"Kids","date":"2025-12-01","amount":34.990000,"amountOpen":0.000000},"parent":{"id":1210440508,"type":50,"typeAsString":"PAYMENT_RUN_TYPE","description":"Zahllauf-Position M--0046-0000024","descriptionShort":"Zahllauf-Position M--0046-0000024","date":"2025-12-02","amount":34.990000,"amountOpen":0.000000},"unlinkCause":null,"linkDate":"2025-12-02","unlinkDate":null,"amount":34.990000},{"child":{"id":1210440508,"type":50,"typeAsString":"PAYMENT_RUN_TYPE","description":"Zahllauf-Position M--0046-0000024","descriptionShort":"Zahllauf-Position M--0046-0000024","date":"2025-12-02","amount":34.990000,"amountOpen":0.000000},"parent":{"id":1210280548,"type":0,"typeAsString":"NEW_CHARGE_TYPE","description":"Kids 01.12.25 - 31.12.25","descriptionShort":"Kids","date":"2025-12-01","amount":34.990000,"amountOpen":0.000000},"unlinkCause":null,"linkDate":"2025-12-02","unlinkDate":null,"amount":34.990000}]}