[{"customerNumber":"M-21","firstName":"Richard","lastName":"Hilger","dateOfBirth":"2010-02-12","email":"melanie-hilger@web.de","street":"Hauptstraße","houseNumber":"18","addition":null,"zip":"84155","city":"Bodenkirchen","country":"Germany","rateName":"Kids","rateTerm":"12M","cancellationPeriod":"3M","paymentFrequency":"1M","chargeAmountAtContractStart":34.99,"chargeAmountCurrent":34.99,"starterPackageAmount":33.000000,"paymentType":"Lastschrift","paymentTypeContract":null,"signedContract":"24.03.2025","startDate":"2025-02-01","startDateOfUse":null,"startDateIncludingPreviousContracts":"2025-02-01","startDateOfUseIncludingPreviousContracts":null,"externalIdentifier":"","countPeriod":1,"endDateCurrentTerm":"2026-01-31","endDate":"2026-01-31","lastPossibleCancellationDate":"2025-10-31","origin":"Verwaltung","campaign":"","extensionType":"Vertragsverlängerung","extensionRate":"","extensionValue":"12M","chargeAmountNextPeriod":null,"cancelledTo":"2026-01-31","cancelledAt":"2025-06-30","cancellationType":"Ordentliche Kündigung","cancellationReason":"Unbekannt","paymentRunGroupName":null,"paidTimePeriodCalculationType":"Kalendarium","company":null,"externalId":null,"location":null,"voucherCode":null,"imported":null,"voucherType":null,"discountType":null,"voucherAmount":null,"discountEffectivePeriod":null,"discountValidFrom":null,"discountValidUntil":null,"additionalDiscount":null,"additionalDiscountType":null,"additionalDiscountEffectivePeriod":null,"additionalDiscountValidFrom":null,"additionalDiscountValidUntil":null,"voucherBonusPeriodDuration":null,"voucherBonusPeriodType":null,"voucherBonusPeriodStartDate":null,"voucherBonusPeriodEndDate":null,"omitStarterPackage":null,"hasAdditionalVoucher":null,"id":1210279421,"type":"CONTRACT","referenceContractId":null}]