{"uuid":"19244b16-148f-44c4-a691-24fe74712504","lastName":"Hilger","firstName":"Richard","dateOfBirth":"2010-02-12","placeOfBirth":null,"countryOfBirth":null,"gender":"Männlich","title":"NONE","taxId":null,"documentNumber":null,"documentType":null,"email":"melanie-hilger@web.de","addresses":[{"street":"Hauptstraße","houseNumber":"18","addition":null,"zip":"84155","city":"Bodenkirchen","country":"DE","additionalInformation":null,"streetType":null,"block":null,"portal":null,"stairway":null,"floor":null,"door":null,"province":null,"secondStreet":null,"buildingName":null,"cityPart":null,"district":null,"addressStatus":"VALID","statusInformation":null,"addressStatusSince":null}]}