{"uuid":"19244b16-148f-44c4-a691-24fe74712504","customerNumber":"M-21","customerStatus":"Mitglied","gender":"Männlich","title":"Kein Titel","lastName":"Hilger","secondLastName":null,"firstName":"Richard","secondFirstName":null,"dateOfBirth":"2010-02-12","note":null,"cardNumbers":"","customerTags":"","addresses":[{"street":"Hauptstraße","houseNumber":"18","addition":null,"zip":"84155","city":"Bodenkirchen","country":"DE","additionalInformation":null,"streetType":null,"block":null,"portal":null,"stairway":null,"floor":null,"door":null,"province":null,"secondStreet":null,"buildingName":null,"cityPart":null,"district":null,"addressStatus":"VALID","statusInformation":null,"addressStatusSince":null}],"contact":{"telPrivate":"0874591218","telBusiness":null,"telPrivateMobile":"015170332745","telBusinessMobile":null,"email":"melanie-hilger@web.de"},"paymentMethod":"Lastschrift","bankAccount":{"accountHolder":"Melanie Hilger","iban":"DE70743923000000414697","bic":"GENODEF1VBV","bankName":"VR-Bank Isar-Vils","sepaMandateDtos":[{"sepaMandateStatus":"CONFIRMED","referenceNumber":"MLREFM00021","mandateGivenDate":"2025-02-13","mandateWithdrawnDate":null,"signatureRequired":true,"owner":"STUDIO"}]},"emailStatus":{"type":"NOT_YET_USED","information":""},"importedFrom":"NONE","communicationStop":false,"campaign":null,"taxId":null,"documentIdentificationm":null,"locale":null,"deceased":false,"referralCode":"QK9XQ","excludedFromReferral":false,"medicalCertificate":null,"aggregatorAssignments":[],"referralType":null,"lead":null}