{"timelineItemDtos":[{"activity":"SEPA-Mandat erteilt","creationType":"DEFAULT","userName":"info@tda-intl.com","timeStamp":"2025-03-24T08:03:20.079603+01:00","timelineItemPropertyChangeDtos":[{"property":"SEPA-Mandatsreferenz-Nr.","oldValue":null,"newValue":"MLREFM00021"},{"property":"Status","oldValue":null,"newValue":"CONFIRMED"}]},{"activity":"Mitglied angelegt","creationType":"DEFAULT","userName":"info@tda-intl.com","timeStamp":"2025-03-24T08:03:20.080394+01:00","timelineItemPropertyChangeDtos":[]},{"activity":"Vertrag angelegt","creationType":"DEFAULT","userName":"info@tda-intl.com","timeStamp":"2025-03-24T08:03:20.124855+01:00","timelineItemPropertyChangeDtos":[{"property":"Tarif","oldValue":"Kids","newValue":null},{"property":"Vertragsbeginn","oldValue":"2025-02-01","newValue":null},{"property":"Vertragsende","oldValue":"2026-01-31","newValue":null},{"property":"Nutzungsbeginn","oldValue":null,"newValue":null},{"property":"Laufzeit","oldValue":"12 MONTH","newValue":null},{"property":"Zahlweise","oldValue":"monatlich: 34,99 €","newValue":null}]},{"activity":"Vertrag gekündigt","creationType":"DEFAULT","userName":"info@tda-intl.com","timeStamp":"2025-10-02T08:57:40.059271+02:00","timelineItemPropertyChangeDtos":[{"property":"Tarif","oldValue":null,"newValue":"Kids"},{"property":"Eingang der Kündigung","oldValue":null,"newValue":"2025-06-30"},{"property":"Kündigungsart","oldValue":null,"newValue":"ORDINARY"},{"property":"Kündigung zum","oldValue":null,"newValue":"2026-01-31"},{"property":"Kündigungsgrund","oldValue":null,"newValue":"Unbekannt"},{"property":"Gekündigt von","oldValue":null,"newValue":"CUSTOMER"}]}]}