{"uuid":"7792d2f6-898b-49b6-885e-05c73f954e74","lastName":"Demberger","firstName":"Jakob","dateOfBirth":"2018-05-28","placeOfBirth":null,"countryOfBirth":null,"gender":"Männlich","title":"NONE","taxId":null,"documentNumber":null,"documentType":null,"email":"stefanie.demberger@gmx.de","addresses":[{"street":"Föhrenstr","houseNumber":"7","addition":null,"zip":"84513","city":"Erharting","country":"DE","additionalInformation":null,"streetType":null,"block":null,"portal":null,"stairway":null,"floor":null,"door":null,"province":null,"secondStreet":null,"buildingName":null,"cityPart":null,"district":null,"addressStatus":"VALID","statusInformation":null,"addressStatusSince":null}]}