{"uuid":"7792d2f6-898b-49b6-885e-05c73f954e74","customerNumber":"M-30","customerStatus":"Mitglied","gender":"Männlich","title":"Kein Titel","lastName":"Demberger","secondLastName":null,"firstName":"Jakob","secondFirstName":null,"dateOfBirth":"2018-05-28","note":null,"cardNumbers":"","customerTags":"","addresses":[{"street":"Föhrenstr","houseNumber":"7","addition":null,"zip":"84513","city":"Erharting","country":"DE","additionalInformation":null,"streetType":null,"block":null,"portal":null,"stairway":null,"floor":null,"door":null,"province":null,"secondStreet":null,"buildingName":null,"cityPart":null,"district":null,"addressStatus":"VALID","statusInformation":null,"addressStatusSince":null}],"contact":{"telPrivate":"(08631) 166-8414","telBusiness":null,"telPrivateMobile":"(0160) 624-5547","telBusinessMobile":null,"email":"stefanie.demberger@gmx.de"},"paymentMethod":"Lastschrift","bankAccount":{"accountHolder":"Stefanie Demberger","iban":"DE55711510200031306715","bic":"BYLADEM1MDF","bankName":"Sparkasse Altötting-Mühldorf","sepaMandateDtos":[{"sepaMandateStatus":"CONFIRMED","referenceNumber":"MLREFM00030","mandateGivenDate":"2025-11-26","mandateWithdrawnDate":null,"signatureRequired":true,"owner":"STUDIO"}]},"emailStatus":{"type":"NOT_YET_USED","information":""},"importedFrom":"NONE","communicationStop":false,"campaign":null,"taxId":null,"documentIdentificationm":null,"locale":null,"deceased":false,"referralCode":"20092","excludedFromReferral":false,"medicalCertificate":null,"aggregatorAssignments":[],"referralType":null,"lead":null}