{"dtos":[{"child":{"id":1210280272,"type":10,"typeAsString":"NEW_STARTER_PACKAGE_TYPE","description":"Beitrag für Startpaket für Vertrag Kids","descriptionShort":"Kids","date":"2025-03-24","amount":33.000000,"amountOpen":0.000000},"parent":{"id":1210280694,"type":50,"typeAsString":"PAYMENT_RUN_TYPE","description":"Zahllauf-Position M--0033-0000004","descriptionShort":"Zahllauf-Position M--0033-0000004","date":"2025-03-26","amount":86.020000,"amountOpen":0.000000},"unlinkCause":null,"linkDate":"2025-03-26","unlinkDate":null,"amount":33.000000},{"child":{"id":1210280694,"type":50,"typeAsString":"PAYMENT_RUN_TYPE","description":"Zahllauf-Position M--0033-0000004","descriptionShort":"Zahllauf-Position M--0033-0000004","date":"2025-03-26","amount":86.020000,"amountOpen":0.000000},"parent":{"id":1210280272,"type":10,"typeAsString":"NEW_STARTER_PACKAGE_TYPE","description":"Beitrag für Startpaket für Vertrag Kids","descriptionShort":"Kids","date":"2025-03-24","amount":33.000000,"amountOpen":0.000000},"unlinkCause":null,"linkDate":"2025-03-26","unlinkDate":null,"amount":33.000000},{"child":{"id":1210279609,"type":0,"typeAsString":"NEW_CHARGE_TYPE","description":"Kids 01.03.25 - 31.03.25","descriptionShort":"Kids","date":"2025-03-24","amount":44.990000,"amountOpen":0.000000},"parent":{"id":1210280694,"type":50,"typeAsString":"PAYMENT_RUN_TYPE","description":"Zahllauf-Position M--0033-0000004","descriptionShort":"Zahllauf-Position M--0033-0000004","date":"2025-03-26","amount":86.020000,"amountOpen":0.000000},"unlinkCause":null,"linkDate":"2025-03-26","unlinkDate":null,"amount":44.990000},{"child":{"id":1210280694,"type":50,"typeAsString":"PAYMENT_RUN_TYPE","description":"Zahllauf-Position M--0033-0000004","descriptionShort":"Zahllauf-Position M--0033-0000004","date":"2025-03-26","amount":86.020000,"amountOpen":0.000000},"parent":{"id":1210279609,"type":0,"typeAsString":"NEW_CHARGE_TYPE","description":"Kids 01.03.25 - 31.03.25","descriptionShort":"Kids","date":"2025-03-24","amount":44.990000,"amountOpen":0.000000},"unlinkCause":null,"linkDate":"2025-03-26","unlinkDate":null,"amount":44.990000},{"child":{"id":1210279608,"type":0,"typeAsString":"NEW_CHARGE_TYPE","description":"Kids 24.02.25 - 28.02.25","descriptionShort":"Kids","date":"2025-03-24","amount":8.030000,"amountOpen":0.000000},"parent":{"id":1210280694,"type":50,"typeAsString":"PAYMENT_RUN_TYPE","description":"Zahllauf-Position M--0033-0000004","descriptionShort":"Zahllauf-Position M--0033-0000004","date":"2025-03-26","amount":86.020000,"amountOpen":0.000000},"unlinkCause":null,"linkDate":"2025-03-26","unlinkDate":null,"amount":8.030000},{"child":{"id":1210280694,"type":50,"typeAsString":"PAYMENT_RUN_TYPE","description":"Zahllauf-Position M--0033-0000004","descriptionShort":"Zahllauf-Position M--0033-0000004","date":"2025-03-26","amount":86.020000,"amountOpen":0.000000},"parent":{"id":1210279608,"type":0,"typeAsString":"NEW_CHARGE_TYPE","description":"Kids 24.02.25 - 28.02.25","descriptionShort":"Kids","date":"2025-03-24","amount":8.030000,"amountOpen":0.000000},"unlinkCause":null,"linkDate":"2025-03-26","unlinkDate":null,"amount":8.030000},{"child":{"id":1210280270,"type":0,"typeAsString":"NEW_CHARGE_TYPE","description":"Kids 01.04.25 - 30.04.25","descriptionShort":"Kids","date":"2025-04-01","amount":44.990000,"amountOpen":0.000000},"parent":{"id":1210282862,"type":50,"typeAsString":"PAYMENT_RUN_TYPE","description":"Zahllauf-Position M--0034-0000019","descriptionShort":"Zahllauf-Position M--0034-0000019","date":"2025-04-01","amount":44.990000,"amountOpen":0.000000},"unlinkCause":null,"linkDate":"2025-04-01","unlinkDate":null,"amount":44.990000},{"child":{"id":1210282862,"type":50,"typeAsString":"PAYMENT_RUN_TYPE","description":"Zahllauf-Position M--0034-0000019","descriptionShort":"Zahllauf-Position M--0034-0000019","date":"2025-04-01","amount":44.990000,"amountOpen":0.000000},"parent":{"id":1210280270,"type":0,"typeAsString":"NEW_CHARGE_TYPE","description":"Kids 01.04.25 - 30.04.25","descriptionShort":"Kids","date":"2025-04-01","amount":44.990000,"amountOpen":0.000000},"unlinkCause":null,"linkDate":"2025-04-01","unlinkDate":null,"amount":44.990000},{"child":{"id":1210280271,"type":0,"typeAsString":"NEW_CHARGE_TYPE","description":"Kids 01.05.25 - 31.05.25","descriptionShort":"Kids","date":"2025-05-01","amount":44.990000,"amountOpen":0.000000},"parent":{"id":1210303221,"type":50,"typeAsString":"PAYMENT_RUN_TYPE","description":"Zahllauf-Position M--0035-0000019","descriptionShort":"Zahllauf-Position M--0035-0000019","date":"2025-05-02","amount":44.990000,"amountOpen":0.000000},"unlinkCause":null,"linkDate":"2025-05-02","unlinkDate":null,"amount":44.990000},{"child":{"id":1210303221,"type":50,"typeAsString":"PAYMENT_RUN_TYPE","description":"Zahllauf-Position M--0035-0000019","descriptionShort":"Zahllauf-Position M--0035-0000019","date":"2025-05-02","amount":44.990000,"amountOpen":0.000000},"parent":{"id":1210280271,"type":0,"typeAsString":"NEW_CHARGE_TYPE","description":"Kids 01.05.25 - 31.05.25","descriptionShort":"Kids","date":"2025-05-01","amount":44.990000,"amountOpen":0.000000},"unlinkCause":null,"linkDate":"2025-05-02","unlinkDate":null,"amount":44.990000},{"child":{"id":1210300770,"type":0,"typeAsString":"NEW_CHARGE_TYPE","description":"Kids 01.06.25 - 30.06.25","descriptionShort":"Kids","date":"2025-06-01","amount":44.990000,"amountOpen":0.000000},"parent":{"id":1210321706,"type":50,"typeAsString":"PAYMENT_RUN_TYPE","description":"Zahllauf-Position M--0036-0000019","descriptionShort":"Zahllauf-Position M--0036-0000019","date":"2025-06-01","amount":44.990000,"amountOpen":0.000000},"unlinkCause":null,"linkDate":"2025-06-01","unlinkDate":null,"amount":44.990000},{"child":{"id":1210321706,"type":50,"typeAsString":"PAYMENT_RUN_TYPE","description":"Zahllauf-Position M--0036-0000019","descriptionShort":"Zahllauf-Position M--0036-0000019","date":"2025-06-01","amount":44.990000,"amountOpen":0.000000},"parent":{"id":1210300770,"type":0,"typeAsString":"NEW_CHARGE_TYPE","description":"Kids 01.06.25 - 30.06.25","descriptionShort":"Kids","date":"2025-06-01","amount":44.990000,"amountOpen":0.000000},"unlinkCause":null,"linkDate":"2025-06-01","unlinkDate":null,"amount":44.990000},{"child":{"id":1210300771,"type":0,"typeAsString":"NEW_CHARGE_TYPE","description":"Kids 01.07.25 - 31.07.25","descriptionShort":"Kids","date":"2025-07-01","amount":44.990000,"amountOpen":0.000000},"parent":{"id":1210340184,"type":50,"typeAsString":"PAYMENT_RUN_TYPE","description":"Zahllauf-Position M--0037-0000019","descriptionShort":"Zahllauf-Position M--0037-0000019","date":"2025-07-02","amount":44.990000,"amountOpen":0.000000},"unlinkCause":null,"linkDate":"2025-07-02","unlinkDate":null,"amount":44.990000},{"child":{"id":1210340184,"type":50,"typeAsString":"PAYMENT_RUN_TYPE","description":"Zahllauf-Position M--0037-0000019","descriptionShort":"Zahllauf-Position M--0037-0000019","date":"2025-07-02","amount":44.990000,"amountOpen":0.000000},"parent":{"id":1210300771,"type":0,"typeAsString":"NEW_CHARGE_TYPE","description":"Kids 01.07.25 - 31.07.25","descriptionShort":"Kids","date":"2025-07-01","amount":44.990000,"amountOpen":0.000000},"unlinkCause":null,"linkDate":"2025-07-02","unlinkDate":null,"amount":44.990000},{"child":{"id":1210300772,"type":0,"typeAsString":"NEW_CHARGE_TYPE","description":"Kids 01.08.25 - 31.08.25","descriptionShort":"Kids","date":"2025-08-01","amount":44.990000,"amountOpen":0.000000},"parent":{"id":1210360721,"type":50,"typeAsString":"PAYMENT_RUN_TYPE","description":"Zahllauf-Position M--0040-0000021","descriptionShort":"Zahllauf-Position M--0040-0000021","date":"2025-08-01","amount":44.990000,"amountOpen":0.000000},"unlinkCause":null,"linkDate":"2025-08-01","unlinkDate":null,"amount":44.990000},{"child":{"id":1210360721,"type":50,"typeAsString":"PAYMENT_RUN_TYPE","description":"Zahllauf-Position M--0040-0000021","descriptionShort":"Zahllauf-Position M--0040-0000021","date":"2025-08-01","amount":44.990000,"amountOpen":0.000000},"parent":{"id":1210300772,"type":0,"typeAsString":"NEW_CHARGE_TYPE","description":"Kids 01.08.25 - 31.08.25","descriptionShort":"Kids","date":"2025-08-01","amount":44.990000,"amountOpen":0.000000},"unlinkCause":null,"linkDate":"2025-08-01","unlinkDate":null,"amount":44.990000},{"child":{"id":1210358850,"type":0,"typeAsString":"NEW_CHARGE_TYPE","description":"Kids 01.09.25 - 30.09.25","descriptionShort":"Kids","date":"2025-09-01","amount":44.990000,"amountOpen":0.000000},"parent":{"id":1210377840,"type":50,"typeAsString":"PAYMENT_RUN_TYPE","description":"Zahllauf-Position M--0041-0000021","descriptionShort":"Zahllauf-Position M--0041-0000021","date":"2025-09-01","amount":44.990000,"amountOpen":0.000000},"unlinkCause":null,"linkDate":"2025-09-01","unlinkDate":null,"amount":44.990000},{"child":{"id":1210377840,"type":50,"typeAsString":"PAYMENT_RUN_TYPE","description":"Zahllauf-Position M--0041-0000021","descriptionShort":"Zahllauf-Position M--0041-0000021","date":"2025-09-01","amount":44.990000,"amountOpen":0.000000},"parent":{"id":1210358850,"type":0,"typeAsString":"NEW_CHARGE_TYPE","description":"Kids 01.09.25 - 30.09.25","descriptionShort":"Kids","date":"2025-09-01","amount":44.990000,"amountOpen":0.000000},"unlinkCause":null,"linkDate":"2025-09-01","unlinkDate":null,"amount":44.990000},{"child":{"id":1210358851,"type":0,"typeAsString":"NEW_CHARGE_TYPE","description":"Kids 01.10.25 - 31.10.25","descriptionShort":"Kids","date":"2025-10-01","amount":44.990000,"amountOpen":0.000000},"parent":{"id":1210396474,"type":50,"typeAsString":"PAYMENT_RUN_TYPE","description":"Zahllauf-Position M--0042-0000021","descriptionShort":"Zahllauf-Position M--0042-0000021","date":"2025-10-02","amount":44.990000,"amountOpen":0.000000},"unlinkCause":null,"linkDate":"2025-10-02","unlinkDate":null,"amount":44.990000},{"child":{"id":1210396474,"type":50,"typeAsString":"PAYMENT_RUN_TYPE","description":"Zahllauf-Position M--0042-0000021","descriptionShort":"Zahllauf-Position M--0042-0000021","date":"2025-10-02","amount":44.990000,"amountOpen":0.000000},"parent":{"id":1210358851,"type":0,"typeAsString":"NEW_CHARGE_TYPE","description":"Kids 01.10.25 - 31.10.25","descriptionShort":"Kids","date":"2025-10-01","amount":44.990000,"amountOpen":0.000000},"unlinkCause":null,"linkDate":"2025-10-02","unlinkDate":null,"amount":44.990000},{"child":{"id":1210358852,"type":0,"typeAsString":"NEW_CHARGE_TYPE","description":"Kids 01.11.25 - 30.11.25","descriptionShort":"Kids","date":"2025-11-01","amount":44.990000,"amountOpen":0.000000},"parent":{"id":1210416942,"type":50,"typeAsString":"PAYMENT_RUN_TYPE","description":"Zahllauf-Position M--0043-0000021","descriptionShort":"Zahllauf-Position M--0043-0000021","date":"2025-11-01","amount":44.990000,"amountOpen":0.000000},"unlinkCause":null,"linkDate":"2025-11-01","unlinkDate":null,"amount":44.990000},{"child":{"id":1210416942,"type":50,"typeAsString":"PAYMENT_RUN_TYPE","description":"Zahllauf-Position M--0043-0000021","descriptionShort":"Zahllauf-Position M--0043-0000021","date":"2025-11-01","amount":44.990000,"amountOpen":0.000000},"parent":{"id":1210358852,"type":0,"typeAsString":"NEW_CHARGE_TYPE","description":"Kids 01.11.25 - 30.11.25","descriptionShort":"Kids","date":"2025-11-01","amount":44.990000,"amountOpen":0.000000},"unlinkCause":null,"linkDate":"2025-11-01","unlinkDate":null,"amount":44.990000},{"child":{"id":1210414290,"type":0,"typeAsString":"NEW_CHARGE_TYPE","description":"Kids 01.12.25 - 31.12.25","descriptionShort":"Kids","date":"2025-12-01","amount":44.990000,"amountOpen":0.000000},"parent":{"id":1210440503,"type":50,"typeAsString":"PAYMENT_RUN_TYPE","description":"Zahllauf-Position M--0046-0000023","descriptionShort":"Zahllauf-Position M--0046-0000023","date":"2025-12-02","amount":44.990000,"amountOpen":0.000000},"unlinkCause":null,"linkDate":"2025-12-02","unlinkDate":null,"amount":44.990000},{"child":{"id":1210440503,"type":50,"typeAsString":"PAYMENT_RUN_TYPE","description":"Zahllauf-Position M--0046-0000023","descriptionShort":"Zahllauf-Position M--0046-0000023","date":"2025-12-02","amount":44.990000,"amountOpen":0.000000},"parent":{"id":1210414290,"type":0,"typeAsString":"NEW_CHARGE_TYPE","description":"Kids 01.12.25 - 31.12.25","descriptionShort":"Kids","date":"2025-12-01","amount":44.990000,"amountOpen":0.000000},"unlinkCause":null,"linkDate":"2025-12-02","unlinkDate":null,"amount":44.990000}]}