[{"customerNumber":"M-20","firstName":"Vlad","lastName":"Turlea","dateOfBirth":"2014-03-22","email":"bogdan.turlea.22@gmail.com","street":"Schlossfeld","houseNumber":"24","addition":null,"zip":"84175","city":"Gerzen","country":"Germany","rateName":"Kids","rateTerm":"3M","cancellationPeriod":"1M","paymentFrequency":"1M","chargeAmountAtContractStart":44.99,"chargeAmountCurrent":44.99,"starterPackageAmount":33.000000,"paymentType":"Lastschrift","paymentTypeContract":null,"signedContract":"24.03.2025","startDate":"2025-02-24","startDateOfUse":null,"startDateIncludingPreviousContracts":"2025-02-24","startDateOfUseIncludingPreviousContracts":null,"externalIdentifier":"","countPeriod":4,"endDateCurrentTerm":"2026-02-23","endDate":"2026-02-23","lastPossibleCancellationDate":"2026-01-23","origin":"Verwaltung","campaign":"","extensionType":"Vertragsverlängerung","extensionRate":"","extensionValue":"3M","chargeAmountNextPeriod":44.99,"cancelledTo":null,"cancelledAt":null,"cancellationType":"","cancellationReason":"","paymentRunGroupName":null,"paidTimePeriodCalculationType":"Kalendarium","company":null,"externalId":null,"location":null,"voucherCode":null,"imported":null,"voucherType":null,"discountType":null,"voucherAmount":null,"discountEffectivePeriod":null,"discountValidFrom":null,"discountValidUntil":null,"additionalDiscount":null,"additionalDiscountType":null,"additionalDiscountEffectivePeriod":null,"additionalDiscountValidFrom":null,"additionalDiscountValidUntil":null,"voucherBonusPeriodDuration":null,"voucherBonusPeriodType":null,"voucherBonusPeriodStartDate":null,"voucherBonusPeriodEndDate":null,"omitStarterPackage":null,"hasAdditionalVoucher":null,"id":1210279571,"type":"CONTRACT","referenceContractId":null}]