{"uuid":"47658a31-d6ff-4a84-8b47-68486c60cd99","lastName":"Turlea","firstName":"Vlad","dateOfBirth":"2014-03-22","placeOfBirth":null,"countryOfBirth":null,"gender":"Männlich","title":"NONE","taxId":null,"documentNumber":null,"documentType":null,"email":"bogdan.turlea.22@gmail.com","addresses":[{"street":"Schlossfeld","houseNumber":"24","addition":null,"zip":"84175","city":"Gerzen","country":"DE","additionalInformation":null,"streetType":null,"block":null,"portal":null,"stairway":null,"floor":null,"door":null,"province":null,"secondStreet":null,"buildingName":null,"cityPart":null,"district":null,"addressStatus":"VALID","statusInformation":null,"addressStatusSince":null}]}