{"uuid":"47658a31-d6ff-4a84-8b47-68486c60cd99","customerNumber":"M-20","customerStatus":"Mitglied","gender":"Männlich","title":"Kein Titel","lastName":"Turlea","secondLastName":null,"firstName":"Vlad","secondFirstName":null,"dateOfBirth":"2014-03-22","note":null,"cardNumbers":"","customerTags":"","addresses":[{"street":"Schlossfeld","houseNumber":"24","addition":null,"zip":"84175","city":"Gerzen","country":"DE","additionalInformation":null,"streetType":null,"block":null,"portal":null,"stairway":null,"floor":null,"door":null,"province":null,"secondStreet":null,"buildingName":null,"cityPart":null,"district":null,"addressStatus":"VALID","statusInformation":null,"addressStatusSince":null}],"contact":{"telPrivate":"015166331414","telBusiness":null,"telPrivateMobile":null,"telBusinessMobile":null,"email":"bogdan.turlea.22@gmail.com"},"paymentMethod":"Lastschrift","bankAccount":{"accountHolder":"Bogdan Turlea","iban":"DE29700934000000236691","bic":"GENODEF1ISV","bankName":"VR-Bank Ismaning Hallbergmoos Neufahrn","sepaMandateDtos":[{"sepaMandateStatus":"CONFIRMED","referenceNumber":"MLREFM00020","mandateGivenDate":"2025-02-24","mandateWithdrawnDate":null,"signatureRequired":true,"owner":"STUDIO"}]},"emailStatus":{"type":"NOT_YET_USED","information":""},"importedFrom":"NONE","communicationStop":false,"campaign":null,"taxId":null,"documentIdentificationm":null,"locale":null,"deceased":false,"referralCode":"2O9WQ","excludedFromReferral":false,"medicalCertificate":null,"aggregatorAssignments":[],"referralType":null,"lead":null}