{"dtos":[{"child":{"id":1210425344,"type":0,"typeAsString":"NEW_CHARGE_TYPE","description":"Kids 01.11.25 - 30.11.25","descriptionShort":"Kids","date":"2025-11-06","amount":34.990000,"amountOpen":0.000000},"parent":{"id":1210425832,"type":50,"typeAsString":"PAYMENT_RUN_TYPE","description":"Zahllauf-Position M--0045-0000002","descriptionShort":"Zahllauf-Position M--0045-0000002","date":"2025-11-10","amount":172.960000,"amountOpen":0.000000},"unlinkCause":null,"linkDate":"2025-11-10","unlinkDate":null,"amount":34.990000},{"child":{"id":1210425832,"type":50,"typeAsString":"PAYMENT_RUN_TYPE","description":"Zahllauf-Position M--0045-0000002","descriptionShort":"Zahllauf-Position M--0045-0000002","date":"2025-11-10","amount":172.960000,"amountOpen":0.000000},"parent":{"id":1210425344,"type":0,"typeAsString":"NEW_CHARGE_TYPE","description":"Kids 01.11.25 - 30.11.25","descriptionShort":"Kids","date":"2025-11-06","amount":34.990000,"amountOpen":0.000000},"unlinkCause":null,"linkDate":"2025-11-10","unlinkDate":null,"amount":34.990000},{"child":{"id":1210425341,"type":0,"typeAsString":"NEW_CHARGE_TYPE","description":"Kids 01.08.25 - 31.08.25","descriptionShort":"Kids","date":"2025-11-06","amount":34.990000,"amountOpen":0.000000},"parent":{"id":1210425832,"type":50,"typeAsString":"PAYMENT_RUN_TYPE","description":"Zahllauf-Position M--0045-0000002","descriptionShort":"Zahllauf-Position M--0045-0000002","date":"2025-11-10","amount":172.960000,"amountOpen":0.000000},"unlinkCause":null,"linkDate":"2025-11-10","unlinkDate":null,"amount":34.990000},{"child":{"id":1210425832,"type":50,"typeAsString":"PAYMENT_RUN_TYPE","description":"Zahllauf-Position M--0045-0000002","descriptionShort":"Zahllauf-Position M--0045-0000002","date":"2025-11-10","amount":172.960000,"amountOpen":0.000000},"parent":{"id":1210425341,"type":0,"typeAsString":"NEW_CHARGE_TYPE","description":"Kids 01.08.25 - 31.08.25","descriptionShort":"Kids","date":"2025-11-06","amount":34.990000,"amountOpen":0.000000},"unlinkCause":null,"linkDate":"2025-11-10","unlinkDate":null,"amount":34.990000},{"child":{"id":1210425613,"type":10,"typeAsString":"NEW_STARTER_PACKAGE_TYPE","description":"Beitrag für Startpaket für Vertrag Kids","descriptionShort":"Kids","date":"2025-11-06","amount":33.000000,"amountOpen":0.000000},"parent":{"id":1210425832,"type":50,"typeAsString":"PAYMENT_RUN_TYPE","description":"Zahllauf-Position M--0045-0000002","descriptionShort":"Zahllauf-Position M--0045-0000002","date":"2025-11-10","amount":172.960000,"amountOpen":0.000000},"unlinkCause":null,"linkDate":"2025-11-10","unlinkDate":null,"amount":33.000000},{"child":{"id":1210425832,"type":50,"typeAsString":"PAYMENT_RUN_TYPE","description":"Zahllauf-Position M--0045-0000002","descriptionShort":"Zahllauf-Position M--0045-0000002","date":"2025-11-10","amount":172.960000,"amountOpen":0.000000},"parent":{"id":1210425613,"type":10,"typeAsString":"NEW_STARTER_PACKAGE_TYPE","description":"Beitrag für Startpaket für Vertrag Kids","descriptionShort":"Kids","date":"2025-11-06","amount":33.000000,"amountOpen":0.000000},"unlinkCause":null,"linkDate":"2025-11-10","unlinkDate":null,"amount":33.000000},{"child":{"id":1210425343,"type":0,"typeAsString":"NEW_CHARGE_TYPE","description":"Kids 01.10.25 - 31.10.25","descriptionShort":"Kids","date":"2025-11-06","amount":34.990000,"amountOpen":0.000000},"parent":{"id":1210425832,"type":50,"typeAsString":"PAYMENT_RUN_TYPE","description":"Zahllauf-Position M--0045-0000002","descriptionShort":"Zahllauf-Position M--0045-0000002","date":"2025-11-10","amount":172.960000,"amountOpen":0.000000},"unlinkCause":null,"linkDate":"2025-11-10","unlinkDate":null,"amount":34.990000},{"child":{"id":1210425832,"type":50,"typeAsString":"PAYMENT_RUN_TYPE","description":"Zahllauf-Position M--0045-0000002","descriptionShort":"Zahllauf-Position M--0045-0000002","date":"2025-11-10","amount":172.960000,"amountOpen":0.000000},"parent":{"id":1210425343,"type":0,"typeAsString":"NEW_CHARGE_TYPE","description":"Kids 01.10.25 - 31.10.25","descriptionShort":"Kids","date":"2025-11-06","amount":34.990000,"amountOpen":0.000000},"unlinkCause":null,"linkDate":"2025-11-10","unlinkDate":null,"amount":34.990000},{"child":{"id":1210425342,"type":0,"typeAsString":"NEW_CHARGE_TYPE","description":"Kids 01.09.25 - 30.09.25","descriptionShort":"Kids","date":"2025-11-06","amount":34.990000,"amountOpen":0.000000},"parent":{"id":1210425832,"type":50,"typeAsString":"PAYMENT_RUN_TYPE","description":"Zahllauf-Position M--0045-0000002","descriptionShort":"Zahllauf-Position M--0045-0000002","date":"2025-11-10","amount":172.960000,"amountOpen":0.000000},"unlinkCause":null,"linkDate":"2025-11-10","unlinkDate":null,"amount":34.990000},{"child":{"id":1210425832,"type":50,"typeAsString":"PAYMENT_RUN_TYPE","description":"Zahllauf-Position M--0045-0000002","descriptionShort":"Zahllauf-Position M--0045-0000002","date":"2025-11-10","amount":172.960000,"amountOpen":0.000000},"parent":{"id":1210425342,"type":0,"typeAsString":"NEW_CHARGE_TYPE","description":"Kids 01.09.25 - 30.09.25","descriptionShort":"Kids","date":"2025-11-06","amount":34.990000,"amountOpen":0.000000},"unlinkCause":null,"linkDate":"2025-11-10","unlinkDate":null,"amount":34.990000},{"child":{"id":1210425345,"type":0,"typeAsString":"NEW_CHARGE_TYPE","description":"Kids 01.12.25 - 31.12.25","descriptionShort":"Kids","date":"2025-12-01","amount":34.990000,"amountOpen":0.000000},"parent":{"id":1210440564,"type":50,"typeAsString":"PAYMENT_RUN_TYPE","description":"Zahllauf-Position M--0046-0000020","descriptionShort":"Zahllauf-Position M--0046-0000020","date":"2025-12-02","amount":34.990000,"amountOpen":0.000000},"unlinkCause":null,"linkDate":"2025-12-02","unlinkDate":null,"amount":34.990000},{"child":{"id":1210440564,"type":50,"typeAsString":"PAYMENT_RUN_TYPE","description":"Zahllauf-Position M--0046-0000020","descriptionShort":"Zahllauf-Position M--0046-0000020","date":"2025-12-02","amount":34.990000,"amountOpen":0.000000},"parent":{"id":1210425345,"type":0,"typeAsString":"NEW_CHARGE_TYPE","description":"Kids 01.12.25 - 31.12.25","descriptionShort":"Kids","date":"2025-12-01","amount":34.990000,"amountOpen":0.000000},"unlinkCause":null,"linkDate":"2025-12-02","unlinkDate":null,"amount":34.990000}]}