{"uuid":"9cf5f6ec-3ae0-41e7-ab62-6c78f09d1016","lastName":"Noufal","firstName":"Thoyyiba","dateOfBirth":"2019-01-02","placeOfBirth":null,"countryOfBirth":null,"gender":"Weiblich","title":"NONE","taxId":null,"documentNumber":null,"documentType":null,"email":"noufalthangalr@gmail.com","addresses":[{"street":"Veldenerstr.","houseNumber":"7","addition":null,"zip":"84137","city":"Vilsbiburg","country":"DE","additionalInformation":null,"streetType":null,"block":null,"portal":null,"stairway":null,"floor":null,"door":null,"province":null,"secondStreet":null,"buildingName":null,"cityPart":null,"district":null,"addressStatus":"VALID","statusInformation":null,"addressStatusSince":null}]}