{"uuid":"9cf5f6ec-3ae0-41e7-ab62-6c78f09d1016","customerNumber":"M-26","customerStatus":"Mitglied","gender":"Weiblich","title":"Kein Titel","lastName":"Noufal","secondLastName":null,"firstName":"Thoyyiba","secondFirstName":null,"dateOfBirth":"2019-01-02","note":null,"cardNumbers":"","customerTags":"","addresses":[{"street":"Veldenerstr.","houseNumber":"7","addition":null,"zip":"84137","city":"Vilsbiburg","country":"DE","additionalInformation":null,"streetType":null,"block":null,"portal":null,"stairway":null,"floor":null,"door":null,"province":null,"secondStreet":null,"buildingName":null,"cityPart":null,"district":null,"addressStatus":"VALID","statusInformation":null,"addressStatusSince":null}],"contact":{"telPrivate":null,"telBusiness":null,"telPrivateMobile":"017627473552","telBusinessMobile":null,"email":"noufalthangalr@gmail.com"},"paymentMethod":"Lastschrift","bankAccount":{"accountHolder":"Rahim Noufal","iban":"DE02743923000000077682","bic":"GENODEF1VBV","bankName":"VR-Bank Isar-Vils","sepaMandateDtos":[{"sepaMandateStatus":"CONFIRMED","referenceNumber":"MLREFM00026","mandateGivenDate":"2025-08-01","mandateWithdrawnDate":null,"signatureRequired":true,"owner":"STUDIO"}]},"emailStatus":{"type":"NOT_YET_USED","information":""},"importedFrom":"NONE","communicationStop":false,"campaign":null,"taxId":null,"documentIdentificationm":null,"locale":null,"deceased":false,"referralCode":"27P9M","excludedFromReferral":false,"medicalCertificate":null,"aggregatorAssignments":[],"referralType":null,"lead":null}