{"timelineItemDtos":[{"activity":"SEPA-Mandat erteilt","creationType":"DEFAULT","userName":"info@tda-intl.com","timeStamp":"2025-11-06T13:54:57.566914+01:00","timelineItemPropertyChangeDtos":[{"property":"SEPA-Mandatsreferenz-Nr.","oldValue":null,"newValue":"MLREFM00026"},{"property":"Status","oldValue":null,"newValue":"CONFIRMED"}]},{"activity":"Mitglied angelegt","creationType":"DEFAULT","userName":"info@tda-intl.com","timeStamp":"2025-11-06T13:54:57.567662+01:00","timelineItemPropertyChangeDtos":[]},{"activity":"Vertrag angelegt","creationType":"DEFAULT","userName":"info@tda-intl.com","timeStamp":"2025-11-06T13:54:57.610819+01:00","timelineItemPropertyChangeDtos":[{"property":"Tarif","oldValue":"Kids","newValue":null},{"property":"Vertragsbeginn","oldValue":"2025-08-01","newValue":null},{"property":"Vertragsende","oldValue":"2026-07-31","newValue":null},{"property":"Nutzungsbeginn","oldValue":null,"newValue":null},{"property":"Laufzeit","oldValue":"12 MONTH","newValue":null},{"property":"Zahlweise","oldValue":"monatlich: 34,99 €","newValue":null},{"property":"Vertragsquelle","oldValue":"Verwaltung","newValue":null}]},{"activity":"Ausstehende E-Mail-Adressen Verifizierung abgelaufen","creationType":"DEFAULT","userName":"system","timeStamp":"2025-11-07T13:54:59.058204+01:00","timelineItemPropertyChangeDtos":[{"property":"E-Mail-Bestätigungs-Status","oldValue":"Warten auf Bestätigung","newValue":"Keine Bestätigung erhalten"}]},{"activity":"Ausstehende E-Mail-Adressen Verifizierung abgelaufen","creationType":"DEFAULT","userName":"system","timeStamp":"2025-11-14T13:54:59.12754+01:00","timelineItemPropertyChangeDtos":[{"property":"E-Mail-Bestätigungs-Status","oldValue":"Warten auf Bestätigung","newValue":"Keine Bestätigung erhalten"}]}]}