{"dtos":[{"child":{"id":1210280032,"type":0,"typeAsString":"NEW_CHARGE_TYPE","description":"Kids 06.03.25 - 31.03.25","descriptionShort":"Kids","date":"2025-03-24","amount":29.350000,"amountOpen":0.000000},"parent":{"id":1210280691,"type":50,"typeAsString":"PAYMENT_RUN_TYPE","description":"Zahllauf-Position M--0033-0000002","descriptionShort":"Zahllauf-Position M--0033-0000002","date":"2025-03-26","amount":62.350000,"amountOpen":0.000000},"unlinkCause":{"id":1210283931,"type":51,"typeAsString":"PAYMENT_RUN_CHARGED_BACK_TYPE","description":"Sonstiger Grund Rückbuchung - M--0033-0000002","descriptionShort":"Sonstiger Grund Rückbuchung - M--0033-0000002","date":"2025-03-27","amount":-62.350000,"amountOpen":0.000000},"linkDate":"2025-03-26","unlinkDate":"2025-03-27","amount":29.350000},{"child":{"id":1210280691,"type":50,"typeAsString":"PAYMENT_RUN_TYPE","description":"Zahllauf-Position M--0033-0000002","descriptionShort":"Zahllauf-Position M--0033-0000002","date":"2025-03-26","amount":62.350000,"amountOpen":0.000000},"parent":{"id":1210280032,"type":0,"typeAsString":"NEW_CHARGE_TYPE","description":"Kids 06.03.25 - 31.03.25","descriptionShort":"Kids","date":"2025-03-24","amount":29.350000,"amountOpen":0.000000},"unlinkCause":{"id":1210283931,"type":51,"typeAsString":"PAYMENT_RUN_CHARGED_BACK_TYPE","description":"Sonstiger Grund Rückbuchung - M--0033-0000002","descriptionShort":"Sonstiger Grund Rückbuchung - M--0033-0000002","date":"2025-03-27","amount":-62.350000,"amountOpen":0.000000},"linkDate":"2025-03-26","unlinkDate":"2025-03-27","amount":29.350000},{"child":{"id":1210280055,"type":10,"typeAsString":"NEW_STARTER_PACKAGE_TYPE","description":"Beitrag für Startpaket für Vertrag Kids","descriptionShort":"Kids","date":"2025-03-24","amount":33.000000,"amountOpen":0.000000},"parent":{"id":1210280691,"type":50,"typeAsString":"PAYMENT_RUN_TYPE","description":"Zahllauf-Position M--0033-0000002","descriptionShort":"Zahllauf-Position M--0033-0000002","date":"2025-03-26","amount":62.350000,"amountOpen":0.000000},"unlinkCause":{"id":1210283931,"type":51,"typeAsString":"PAYMENT_RUN_CHARGED_BACK_TYPE","description":"Sonstiger Grund Rückbuchung - M--0033-0000002","descriptionShort":"Sonstiger Grund Rückbuchung - M--0033-0000002","date":"2025-03-27","amount":-62.350000,"amountOpen":0.000000},"linkDate":"2025-03-26","unlinkDate":"2025-03-27","amount":33.000000},{"child":{"id":1210280691,"type":50,"typeAsString":"PAYMENT_RUN_TYPE","description":"Zahllauf-Position M--0033-0000002","descriptionShort":"Zahllauf-Position M--0033-0000002","date":"2025-03-26","amount":62.350000,"amountOpen":0.000000},"parent":{"id":1210280055,"type":10,"typeAsString":"NEW_STARTER_PACKAGE_TYPE","description":"Beitrag für Startpaket für Vertrag Kids","descriptionShort":"Kids","date":"2025-03-24","amount":33.000000,"amountOpen":0.000000},"unlinkCause":{"id":1210283931,"type":51,"typeAsString":"PAYMENT_RUN_CHARGED_BACK_TYPE","description":"Sonstiger Grund Rückbuchung - M--0033-0000002","descriptionShort":"Sonstiger Grund Rückbuchung - M--0033-0000002","date":"2025-03-27","amount":-62.350000,"amountOpen":0.000000},"linkDate":"2025-03-26","unlinkDate":"2025-03-27","amount":33.000000},{"child":{"id":1210280033,"type":0,"typeAsString":"NEW_CHARGE_TYPE","description":"Kids 01.04.25 - 30.04.25","descriptionShort":"Kids","date":"2025-04-01","amount":34.990000,"amountOpen":0.000000},"parent":{"id":1210282931,"type":50,"typeAsString":"PAYMENT_RUN_TYPE","description":"Zahllauf-Position M--0034-0000017","descriptionShort":"Zahllauf-Position M--0034-0000017","date":"2025-04-01","amount":34.990000,"amountOpen":0.000000},"unlinkCause":null,"linkDate":"2025-04-01","unlinkDate":null,"amount":34.990000},{"child":{"id":1210282931,"type":50,"typeAsString":"PAYMENT_RUN_TYPE","description":"Zahllauf-Position M--0034-0000017","descriptionShort":"Zahllauf-Position M--0034-0000017","date":"2025-04-01","amount":34.990000,"amountOpen":0.000000},"parent":{"id":1210280033,"type":0,"typeAsString":"NEW_CHARGE_TYPE","description":"Kids 01.04.25 - 30.04.25","descriptionShort":"Kids","date":"2025-04-01","amount":34.990000,"amountOpen":0.000000},"unlinkCause":null,"linkDate":"2025-04-01","unlinkDate":null,"amount":34.990000},{"child":{"id":1210280691,"type":50,"typeAsString":"PAYMENT_RUN_TYPE","description":"Zahllauf-Position M--0033-0000002","descriptionShort":"Zahllauf-Position M--0033-0000002","date":"2025-03-26","amount":62.350000,"amountOpen":0.000000},"parent":{"id":1210283931,"type":51,"typeAsString":"PAYMENT_RUN_CHARGED_BACK_TYPE","description":"Sonstiger Grund Rückbuchung - M--0033-0000002","descriptionShort":"Sonstiger Grund Rückbuchung - M--0033-0000002","date":"2025-03-27","amount":-62.350000,"amountOpen":0.000000},"unlinkCause":null,"linkDate":"2025-03-27","unlinkDate":null,"amount":62.350000},{"child":{"id":1210283931,"type":51,"typeAsString":"PAYMENT_RUN_CHARGED_BACK_TYPE","description":"Sonstiger Grund Rückbuchung - M--0033-0000002","descriptionShort":"Sonstiger Grund Rückbuchung - M--0033-0000002","date":"2025-03-27","amount":-62.350000,"amountOpen":0.000000},"parent":{"id":1210280691,"type":50,"typeAsString":"PAYMENT_RUN_TYPE","description":"Zahllauf-Position M--0033-0000002","descriptionShort":"Zahllauf-Position M--0033-0000002","date":"2025-03-26","amount":62.350000,"amountOpen":0.000000},"unlinkCause":null,"linkDate":"2025-03-27","unlinkDate":null,"amount":-62.350000},{"child":{"id":1210280034,"type":0,"typeAsString":"NEW_CHARGE_TYPE","description":"Kids 01.05.25 - 31.05.25","descriptionShort":"Kids","date":"2025-05-01","amount":34.990000,"amountOpen":0.000000},"parent":{"id":1210303228,"type":50,"typeAsString":"PAYMENT_RUN_TYPE","description":"Zahllauf-Position M--0035-0000017","descriptionShort":"Zahllauf-Position M--0035-0000017","date":"2025-05-02","amount":100.340000,"amountOpen":0.000000},"unlinkCause":null,"linkDate":"2025-05-02","unlinkDate":null,"amount":34.990000},{"child":{"id":1210303228,"type":50,"typeAsString":"PAYMENT_RUN_TYPE","description":"Zahllauf-Position M--0035-0000017","descriptionShort":"Zahllauf-Position M--0035-0000017","date":"2025-05-02","amount":100.340000,"amountOpen":0.000000},"parent":{"id":1210280034,"type":0,"typeAsString":"NEW_CHARGE_TYPE","description":"Kids 01.05.25 - 31.05.25","descriptionShort":"Kids","date":"2025-05-01","amount":34.990000,"amountOpen":0.000000},"unlinkCause":null,"linkDate":"2025-05-02","unlinkDate":null,"amount":34.990000},{"child":{"id":1210280032,"type":0,"typeAsString":"NEW_CHARGE_TYPE","description":"Kids 06.03.25 - 31.03.25","descriptionShort":"Kids","date":"2025-03-24","amount":29.350000,"amountOpen":0.000000},"parent":{"id":1210303228,"type":50,"typeAsString":"PAYMENT_RUN_TYPE","description":"Zahllauf-Position M--0035-0000017","descriptionShort":"Zahllauf-Position M--0035-0000017","date":"2025-05-02","amount":100.340000,"amountOpen":0.000000},"unlinkCause":null,"linkDate":"2025-05-02","unlinkDate":null,"amount":29.350000},{"child":{"id":1210303228,"type":50,"typeAsString":"PAYMENT_RUN_TYPE","description":"Zahllauf-Position M--0035-0000017","descriptionShort":"Zahllauf-Position M--0035-0000017","date":"2025-05-02","amount":100.340000,"amountOpen":0.000000},"parent":{"id":1210280032,"type":0,"typeAsString":"NEW_CHARGE_TYPE","description":"Kids 06.03.25 - 31.03.25","descriptionShort":"Kids","date":"2025-03-24","amount":29.350000,"amountOpen":0.000000},"unlinkCause":null,"linkDate":"2025-05-02","unlinkDate":null,"amount":29.350000},{"child":{"id":1210280055,"type":10,"typeAsString":"NEW_STARTER_PACKAGE_TYPE","description":"Beitrag für Startpaket für Vertrag Kids","descriptionShort":"Kids","date":"2025-03-24","amount":33.000000,"amountOpen":0.000000},"parent":{"id":1210303228,"type":50,"typeAsString":"PAYMENT_RUN_TYPE","description":"Zahllauf-Position M--0035-0000017","descriptionShort":"Zahllauf-Position M--0035-0000017","date":"2025-05-02","amount":100.340000,"amountOpen":0.000000},"unlinkCause":null,"linkDate":"2025-05-02","unlinkDate":null,"amount":33.000000},{"child":{"id":1210303228,"type":50,"typeAsString":"PAYMENT_RUN_TYPE","description":"Zahllauf-Position M--0035-0000017","descriptionShort":"Zahllauf-Position M--0035-0000017","date":"2025-05-02","amount":100.340000,"amountOpen":0.000000},"parent":{"id":1210280055,"type":10,"typeAsString":"NEW_STARTER_PACKAGE_TYPE","description":"Beitrag für Startpaket für Vertrag Kids","descriptionShort":"Kids","date":"2025-03-24","amount":33.000000,"amountOpen":0.000000},"unlinkCause":null,"linkDate":"2025-05-02","unlinkDate":null,"amount":33.000000},{"child":{"id":1210283930,"type":4,"typeAsString":"NEW_RETURNED_DEBIT_FEE_TYPE","description":"Rücklastschriftgebühr M--0033-0000002","descriptionShort":"Rücklastschriftgebühr M--0033-0000002","date":"2025-03-27","amount":3.000000,"amountOpen":0.000000},"parent":{"id":1210303228,"type":50,"typeAsString":"PAYMENT_RUN_TYPE","description":"Zahllauf-Position M--0035-0000017","descriptionShort":"Zahllauf-Position M--0035-0000017","date":"2025-05-02","amount":100.340000,"amountOpen":0.000000},"unlinkCause":null,"linkDate":"2025-05-02","unlinkDate":null,"amount":3.000000},{"child":{"id":1210303228,"type":50,"typeAsString":"PAYMENT_RUN_TYPE","description":"Zahllauf-Position M--0035-0000017","descriptionShort":"Zahllauf-Position M--0035-0000017","date":"2025-05-02","amount":100.340000,"amountOpen":0.000000},"parent":{"id":1210283930,"type":4,"typeAsString":"NEW_RETURNED_DEBIT_FEE_TYPE","description":"Rücklastschriftgebühr M--0033-0000002","descriptionShort":"Rücklastschriftgebühr M--0033-0000002","date":"2025-03-27","amount":3.000000,"amountOpen":0.000000},"unlinkCause":null,"linkDate":"2025-05-02","unlinkDate":null,"amount":3.000000},{"child":{"id":1210280035,"type":0,"typeAsString":"NEW_CHARGE_TYPE","description":"Kids 01.06.25 - 30.06.25","descriptionShort":"Kids","date":"2025-06-01","amount":34.990000,"amountOpen":0.000000},"parent":{"id":1210321705,"type":50,"typeAsString":"PAYMENT_RUN_TYPE","description":"Zahllauf-Position M--0036-0000017","descriptionShort":"Zahllauf-Position M--0036-0000017","date":"2025-06-01","amount":34.990000,"amountOpen":0.000000},"unlinkCause":null,"linkDate":"2025-06-01","unlinkDate":null,"amount":34.990000},{"child":{"id":1210321705,"type":50,"typeAsString":"PAYMENT_RUN_TYPE","description":"Zahllauf-Position M--0036-0000017","descriptionShort":"Zahllauf-Position M--0036-0000017","date":"2025-06-01","amount":34.990000,"amountOpen":0.000000},"parent":{"id":1210280035,"type":0,"typeAsString":"NEW_CHARGE_TYPE","description":"Kids 01.06.25 - 30.06.25","descriptionShort":"Kids","date":"2025-06-01","amount":34.990000,"amountOpen":0.000000},"unlinkCause":null,"linkDate":"2025-06-01","unlinkDate":null,"amount":34.990000},{"child":{"id":1210280036,"type":0,"typeAsString":"NEW_CHARGE_TYPE","description":"Kids 01.07.25 - 31.07.25","descriptionShort":"Kids","date":"2025-07-01","amount":34.990000,"amountOpen":0.000000},"parent":{"id":1210340186,"type":50,"typeAsString":"PAYMENT_RUN_TYPE","description":"Zahllauf-Position M--0037-0000017","descriptionShort":"Zahllauf-Position M--0037-0000017","date":"2025-07-02","amount":34.990000,"amountOpen":0.000000},"unlinkCause":null,"linkDate":"2025-07-02","unlinkDate":null,"amount":34.990000},{"child":{"id":1210340186,"type":50,"typeAsString":"PAYMENT_RUN_TYPE","description":"Zahllauf-Position M--0037-0000017","descriptionShort":"Zahllauf-Position M--0037-0000017","date":"2025-07-02","amount":34.990000,"amountOpen":0.000000},"parent":{"id":1210280036,"type":0,"typeAsString":"NEW_CHARGE_TYPE","description":"Kids 01.07.25 - 31.07.25","descriptionShort":"Kids","date":"2025-07-01","amount":34.990000,"amountOpen":0.000000},"unlinkCause":null,"linkDate":"2025-07-02","unlinkDate":null,"amount":34.990000},{"child":{"id":1210280037,"type":0,"typeAsString":"NEW_CHARGE_TYPE","description":"Kids 01.08.25 - 31.08.25","descriptionShort":"Kids","date":"2025-08-01","amount":34.990000,"amountOpen":0.000000},"parent":{"id":1210360653,"type":50,"typeAsString":"PAYMENT_RUN_TYPE","description":"Zahllauf-Position M--0040-0000019","descriptionShort":"Zahllauf-Position M--0040-0000019","date":"2025-08-01","amount":34.990000,"amountOpen":0.000000},"unlinkCause":null,"linkDate":"2025-08-01","unlinkDate":null,"amount":34.990000},{"child":{"id":1210360653,"type":50,"typeAsString":"PAYMENT_RUN_TYPE","description":"Zahllauf-Position M--0040-0000019","descriptionShort":"Zahllauf-Position M--0040-0000019","date":"2025-08-01","amount":34.990000,"amountOpen":0.000000},"parent":{"id":1210280037,"type":0,"typeAsString":"NEW_CHARGE_TYPE","description":"Kids 01.08.25 - 31.08.25","descriptionShort":"Kids","date":"2025-08-01","amount":34.990000,"amountOpen":0.000000},"unlinkCause":null,"linkDate":"2025-08-01","unlinkDate":null,"amount":34.990000},{"child":{"id":1210280038,"type":0,"typeAsString":"NEW_CHARGE_TYPE","description":"Kids 01.09.25 - 30.09.25","descriptionShort":"Kids","date":"2025-09-01","amount":34.990000,"amountOpen":0.000000},"parent":{"id":1210377791,"type":50,"typeAsString":"PAYMENT_RUN_TYPE","description":"Zahllauf-Position M--0041-0000019","descriptionShort":"Zahllauf-Position M--0041-0000019","date":"2025-09-01","amount":34.990000,"amountOpen":0.000000},"unlinkCause":null,"linkDate":"2025-09-01","unlinkDate":null,"amount":34.990000},{"child":{"id":1210377791,"type":50,"typeAsString":"PAYMENT_RUN_TYPE","description":"Zahllauf-Position M--0041-0000019","descriptionShort":"Zahllauf-Position M--0041-0000019","date":"2025-09-01","amount":34.990000,"amountOpen":0.000000},"parent":{"id":1210280038,"type":0,"typeAsString":"NEW_CHARGE_TYPE","description":"Kids 01.09.25 - 30.09.25","descriptionShort":"Kids","date":"2025-09-01","amount":34.990000,"amountOpen":0.000000},"unlinkCause":null,"linkDate":"2025-09-01","unlinkDate":null,"amount":34.990000},{"child":{"id":1210280039,"type":0,"typeAsString":"NEW_CHARGE_TYPE","description":"Kids 01.10.25 - 31.10.25","descriptionShort":"Kids","date":"2025-10-01","amount":34.990000,"amountOpen":0.000000},"parent":{"id":1210397020,"type":50,"typeAsString":"PAYMENT_RUN_TYPE","description":"Zahllauf-Position M--0042-0000019","descriptionShort":"Zahllauf-Position M--0042-0000019","date":"2025-10-02","amount":34.990000,"amountOpen":0.000000},"unlinkCause":null,"linkDate":"2025-10-02","unlinkDate":null,"amount":34.990000},{"child":{"id":1210397020,"type":50,"typeAsString":"PAYMENT_RUN_TYPE","description":"Zahllauf-Position M--0042-0000019","descriptionShort":"Zahllauf-Position M--0042-0000019","date":"2025-10-02","amount":34.990000,"amountOpen":0.000000},"parent":{"id":1210280039,"type":0,"typeAsString":"NEW_CHARGE_TYPE","description":"Kids 01.10.25 - 31.10.25","descriptionShort":"Kids","date":"2025-10-01","amount":34.990000,"amountOpen":0.000000},"unlinkCause":null,"linkDate":"2025-10-02","unlinkDate":null,"amount":34.990000},{"child":{"id":1210280050,"type":0,"typeAsString":"NEW_CHARGE_TYPE","description":"Kids 01.11.25 - 30.11.25","descriptionShort":"Kids","date":"2025-11-01","amount":34.990000,"amountOpen":0.000000},"parent":{"id":1210416944,"type":50,"typeAsString":"PAYMENT_RUN_TYPE","description":"Zahllauf-Position M--0043-0000019","descriptionShort":"Zahllauf-Position M--0043-0000019","date":"2025-11-01","amount":34.990000,"amountOpen":0.000000},"unlinkCause":{"id":1210418903,"type":51,"typeAsString":"PAYMENT_RUN_CHARGED_BACK_TYPE","description":"Sonstiger Grund Rückbuchung - M--0043-0000019","descriptionShort":"Sonstiger Grund Rückbuchung - M--0043-0000019","date":"2025-10-29","amount":-34.990000,"amountOpen":0.000000},"linkDate":"2025-11-01","unlinkDate":"2025-11-01","amount":34.990000},{"child":{"id":1210416944,"type":50,"typeAsString":"PAYMENT_RUN_TYPE","description":"Zahllauf-Position M--0043-0000019","descriptionShort":"Zahllauf-Position M--0043-0000019","date":"2025-11-01","amount":34.990000,"amountOpen":0.000000},"parent":{"id":1210280050,"type":0,"typeAsString":"NEW_CHARGE_TYPE","description":"Kids 01.11.25 - 30.11.25","descriptionShort":"Kids","date":"2025-11-01","amount":34.990000,"amountOpen":0.000000},"unlinkCause":{"id":1210418903,"type":51,"typeAsString":"PAYMENT_RUN_CHARGED_BACK_TYPE","description":"Sonstiger Grund Rückbuchung - M--0043-0000019","descriptionShort":"Sonstiger Grund Rückbuchung - M--0043-0000019","date":"2025-10-29","amount":-34.990000,"amountOpen":0.000000},"linkDate":"2025-11-01","unlinkDate":"2025-11-01","amount":34.990000},{"child":{"id":1210416944,"type":50,"typeAsString":"PAYMENT_RUN_TYPE","description":"Zahllauf-Position M--0043-0000019","descriptionShort":"Zahllauf-Position M--0043-0000019","date":"2025-11-01","amount":34.990000,"amountOpen":0.000000},"parent":{"id":1210418903,"type":51,"typeAsString":"PAYMENT_RUN_CHARGED_BACK_TYPE","description":"Sonstiger Grund Rückbuchung - M--0043-0000019","descriptionShort":"Sonstiger Grund Rückbuchung - M--0043-0000019","date":"2025-10-29","amount":-34.990000,"amountOpen":0.000000},"unlinkCause":null,"linkDate":"2025-10-29","unlinkDate":null,"amount":34.990000},{"child":{"id":1210418903,"type":51,"typeAsString":"PAYMENT_RUN_CHARGED_BACK_TYPE","description":"Sonstiger Grund Rückbuchung - M--0043-0000019","descriptionShort":"Sonstiger Grund Rückbuchung - M--0043-0000019","date":"2025-10-29","amount":-34.990000,"amountOpen":0.000000},"parent":{"id":1210416944,"type":50,"typeAsString":"PAYMENT_RUN_TYPE","description":"Zahllauf-Position M--0043-0000019","descriptionShort":"Zahllauf-Position M--0043-0000019","date":"2025-11-01","amount":34.990000,"amountOpen":0.000000},"unlinkCause":null,"linkDate":"2025-10-29","unlinkDate":null,"amount":-34.990000},{"child":{"id":1210280050,"type":0,"typeAsString":"NEW_CHARGE_TYPE","description":"Kids 01.11.25 - 30.11.25","descriptionShort":"Kids","date":"2025-11-01","amount":34.990000,"amountOpen":0.000000},"parent":{"id":1210425831,"type":50,"typeAsString":"PAYMENT_RUN_TYPE","description":"Zahllauf-Position M--0045-0000003","descriptionShort":"Zahllauf-Position M--0045-0000003","date":"2025-11-10","amount":37.990000,"amountOpen":0.000000},"unlinkCause":null,"linkDate":"2025-11-10","unlinkDate":null,"amount":34.990000},{"child":{"id":1210425831,"type":50,"typeAsString":"PAYMENT_RUN_TYPE","description":"Zahllauf-Position M--0045-0000003","descriptionShort":"Zahllauf-Position M--0045-0000003","date":"2025-11-10","amount":37.990000,"amountOpen":0.000000},"parent":{"id":1210280050,"type":0,"typeAsString":"NEW_CHARGE_TYPE","description":"Kids 01.11.25 - 30.11.25","descriptionShort":"Kids","date":"2025-11-01","amount":34.990000,"amountOpen":0.000000},"unlinkCause":null,"linkDate":"2025-11-10","unlinkDate":null,"amount":34.990000},{"child":{"id":1210418902,"type":4,"typeAsString":"NEW_RETURNED_DEBIT_FEE_TYPE","description":"Rücklastschriftgebühr M--0043-0000019","descriptionShort":"Rücklastschriftgebühr M--0043-0000019","date":"2025-10-29","amount":3.000000,"amountOpen":0.000000},"parent":{"id":1210425831,"type":50,"typeAsString":"PAYMENT_RUN_TYPE","description":"Zahllauf-Position M--0045-0000003","descriptionShort":"Zahllauf-Position M--0045-0000003","date":"2025-11-10","amount":37.990000,"amountOpen":0.000000},"unlinkCause":null,"linkDate":"2025-11-10","unlinkDate":null,"amount":3.000000},{"child":{"id":1210425831,"type":50,"typeAsString":"PAYMENT_RUN_TYPE","description":"Zahllauf-Position M--0045-0000003","descriptionShort":"Zahllauf-Position M--0045-0000003","date":"2025-11-10","amount":37.990000,"amountOpen":0.000000},"parent":{"id":1210418902,"type":4,"typeAsString":"NEW_RETURNED_DEBIT_FEE_TYPE","description":"Rücklastschriftgebühr M--0043-0000019","descriptionShort":"Rücklastschriftgebühr M--0043-0000019","date":"2025-10-29","amount":3.000000,"amountOpen":0.000000},"unlinkCause":null,"linkDate":"2025-11-10","unlinkDate":null,"amount":3.000000},{"child":{"id":1210280051,"type":0,"typeAsString":"NEW_CHARGE_TYPE","description":"Kids 01.12.25 - 31.12.25","descriptionShort":"Kids","date":"2025-12-01","amount":34.990000,"amountOpen":0.000000},"parent":{"id":1210440565,"type":50,"typeAsString":"PAYMENT_RUN_TYPE","description":"Zahllauf-Position M--0046-0000021","descriptionShort":"Zahllauf-Position M--0046-0000021","date":"2025-12-02","amount":34.990000,"amountOpen":0.000000},"unlinkCause":null,"linkDate":"2025-12-02","unlinkDate":null,"amount":34.990000},{"child":{"id":1210440565,"type":50,"typeAsString":"PAYMENT_RUN_TYPE","description":"Zahllauf-Position M--0046-0000021","descriptionShort":"Zahllauf-Position M--0046-0000021","date":"2025-12-02","amount":34.990000,"amountOpen":0.000000},"parent":{"id":1210280051,"type":0,"typeAsString":"NEW_CHARGE_TYPE","description":"Kids 01.12.25 - 31.12.25","descriptionShort":"Kids","date":"2025-12-01","amount":34.990000,"amountOpen":0.000000},"unlinkCause":null,"linkDate":"2025-12-02","unlinkDate":null,"amount":34.990000}]}