[{"customerNumber":"M-19","firstName":"Lisa","lastName":"Liebermann","dateOfBirth":"2000-08-15","email":"lliebermann10@gmail.com","street":"Mühldorferstr.","houseNumber":null,"addition":null,"zip":"84539","city":"Ampfing","country":"Germany","rateName":"Kids","rateTerm":"12M","cancellationPeriod":"3M","paymentFrequency":"1M","chargeAmountAtContractStart":34.99,"chargeAmountCurrent":34.99,"starterPackageAmount":33.000000,"paymentType":"Lastschrift","paymentTypeContract":null,"signedContract":"24.03.2025","startDate":"2025-03-06","startDateOfUse":null,"startDateIncludingPreviousContracts":"2025-03-06","startDateOfUseIncludingPreviousContracts":null,"externalIdentifier":"","countPeriod":1,"endDateCurrentTerm":"2026-03-05","endDate":"2026-03-05","lastPossibleCancellationDate":"2025-12-05","origin":"Verwaltung","campaign":"","extensionType":"Vertragsverlängerung","extensionRate":"","extensionValue":"12M","chargeAmountNextPeriod":34.99,"cancelledTo":null,"cancelledAt":null,"cancellationType":"","cancellationReason":"","paymentRunGroupName":null,"paidTimePeriodCalculationType":"Kalendarium","company":null,"externalId":null,"location":null,"voucherCode":null,"imported":null,"voucherType":null,"discountType":null,"voucherAmount":null,"discountEffectivePeriod":null,"discountValidFrom":null,"discountValidUntil":null,"additionalDiscount":null,"additionalDiscountType":null,"additionalDiscountEffectivePeriod":null,"additionalDiscountValidFrom":null,"additionalDiscountValidUntil":null,"voucherBonusPeriodDuration":null,"voucherBonusPeriodType":null,"voucherBonusPeriodStartDate":null,"voucherBonusPeriodEndDate":null,"omitStarterPackage":null,"hasAdditionalVoucher":null,"id":1210279802,"type":"CONTRACT","referenceContractId":null}]