{"uuid":"9cf556fa-3560-4211-aba8-e292413b305a","customerNumber":"M-19","customerStatus":"Mitglied","gender":"Weiblich","title":"Kein Titel","lastName":"Liebermann","secondLastName":null,"firstName":"Lisa","secondFirstName":null,"dateOfBirth":"2000-08-15","note":null,"cardNumbers":"","customerTags":"","addresses":[{"street":"Mühldorferstr.","houseNumber":null,"addition":null,"zip":"84539","city":"Ampfing","country":"DE","additionalInformation":null,"streetType":null,"block":null,"portal":null,"stairway":null,"floor":null,"door":null,"province":null,"secondStreet":null,"buildingName":null,"cityPart":null,"district":null,"addressStatus":"VALID","statusInformation":null,"addressStatusSince":null}],"contact":{"telPrivate":"01757144894","telBusiness":null,"telPrivateMobile":null,"telBusinessMobile":null,"email":"lliebermann10@gmail.com"},"paymentMethod":"Lastschrift","bankAccount":{"accountHolder":"Lisa Liebermann","iban":"DE74711510200031972375","bic":"BYLADEM1MDF","bankName":"Sparkasse Altötting-Mühldorf","sepaMandateDtos":[{"sepaMandateStatus":"CONFIRMED","referenceNumber":"MLREFM00019","mandateGivenDate":"2025-03-06","mandateWithdrawnDate":null,"signatureRequired":true,"owner":"STUDIO"}]},"emailStatus":{"type":"NOT_YET_USED","information":""},"importedFrom":"NONE","communicationStop":false,"campaign":null,"taxId":null,"documentIdentificationm":null,"locale":null,"deceased":false,"referralCode":"QN9RQ","excludedFromReferral":false,"medicalCertificate":null,"aggregatorAssignments":[],"referralType":null,"lead":null}