{"uuid":"9cf556fa-3560-4211-aba8-e292413b305a","lastName":"Liebermann","firstName":"Lisa","dateOfBirth":"2000-08-15","placeOfBirth":null,"countryOfBirth":null,"gender":"Weiblich","title":"NONE","taxId":null,"documentNumber":null,"documentType":null,"email":"lliebermann10@gmail.com","addresses":[{"street":"Mühldorferstr.","houseNumber":null,"addition":null,"zip":"84539","city":"Ampfing","country":"DE","additionalInformation":null,"streetType":null,"block":null,"portal":null,"stairway":null,"floor":null,"door":null,"province":null,"secondStreet":null,"buildingName":null,"cityPart":null,"district":null,"addressStatus":"VALID","statusInformation":null,"addressStatusSince":null}]}