{"timelineItemDtos":[{"activity":"SEPA-Mandat erteilt","creationType":"DEFAULT","userName":"info@tda-intl.com","timeStamp":"2025-03-24T07:58:19.24881+01:00","timelineItemPropertyChangeDtos":[{"property":"SEPA-Mandatsreferenz-Nr.","oldValue":null,"newValue":"MLREFM00019"},{"property":"Status","oldValue":null,"newValue":"CONFIRMED"}]},{"activity":"Mitglied angelegt","creationType":"DEFAULT","userName":"info@tda-intl.com","timeStamp":"2025-03-24T07:58:19.248894+01:00","timelineItemPropertyChangeDtos":[]},{"activity":"Vertrag angelegt","creationType":"DEFAULT","userName":"info@tda-intl.com","timeStamp":"2025-03-24T07:58:19.284336+01:00","timelineItemPropertyChangeDtos":[{"property":"Tarif","oldValue":"Kids","newValue":null},{"property":"Vertragsbeginn","oldValue":"2025-03-06","newValue":null},{"property":"Vertragsende","oldValue":"2026-03-05","newValue":null},{"property":"Nutzungsbeginn","oldValue":null,"newValue":null},{"property":"Laufzeit","oldValue":"12 MONTH","newValue":null},{"property":"Zahlweise","oldValue":"monatlich: 34,99 €","newValue":null}]}]}