{"dtos":[{"child":{"id":1210082608,"type":0,"typeAsString":"NEW_CHARGE_TYPE","description":"Erwachsene 16.05.24 - 31.05.24","descriptionShort":"Erwachsene","date":"2024-05-16","amount":28.380000,"amountOpen":0.000000},"parent":{"id":1210083953,"type":50,"typeAsString":"PAYMENT_RUN_TYPE","description":"Zahllauf-Position M--0016-0000001","descriptionShort":"Zahllauf-Position M--0016-0000001","date":"2024-05-20","amount":28.380000,"amountOpen":0.000000},"unlinkCause":null,"linkDate":"2024-05-20","unlinkDate":null,"amount":28.380000},{"child":{"id":1210083953,"type":50,"typeAsString":"PAYMENT_RUN_TYPE","description":"Zahllauf-Position M--0016-0000001","descriptionShort":"Zahllauf-Position M--0016-0000001","date":"2024-05-20","amount":28.380000,"amountOpen":0.000000},"parent":{"id":1210082608,"type":0,"typeAsString":"NEW_CHARGE_TYPE","description":"Erwachsene 16.05.24 - 31.05.24","descriptionShort":"Erwachsene","date":"2024-05-16","amount":28.380000,"amountOpen":0.000000},"unlinkCause":null,"linkDate":"2024-05-20","unlinkDate":null,"amount":28.380000},{"child":{"id":1210082609,"type":0,"typeAsString":"NEW_CHARGE_TYPE","description":"Erwachsene 01.06.24 - 30.06.24","descriptionShort":"Erwachsene","date":"2024-06-01","amount":54.990000,"amountOpen":0.000000},"parent":{"id":1210093962,"type":50,"typeAsString":"PAYMENT_RUN_TYPE","description":"Zahllauf-Position M--0017-0000001","descriptionShort":"Zahllauf-Position M--0017-0000001","date":"2024-06-07","amount":54.990000,"amountOpen":0.000000},"unlinkCause":null,"linkDate":"2024-06-07","unlinkDate":null,"amount":54.990000},{"child":{"id":1210093962,"type":50,"typeAsString":"PAYMENT_RUN_TYPE","description":"Zahllauf-Position M--0017-0000001","descriptionShort":"Zahllauf-Position M--0017-0000001","date":"2024-06-07","amount":54.990000,"amountOpen":0.000000},"parent":{"id":1210082609,"type":0,"typeAsString":"NEW_CHARGE_TYPE","description":"Erwachsene 01.06.24 - 30.06.24","descriptionShort":"Erwachsene","date":"2024-06-01","amount":54.990000,"amountOpen":0.000000},"unlinkCause":null,"linkDate":"2024-06-07","unlinkDate":null,"amount":54.990000},{"child":{"id":1210082820,"type":0,"typeAsString":"NEW_CHARGE_TYPE","description":"Erwachsene 01.07.24 - 31.07.24","descriptionShort":"Erwachsene","date":"2024-07-01","amount":54.990000,"amountOpen":0.000000},"parent":{"id":1210107065,"type":50,"typeAsString":"PAYMENT_RUN_TYPE","description":"Zahllauf-Position M--0018-0000001","descriptionShort":"Zahllauf-Position M--0018-0000001","date":"2024-07-02","amount":54.990000,"amountOpen":0.000000},"unlinkCause":null,"linkDate":"2024-07-02","unlinkDate":null,"amount":54.990000},{"child":{"id":1210107065,"type":50,"typeAsString":"PAYMENT_RUN_TYPE","description":"Zahllauf-Position M--0018-0000001","descriptionShort":"Zahllauf-Position M--0018-0000001","date":"2024-07-02","amount":54.990000,"amountOpen":0.000000},"parent":{"id":1210082820,"type":0,"typeAsString":"NEW_CHARGE_TYPE","description":"Erwachsene 01.07.24 - 31.07.24","descriptionShort":"Erwachsene","date":"2024-07-01","amount":54.990000,"amountOpen":0.000000},"unlinkCause":null,"linkDate":"2024-07-02","unlinkDate":null,"amount":54.990000},{"child":{"id":1210082821,"type":0,"typeAsString":"NEW_CHARGE_TYPE","description":"Erwachsene 01.08.24 - 31.08.24","descriptionShort":"Erwachsene","date":"2024-08-01","amount":54.990000,"amountOpen":0.000000},"parent":{"id":1210130616,"type":50,"typeAsString":"PAYMENT_RUN_TYPE","description":"Zahllauf-Position M--0019-0000001","descriptionShort":"Zahllauf-Position M--0019-0000001","date":"2024-08-05","amount":54.990000,"amountOpen":0.000000},"unlinkCause":null,"linkDate":"2024-08-05","unlinkDate":null,"amount":54.990000},{"child":{"id":1210130616,"type":50,"typeAsString":"PAYMENT_RUN_TYPE","description":"Zahllauf-Position M--0019-0000001","descriptionShort":"Zahllauf-Position M--0019-0000001","date":"2024-08-05","amount":54.990000,"amountOpen":0.000000},"parent":{"id":1210082821,"type":0,"typeAsString":"NEW_CHARGE_TYPE","description":"Erwachsene 01.08.24 - 31.08.24","descriptionShort":"Erwachsene","date":"2024-08-01","amount":54.990000,"amountOpen":0.000000},"unlinkCause":null,"linkDate":"2024-08-05","unlinkDate":null,"amount":54.990000},{"child":{"id":1210082822,"type":0,"typeAsString":"NEW_CHARGE_TYPE","description":"Erwachsene 01.09.24 - 30.09.24","descriptionShort":"Erwachsene","date":"2024-09-01","amount":54.990000,"amountOpen":0.000000},"parent":{"id":1210151716,"type":50,"typeAsString":"PAYMENT_RUN_TYPE","description":"Zahllauf-Position M--0020-0000001","descriptionShort":"Zahllauf-Position M--0020-0000001","date":"2024-09-09","amount":54.990000,"amountOpen":0.000000},"unlinkCause":null,"linkDate":"2024-09-09","unlinkDate":null,"amount":54.990000},{"child":{"id":1210151716,"type":50,"typeAsString":"PAYMENT_RUN_TYPE","description":"Zahllauf-Position M--0020-0000001","descriptionShort":"Zahllauf-Position M--0020-0000001","date":"2024-09-09","amount":54.990000,"amountOpen":0.000000},"parent":{"id":1210082822,"type":0,"typeAsString":"NEW_CHARGE_TYPE","description":"Erwachsene 01.09.24 - 30.09.24","descriptionShort":"Erwachsene","date":"2024-09-01","amount":54.990000,"amountOpen":0.000000},"unlinkCause":null,"linkDate":"2024-09-09","unlinkDate":null,"amount":54.990000},{"child":{"id":1210082823,"type":0,"typeAsString":"NEW_CHARGE_TYPE","description":"Erwachsene 01.10.24 - 31.10.24","descriptionShort":"Erwachsene","date":"2024-10-01","amount":54.990000,"amountOpen":0.000000},"parent":{"id":1210169216,"type":50,"typeAsString":"PAYMENT_RUN_TYPE","description":"Zahllauf-Position M--0021-0000001","descriptionShort":"Zahllauf-Position M--0021-0000001","date":"2024-10-04","amount":54.990000,"amountOpen":0.000000},"unlinkCause":null,"linkDate":"2024-10-04","unlinkDate":null,"amount":54.990000},{"child":{"id":1210169216,"type":50,"typeAsString":"PAYMENT_RUN_TYPE","description":"Zahllauf-Position M--0021-0000001","descriptionShort":"Zahllauf-Position M--0021-0000001","date":"2024-10-04","amount":54.990000,"amountOpen":0.000000},"parent":{"id":1210082823,"type":0,"typeAsString":"NEW_CHARGE_TYPE","description":"Erwachsene 01.10.24 - 31.10.24","descriptionShort":"Erwachsene","date":"2024-10-01","amount":54.990000,"amountOpen":0.000000},"unlinkCause":null,"linkDate":"2024-10-04","unlinkDate":null,"amount":54.990000},{"child":{"id":1210082824,"type":0,"typeAsString":"NEW_CHARGE_TYPE","description":"Erwachsene 01.11.24 - 30.11.24","descriptionShort":"Erwachsene","date":"2024-11-01","amount":54.990000,"amountOpen":0.000000},"parent":{"id":1210186365,"type":50,"typeAsString":"PAYMENT_RUN_TYPE","description":"Zahllauf-Position M--0022-0000001","descriptionShort":"Zahllauf-Position M--0022-0000001","date":"2024-11-06","amount":54.990000,"amountOpen":0.000000},"unlinkCause":null,"linkDate":"2024-11-06","unlinkDate":null,"amount":54.990000},{"child":{"id":1210186365,"type":50,"typeAsString":"PAYMENT_RUN_TYPE","description":"Zahllauf-Position M--0022-0000001","descriptionShort":"Zahllauf-Position M--0022-0000001","date":"2024-11-06","amount":54.990000,"amountOpen":0.000000},"parent":{"id":1210082824,"type":0,"typeAsString":"NEW_CHARGE_TYPE","description":"Erwachsene 01.11.24 - 30.11.24","descriptionShort":"Erwachsene","date":"2024-11-01","amount":54.990000,"amountOpen":0.000000},"unlinkCause":null,"linkDate":"2024-11-06","unlinkDate":null,"amount":54.990000},{"child":{"id":1210082825,"type":0,"typeAsString":"NEW_CHARGE_TYPE","description":"Erwachsene 01.12.24 - 31.12.24","descriptionShort":"Erwachsene","date":"2024-12-01","amount":54.990000,"amountOpen":0.000000},"parent":{"id":1210201511,"type":50,"typeAsString":"PAYMENT_RUN_TYPE","description":"Zahllauf-Position M--0024-0000001","descriptionShort":"Zahllauf-Position M--0024-0000001","date":"2024-12-02","amount":54.990000,"amountOpen":0.000000},"unlinkCause":null,"linkDate":"2024-12-02","unlinkDate":null,"amount":54.990000},{"child":{"id":1210201511,"type":50,"typeAsString":"PAYMENT_RUN_TYPE","description":"Zahllauf-Position M--0024-0000001","descriptionShort":"Zahllauf-Position M--0024-0000001","date":"2024-12-02","amount":54.990000,"amountOpen":0.000000},"parent":{"id":1210082825,"type":0,"typeAsString":"NEW_CHARGE_TYPE","description":"Erwachsene 01.12.24 - 31.12.24","descriptionShort":"Erwachsene","date":"2024-12-01","amount":54.990000,"amountOpen":0.000000},"unlinkCause":null,"linkDate":"2024-12-02","unlinkDate":null,"amount":54.990000},{"child":{"id":1210082826,"type":0,"typeAsString":"NEW_CHARGE_TYPE","description":"Erwachsene 01.01.25 - 31.01.25","descriptionShort":"Erwachsene","date":"2025-01-01","amount":54.990000,"amountOpen":0.000000},"parent":{"id":1210221712,"type":50,"typeAsString":"PAYMENT_RUN_TYPE","description":"Zahllauf-Position M--0028-0000001","descriptionShort":"Zahllauf-Position M--0028-0000001","date":"2025-01-01","amount":54.990000,"amountOpen":0.000000},"unlinkCause":null,"linkDate":"2025-01-01","unlinkDate":null,"amount":54.990000},{"child":{"id":1210221712,"type":50,"typeAsString":"PAYMENT_RUN_TYPE","description":"Zahllauf-Position M--0028-0000001","descriptionShort":"Zahllauf-Position M--0028-0000001","date":"2025-01-01","amount":54.990000,"amountOpen":0.000000},"parent":{"id":1210082826,"type":0,"typeAsString":"NEW_CHARGE_TYPE","description":"Erwachsene 01.01.25 - 31.01.25","descriptionShort":"Erwachsene","date":"2025-01-01","amount":54.990000,"amountOpen":0.000000},"unlinkCause":null,"linkDate":"2025-01-01","unlinkDate":null,"amount":54.990000},{"child":{"id":1210082827,"type":0,"typeAsString":"NEW_CHARGE_TYPE","description":"Erwachsene 01.02.25 - 28.02.25","descriptionShort":"Erwachsene","date":"2025-02-01","amount":54.990000,"amountOpen":0.000000},"parent":{"id":1210242191,"type":50,"typeAsString":"PAYMENT_RUN_TYPE","description":"Zahllauf-Position M--0030-0000001","descriptionShort":"Zahllauf-Position M--0030-0000001","date":"2025-02-01","amount":54.990000,"amountOpen":0.000000},"unlinkCause":null,"linkDate":"2025-02-01","unlinkDate":null,"amount":54.990000},{"child":{"id":1210242191,"type":50,"typeAsString":"PAYMENT_RUN_TYPE","description":"Zahllauf-Position M--0030-0000001","descriptionShort":"Zahllauf-Position M--0030-0000001","date":"2025-02-01","amount":54.990000,"amountOpen":0.000000},"parent":{"id":1210082827,"type":0,"typeAsString":"NEW_CHARGE_TYPE","description":"Erwachsene 01.02.25 - 28.02.25","descriptionShort":"Erwachsene","date":"2025-02-01","amount":54.990000,"amountOpen":0.000000},"unlinkCause":null,"linkDate":"2025-02-01","unlinkDate":null,"amount":54.990000},{"child":{"id":1210082828,"type":0,"typeAsString":"NEW_CHARGE_TYPE","description":"Erwachsene 01.03.25 - 31.03.25","descriptionShort":"Erwachsene","date":"2025-03-01","amount":54.990000,"amountOpen":0.000000},"parent":{"id":1210265911,"type":50,"typeAsString":"PAYMENT_RUN_TYPE","description":"Zahllauf-Position M--0032-0000001","descriptionShort":"Zahllauf-Position M--0032-0000001","date":"2025-03-04","amount":54.990000,"amountOpen":0.000000},"unlinkCause":null,"linkDate":"2025-03-04","unlinkDate":null,"amount":54.990000},{"child":{"id":1210265911,"type":50,"typeAsString":"PAYMENT_RUN_TYPE","description":"Zahllauf-Position M--0032-0000001","descriptionShort":"Zahllauf-Position M--0032-0000001","date":"2025-03-04","amount":54.990000,"amountOpen":0.000000},"parent":{"id":1210082828,"type":0,"typeAsString":"NEW_CHARGE_TYPE","description":"Erwachsene 01.03.25 - 31.03.25","descriptionShort":"Erwachsene","date":"2025-03-01","amount":54.990000,"amountOpen":0.000000},"unlinkCause":null,"linkDate":"2025-03-04","unlinkDate":null,"amount":54.990000},{"child":{"id":1210082829,"type":0,"typeAsString":"NEW_CHARGE_TYPE","description":"Erwachsene 01.04.25 - 30.04.25","descriptionShort":"Erwachsene","date":"2025-04-01","amount":54.990000,"amountOpen":0.000000},"parent":{"id":1210282866,"type":50,"typeAsString":"PAYMENT_RUN_TYPE","description":"Zahllauf-Position M--0034-0000001","descriptionShort":"Zahllauf-Position M--0034-0000001","date":"2025-04-01","amount":54.990000,"amountOpen":0.000000},"unlinkCause":null,"linkDate":"2025-04-01","unlinkDate":null,"amount":54.990000},{"child":{"id":1210282866,"type":50,"typeAsString":"PAYMENT_RUN_TYPE","description":"Zahllauf-Position M--0034-0000001","descriptionShort":"Zahllauf-Position M--0034-0000001","date":"2025-04-01","amount":54.990000,"amountOpen":0.000000},"parent":{"id":1210082829,"type":0,"typeAsString":"NEW_CHARGE_TYPE","description":"Erwachsene 01.04.25 - 30.04.25","descriptionShort":"Erwachsene","date":"2025-04-01","amount":54.990000,"amountOpen":0.000000},"unlinkCause":null,"linkDate":"2025-04-01","unlinkDate":null,"amount":54.990000},{"child":{"id":1210082830,"type":0,"typeAsString":"NEW_CHARGE_TYPE","description":"Erwachsene 01.05.25 - 31.05.25","descriptionShort":"Erwachsene","date":"2025-05-01","amount":54.990000,"amountOpen":0.000000},"parent":{"id":1210303225,"type":50,"typeAsString":"PAYMENT_RUN_TYPE","description":"Zahllauf-Position M--0035-0000001","descriptionShort":"Zahllauf-Position M--0035-0000001","date":"2025-05-02","amount":54.990000,"amountOpen":0.000000},"unlinkCause":null,"linkDate":"2025-05-02","unlinkDate":null,"amount":54.990000},{"child":{"id":1210303225,"type":50,"typeAsString":"PAYMENT_RUN_TYPE","description":"Zahllauf-Position M--0035-0000001","descriptionShort":"Zahllauf-Position M--0035-0000001","date":"2025-05-02","amount":54.990000,"amountOpen":0.000000},"parent":{"id":1210082830,"type":0,"typeAsString":"NEW_CHARGE_TYPE","description":"Erwachsene 01.05.25 - 31.05.25","descriptionShort":"Erwachsene","date":"2025-05-01","amount":54.990000,"amountOpen":0.000000},"unlinkCause":null,"linkDate":"2025-05-02","unlinkDate":null,"amount":54.990000},{"child":{"id":1210258200,"type":0,"typeAsString":"NEW_CHARGE_TYPE","description":"Erwachsene 01.06.25 - 30.06.25","descriptionShort":"Erwachsene","date":"2025-06-01","amount":54.990000,"amountOpen":0.000000},"parent":{"id":1210321708,"type":50,"typeAsString":"PAYMENT_RUN_TYPE","description":"Zahllauf-Position M--0036-0000001","descriptionShort":"Zahllauf-Position M--0036-0000001","date":"2025-06-01","amount":54.990000,"amountOpen":0.000000},"unlinkCause":null,"linkDate":"2025-06-01","unlinkDate":null,"amount":54.990000},{"child":{"id":1210321708,"type":50,"typeAsString":"PAYMENT_RUN_TYPE","description":"Zahllauf-Position M--0036-0000001","descriptionShort":"Zahllauf-Position M--0036-0000001","date":"2025-06-01","amount":54.990000,"amountOpen":0.000000},"parent":{"id":1210258200,"type":0,"typeAsString":"NEW_CHARGE_TYPE","description":"Erwachsene 01.06.25 - 30.06.25","descriptionShort":"Erwachsene","date":"2025-06-01","amount":54.990000,"amountOpen":0.000000},"unlinkCause":null,"linkDate":"2025-06-01","unlinkDate":null,"amount":54.990000},{"child":{"id":1210258201,"type":0,"typeAsString":"NEW_CHARGE_TYPE","description":"Erwachsene 01.07.25 - 31.07.25","descriptionShort":"Erwachsene","date":"2025-07-01","amount":54.990000,"amountOpen":0.000000},"parent":{"id":1210340245,"type":50,"typeAsString":"PAYMENT_RUN_TYPE","description":"Zahllauf-Position M--0037-0000001","descriptionShort":"Zahllauf-Position M--0037-0000001","date":"2025-07-02","amount":54.990000,"amountOpen":0.000000},"unlinkCause":null,"linkDate":"2025-07-02","unlinkDate":null,"amount":54.990000},{"child":{"id":1210340245,"type":50,"typeAsString":"PAYMENT_RUN_TYPE","description":"Zahllauf-Position M--0037-0000001","descriptionShort":"Zahllauf-Position M--0037-0000001","date":"2025-07-02","amount":54.990000,"amountOpen":0.000000},"parent":{"id":1210258201,"type":0,"typeAsString":"NEW_CHARGE_TYPE","description":"Erwachsene 01.07.25 - 31.07.25","descriptionShort":"Erwachsene","date":"2025-07-01","amount":54.990000,"amountOpen":0.000000},"unlinkCause":null,"linkDate":"2025-07-02","unlinkDate":null,"amount":54.990000},{"child":{"id":1210258202,"type":0,"typeAsString":"NEW_CHARGE_TYPE","description":"Erwachsene 01.08.25 - 31.08.25","descriptionShort":"Erwachsene","date":"2025-08-01","amount":54.990000,"amountOpen":0.000000},"parent":{"id":1210360728,"type":50,"typeAsString":"PAYMENT_RUN_TYPE","description":"Zahllauf-Position M--0040-0000001","descriptionShort":"Zahllauf-Position M--0040-0000001","date":"2025-08-01","amount":54.990000,"amountOpen":0.000000},"unlinkCause":null,"linkDate":"2025-08-01","unlinkDate":null,"amount":54.990000},{"child":{"id":1210360728,"type":50,"typeAsString":"PAYMENT_RUN_TYPE","description":"Zahllauf-Position M--0040-0000001","descriptionShort":"Zahllauf-Position M--0040-0000001","date":"2025-08-01","amount":54.990000,"amountOpen":0.000000},"parent":{"id":1210258202,"type":0,"typeAsString":"NEW_CHARGE_TYPE","description":"Erwachsene 01.08.25 - 31.08.25","descriptionShort":"Erwachsene","date":"2025-08-01","amount":54.990000,"amountOpen":0.000000},"unlinkCause":null,"linkDate":"2025-08-01","unlinkDate":null,"amount":54.990000},{"child":{"id":1210258203,"type":0,"typeAsString":"NEW_CHARGE_TYPE","description":"Erwachsene 01.09.25 - 30.09.25","descriptionShort":"Erwachsene","date":"2025-09-01","amount":54.990000,"amountOpen":0.000000},"parent":{"id":1210377890,"type":50,"typeAsString":"PAYMENT_RUN_TYPE","description":"Zahllauf-Position M--0041-0000001","descriptionShort":"Zahllauf-Position M--0041-0000001","date":"2025-09-01","amount":54.990000,"amountOpen":0.000000},"unlinkCause":null,"linkDate":"2025-09-01","unlinkDate":null,"amount":54.990000},{"child":{"id":1210377890,"type":50,"typeAsString":"PAYMENT_RUN_TYPE","description":"Zahllauf-Position M--0041-0000001","descriptionShort":"Zahllauf-Position M--0041-0000001","date":"2025-09-01","amount":54.990000,"amountOpen":0.000000},"parent":{"id":1210258203,"type":0,"typeAsString":"NEW_CHARGE_TYPE","description":"Erwachsene 01.09.25 - 30.09.25","descriptionShort":"Erwachsene","date":"2025-09-01","amount":54.990000,"amountOpen":0.000000},"unlinkCause":null,"linkDate":"2025-09-01","unlinkDate":null,"amount":54.990000},{"child":{"id":1210258204,"type":0,"typeAsString":"NEW_CHARGE_TYPE","description":"Erwachsene 01.10.25 - 31.10.25","descriptionShort":"Erwachsene","date":"2025-10-01","amount":54.990000,"amountOpen":0.000000},"parent":{"id":1210396478,"type":50,"typeAsString":"PAYMENT_RUN_TYPE","description":"Zahllauf-Position M--0042-0000001","descriptionShort":"Zahllauf-Position M--0042-0000001","date":"2025-10-02","amount":54.990000,"amountOpen":0.000000},"unlinkCause":null,"linkDate":"2025-10-02","unlinkDate":null,"amount":54.990000},{"child":{"id":1210396478,"type":50,"typeAsString":"PAYMENT_RUN_TYPE","description":"Zahllauf-Position M--0042-0000001","descriptionShort":"Zahllauf-Position M--0042-0000001","date":"2025-10-02","amount":54.990000,"amountOpen":0.000000},"parent":{"id":1210258204,"type":0,"typeAsString":"NEW_CHARGE_TYPE","description":"Erwachsene 01.10.25 - 31.10.25","descriptionShort":"Erwachsene","date":"2025-10-01","amount":54.990000,"amountOpen":0.000000},"unlinkCause":null,"linkDate":"2025-10-02","unlinkDate":null,"amount":54.990000},{"child":{"id":1210258205,"type":0,"typeAsString":"NEW_CHARGE_TYPE","description":"Erwachsene 01.11.25 - 30.11.25","descriptionShort":"Erwachsene","date":"2025-11-01","amount":54.990000,"amountOpen":0.000000},"parent":{"id":1210417473,"type":50,"typeAsString":"PAYMENT_RUN_TYPE","description":"Zahllauf-Position M--0043-0000001","descriptionShort":"Zahllauf-Position M--0043-0000001","date":"2025-11-01","amount":54.990000,"amountOpen":0.000000},"unlinkCause":null,"linkDate":"2025-11-01","unlinkDate":null,"amount":54.990000},{"child":{"id":1210417473,"type":50,"typeAsString":"PAYMENT_RUN_TYPE","description":"Zahllauf-Position M--0043-0000001","descriptionShort":"Zahllauf-Position M--0043-0000001","date":"2025-11-01","amount":54.990000,"amountOpen":0.000000},"parent":{"id":1210258205,"type":0,"typeAsString":"NEW_CHARGE_TYPE","description":"Erwachsene 01.11.25 - 30.11.25","descriptionShort":"Erwachsene","date":"2025-11-01","amount":54.990000,"amountOpen":0.000000},"unlinkCause":null,"linkDate":"2025-11-01","unlinkDate":null,"amount":54.990000},{"child":{"id":1210258206,"type":0,"typeAsString":"NEW_CHARGE_TYPE","description":"Erwachsene 01.12.25 - 31.12.25","descriptionShort":"Erwachsene","date":"2025-12-01","amount":54.990000,"amountOpen":0.000000},"parent":{"id":1210440610,"type":50,"typeAsString":"PAYMENT_RUN_TYPE","description":"Zahllauf-Position M--0046-0000001","descriptionShort":"Zahllauf-Position M--0046-0000001","date":"2025-12-02","amount":54.990000,"amountOpen":0.000000},"unlinkCause":null,"linkDate":"2025-12-02","unlinkDate":null,"amount":54.990000},{"child":{"id":1210440610,"type":50,"typeAsString":"PAYMENT_RUN_TYPE","description":"Zahllauf-Position M--0046-0000001","descriptionShort":"Zahllauf-Position M--0046-0000001","date":"2025-12-02","amount":54.990000,"amountOpen":0.000000},"parent":{"id":1210258206,"type":0,"typeAsString":"NEW_CHARGE_TYPE","description":"Erwachsene 01.12.25 - 31.12.25","descriptionShort":"Erwachsene","date":"2025-12-01","amount":54.990000,"amountOpen":0.000000},"unlinkCause":null,"linkDate":"2025-12-02","unlinkDate":null,"amount":54.990000}]}