[{"customerNumber":"M-5","firstName":"Sebastian","lastName":"Kaltwasser","dateOfBirth":"1998-01-01","email":"Kaltiwork@gmail.com","street":"Unterbachham","houseNumber":"2a","addition":null,"zip":"84140","city":"Gangkofen","country":"Germany","rateName":"Erwachsene","rateTerm":"12M","cancellationPeriod":"3M","paymentFrequency":"1M","chargeAmountAtContractStart":54.99,"chargeAmountCurrent":54.99,"starterPackageAmount":0.000000,"paymentType":"Lastschrift","paymentTypeContract":null,"signedContract":"16.05.2024","startDate":"2024-05-16","startDateOfUse":null,"startDateIncludingPreviousContracts":"2024-05-16","startDateOfUseIncludingPreviousContracts":null,"externalIdentifier":"","countPeriod":2,"endDateCurrentTerm":"2026-05-15","endDate":"2026-05-15","lastPossibleCancellationDate":"2026-02-15","origin":"Verwaltung","campaign":"","extensionType":"Vertragsverlängerung","extensionRate":"","extensionValue":"12M","chargeAmountNextPeriod":54.99,"cancelledTo":null,"cancelledAt":null,"cancellationType":"","cancellationReason":"","paymentRunGroupName":"Lastschriften Dojo 1.d.M.","paidTimePeriodCalculationType":"Kalendarium","company":null,"externalId":null,"location":null,"voucherCode":null,"imported":null,"voucherType":null,"discountType":null,"voucherAmount":null,"discountEffectivePeriod":null,"discountValidFrom":null,"discountValidUntil":null,"additionalDiscount":null,"additionalDiscountType":null,"additionalDiscountEffectivePeriod":null,"additionalDiscountValidFrom":null,"additionalDiscountValidUntil":null,"voucherBonusPeriodDuration":null,"voucherBonusPeriodType":null,"voucherBonusPeriodStartDate":null,"voucherBonusPeriodEndDate":null,"omitStarterPackage":null,"hasAdditionalVoucher":null,"id":1210082552,"type":"CONTRACT","referenceContractId":null}]