{"uuid":"9db481d5-f6a2-4b42-8046-463418ff403b","customerNumber":"M-5","customerStatus":"Mitglied","gender":"Männlich","title":"Kein Titel","lastName":"Kaltwasser","secondLastName":null,"firstName":"Sebastian","secondFirstName":null,"dateOfBirth":"1998-01-01","note":null,"cardNumbers":"","customerTags":"","addresses":[{"street":"Unterbachham","houseNumber":"2a","addition":null,"zip":"84140","city":"Gangkofen","country":"DE","additionalInformation":null,"streetType":null,"block":null,"portal":null,"stairway":null,"floor":null,"door":null,"province":null,"secondStreet":null,"buildingName":null,"cityPart":null,"district":null,"addressStatus":"VALID","statusInformation":null,"addressStatusSince":null}],"contact":{"telPrivate":null,"telBusiness":null,"telPrivateMobile":null,"telBusinessMobile":null,"email":"Kaltiwork@gmail.com"},"paymentMethod":"Lastschrift","bankAccount":{"accountHolder":"Sebastian Kaltwasser","iban":"DE37740618130002619814","bic":"GENODEF1PFK","bankName":"VR-Bank Rottal-Inn","sepaMandateDtos":[{"sepaMandateStatus":"CONFIRMED","referenceNumber":"MLREFM00005","mandateGivenDate":"2024-05-16","mandateWithdrawnDate":null,"signatureRequired":true,"owner":"STUDIO"}]},"emailStatus":{"type":"NOT_YET_USED","information":""},"importedFrom":"NONE","communicationStop":false,"campaign":null,"taxId":null,"documentIdentificationm":null,"locale":null,"deceased":false,"referralCode":"Q194M","excludedFromReferral":false,"medicalCertificate":null,"aggregatorAssignments":[],"referralType":null,"lead":null}