{"uuid":"9db481d5-f6a2-4b42-8046-463418ff403b","lastName":"Kaltwasser","firstName":"Sebastian","dateOfBirth":"1998-01-01","placeOfBirth":null,"countryOfBirth":null,"gender":"Männlich","title":"NONE","taxId":null,"documentNumber":null,"documentType":null,"email":"Kaltiwork@gmail.com","addresses":[{"street":"Unterbachham","houseNumber":"2a","addition":null,"zip":"84140","city":"Gangkofen","country":"DE","additionalInformation":null,"streetType":null,"block":null,"portal":null,"stairway":null,"floor":null,"door":null,"province":null,"secondStreet":null,"buildingName":null,"cityPart":null,"district":null,"addressStatus":"VALID","statusInformation":null,"addressStatusSince":null}]}