{"dtos":[{"child":{"id":1210224487,"type":10,"typeAsString":"NEW_STARTER_PACKAGE_TYPE","description":"Beitrag für Startpaket für Vertrag Kids","descriptionShort":"Kids","date":"2024-12-31","amount":33.000000,"amountOpen":0.000000},"parent":{"id":1210224820,"type":50,"typeAsString":"PAYMENT_RUN_TYPE","description":"Zahllauf-Position M--0029-0000002","descriptionShort":"Zahllauf-Position M--0029-0000002","date":"2025-01-02","amount":52.190000,"amountOpen":0.000000},"unlinkCause":null,"linkDate":"2025-01-02","unlinkDate":null,"amount":33.000000},{"child":{"id":1210224820,"type":50,"typeAsString":"PAYMENT_RUN_TYPE","description":"Zahllauf-Position M--0029-0000002","descriptionShort":"Zahllauf-Position M--0029-0000002","date":"2025-01-02","amount":52.190000,"amountOpen":0.000000},"parent":{"id":1210224487,"type":10,"typeAsString":"NEW_STARTER_PACKAGE_TYPE","description":"Beitrag für Startpaket für Vertrag Kids","descriptionShort":"Kids","date":"2024-12-31","amount":33.000000,"amountOpen":0.000000},"unlinkCause":null,"linkDate":"2025-01-02","unlinkDate":null,"amount":33.000000},{"child":{"id":1210224364,"type":0,"typeAsString":"NEW_CHARGE_TYPE","description":"Kids 15.12.24 - 31.12.24","descriptionShort":"Kids","date":"2024-12-31","amount":19.190000,"amountOpen":0.000000},"parent":{"id":1210224820,"type":50,"typeAsString":"PAYMENT_RUN_TYPE","description":"Zahllauf-Position M--0029-0000002","descriptionShort":"Zahllauf-Position M--0029-0000002","date":"2025-01-02","amount":52.190000,"amountOpen":0.000000},"unlinkCause":null,"linkDate":"2025-01-02","unlinkDate":null,"amount":19.190000},{"child":{"id":1210224820,"type":50,"typeAsString":"PAYMENT_RUN_TYPE","description":"Zahllauf-Position M--0029-0000002","descriptionShort":"Zahllauf-Position M--0029-0000002","date":"2025-01-02","amount":52.190000,"amountOpen":0.000000},"parent":{"id":1210224364,"type":0,"typeAsString":"NEW_CHARGE_TYPE","description":"Kids 15.12.24 - 31.12.24","descriptionShort":"Kids","date":"2024-12-31","amount":19.190000,"amountOpen":0.000000},"unlinkCause":null,"linkDate":"2025-01-02","unlinkDate":null,"amount":19.190000},{"child":{"id":1210224366,"type":0,"typeAsString":"NEW_CHARGE_TYPE","description":"Kids 01.02.25 - 28.02.25","descriptionShort":"Kids","date":"2025-02-01","amount":34.990000,"amountOpen":0.000000},"parent":{"id":1210242190,"type":50,"typeAsString":"PAYMENT_RUN_TYPE","description":"Zahllauf-Position M--0030-0000014","descriptionShort":"Zahllauf-Position M--0030-0000014","date":"2025-02-01","amount":69.980000,"amountOpen":0.000000},"unlinkCause":null,"linkDate":"2025-02-01","unlinkDate":null,"amount":34.990000},{"child":{"id":1210242190,"type":50,"typeAsString":"PAYMENT_RUN_TYPE","description":"Zahllauf-Position M--0030-0000014","descriptionShort":"Zahllauf-Position M--0030-0000014","date":"2025-02-01","amount":69.980000,"amountOpen":0.000000},"parent":{"id":1210224366,"type":0,"typeAsString":"NEW_CHARGE_TYPE","description":"Kids 01.02.25 - 28.02.25","descriptionShort":"Kids","date":"2025-02-01","amount":34.990000,"amountOpen":0.000000},"unlinkCause":null,"linkDate":"2025-02-01","unlinkDate":null,"amount":34.990000},{"child":{"id":1210224365,"type":0,"typeAsString":"NEW_CHARGE_TYPE","description":"Kids 01.01.25 - 31.01.25","descriptionShort":"Kids","date":"2025-01-01","amount":34.990000,"amountOpen":0.000000},"parent":{"id":1210242190,"type":50,"typeAsString":"PAYMENT_RUN_TYPE","description":"Zahllauf-Position M--0030-0000014","descriptionShort":"Zahllauf-Position M--0030-0000014","date":"2025-02-01","amount":69.980000,"amountOpen":0.000000},"unlinkCause":null,"linkDate":"2025-02-01","unlinkDate":null,"amount":34.990000},{"child":{"id":1210242190,"type":50,"typeAsString":"PAYMENT_RUN_TYPE","description":"Zahllauf-Position M--0030-0000014","descriptionShort":"Zahllauf-Position M--0030-0000014","date":"2025-02-01","amount":69.980000,"amountOpen":0.000000},"parent":{"id":1210224365,"type":0,"typeAsString":"NEW_CHARGE_TYPE","description":"Kids 01.01.25 - 31.01.25","descriptionShort":"Kids","date":"2025-01-01","amount":34.990000,"amountOpen":0.000000},"unlinkCause":null,"linkDate":"2025-02-01","unlinkDate":null,"amount":34.990000},{"child":{"id":1210224367,"type":0,"typeAsString":"NEW_CHARGE_TYPE","description":"Kids 01.03.25 - 31.03.25","descriptionShort":"Kids","date":"2025-03-01","amount":34.990000,"amountOpen":0.000000},"parent":{"id":1210265918,"type":50,"typeAsString":"PAYMENT_RUN_TYPE","description":"Zahllauf-Position M--0032-0000015","descriptionShort":"Zahllauf-Position M--0032-0000015","date":"2025-03-04","amount":34.990000,"amountOpen":0.000000},"unlinkCause":null,"linkDate":"2025-03-04","unlinkDate":null,"amount":34.990000},{"child":{"id":1210265918,"type":50,"typeAsString":"PAYMENT_RUN_TYPE","description":"Zahllauf-Position M--0032-0000015","descriptionShort":"Zahllauf-Position M--0032-0000015","date":"2025-03-04","amount":34.990000,"amountOpen":0.000000},"parent":{"id":1210224367,"type":0,"typeAsString":"NEW_CHARGE_TYPE","description":"Kids 01.03.25 - 31.03.25","descriptionShort":"Kids","date":"2025-03-01","amount":34.990000,"amountOpen":0.000000},"unlinkCause":null,"linkDate":"2025-03-04","unlinkDate":null,"amount":34.990000},{"child":{"id":1210224368,"type":0,"typeAsString":"NEW_CHARGE_TYPE","description":"Kids 01.04.25 - 30.04.25","descriptionShort":"Kids","date":"2025-04-01","amount":34.990000,"amountOpen":0.000000},"parent":{"id":1210282868,"type":50,"typeAsString":"PAYMENT_RUN_TYPE","description":"Zahllauf-Position M--0034-0000015","descriptionShort":"Zahllauf-Position M--0034-0000015","date":"2025-04-01","amount":34.990000,"amountOpen":0.000000},"unlinkCause":null,"linkDate":"2025-04-01","unlinkDate":null,"amount":34.990000},{"child":{"id":1210282868,"type":50,"typeAsString":"PAYMENT_RUN_TYPE","description":"Zahllauf-Position M--0034-0000015","descriptionShort":"Zahllauf-Position M--0034-0000015","date":"2025-04-01","amount":34.990000,"amountOpen":0.000000},"parent":{"id":1210224368,"type":0,"typeAsString":"NEW_CHARGE_TYPE","description":"Kids 01.04.25 - 30.04.25","descriptionShort":"Kids","date":"2025-04-01","amount":34.990000,"amountOpen":0.000000},"unlinkCause":null,"linkDate":"2025-04-01","unlinkDate":null,"amount":34.990000},{"child":{"id":1210224369,"type":0,"typeAsString":"NEW_CHARGE_TYPE","description":"Kids 01.05.25 - 31.05.25","descriptionShort":"Kids","date":"2025-05-01","amount":34.990000,"amountOpen":0.000000},"parent":{"id":1210303220,"type":50,"typeAsString":"PAYMENT_RUN_TYPE","description":"Zahllauf-Position M--0035-0000015","descriptionShort":"Zahllauf-Position M--0035-0000015","date":"2025-05-02","amount":34.990000,"amountOpen":0.000000},"unlinkCause":null,"linkDate":"2025-05-02","unlinkDate":null,"amount":34.990000},{"child":{"id":1210303220,"type":50,"typeAsString":"PAYMENT_RUN_TYPE","description":"Zahllauf-Position M--0035-0000015","descriptionShort":"Zahllauf-Position M--0035-0000015","date":"2025-05-02","amount":34.990000,"amountOpen":0.000000},"parent":{"id":1210224369,"type":0,"typeAsString":"NEW_CHARGE_TYPE","description":"Kids 01.05.25 - 31.05.25","descriptionShort":"Kids","date":"2025-05-01","amount":34.990000,"amountOpen":0.000000},"unlinkCause":null,"linkDate":"2025-05-02","unlinkDate":null,"amount":34.990000},{"child":{"id":1210224480,"type":0,"typeAsString":"NEW_CHARGE_TYPE","description":"Kids 01.06.25 - 30.06.25","descriptionShort":"Kids","date":"2025-06-01","amount":34.990000,"amountOpen":0.000000},"parent":{"id":1210321750,"type":50,"typeAsString":"PAYMENT_RUN_TYPE","description":"Zahllauf-Position M--0036-0000015","descriptionShort":"Zahllauf-Position M--0036-0000015","date":"2025-06-01","amount":34.990000,"amountOpen":0.000000},"unlinkCause":null,"linkDate":"2025-06-01","unlinkDate":null,"amount":34.990000},{"child":{"id":1210321750,"type":50,"typeAsString":"PAYMENT_RUN_TYPE","description":"Zahllauf-Position M--0036-0000015","descriptionShort":"Zahllauf-Position M--0036-0000015","date":"2025-06-01","amount":34.990000,"amountOpen":0.000000},"parent":{"id":1210224480,"type":0,"typeAsString":"NEW_CHARGE_TYPE","description":"Kids 01.06.25 - 30.06.25","descriptionShort":"Kids","date":"2025-06-01","amount":34.990000,"amountOpen":0.000000},"unlinkCause":null,"linkDate":"2025-06-01","unlinkDate":null,"amount":34.990000},{"child":{"id":1210224481,"type":0,"typeAsString":"NEW_CHARGE_TYPE","description":"Kids 01.07.25 - 31.07.25","descriptionShort":"Kids","date":"2025-07-01","amount":34.990000,"amountOpen":0.000000},"parent":{"id":1210340185,"type":50,"typeAsString":"PAYMENT_RUN_TYPE","description":"Zahllauf-Position M--0037-0000015","descriptionShort":"Zahllauf-Position M--0037-0000015","date":"2025-07-02","amount":34.990000,"amountOpen":0.000000},"unlinkCause":null,"linkDate":"2025-07-02","unlinkDate":null,"amount":34.990000},{"child":{"id":1210340185,"type":50,"typeAsString":"PAYMENT_RUN_TYPE","description":"Zahllauf-Position M--0037-0000015","descriptionShort":"Zahllauf-Position M--0037-0000015","date":"2025-07-02","amount":34.990000,"amountOpen":0.000000},"parent":{"id":1210224481,"type":0,"typeAsString":"NEW_CHARGE_TYPE","description":"Kids 01.07.25 - 31.07.25","descriptionShort":"Kids","date":"2025-07-01","amount":34.990000,"amountOpen":0.000000},"unlinkCause":null,"linkDate":"2025-07-02","unlinkDate":null,"amount":34.990000},{"child":{"id":1210224482,"type":0,"typeAsString":"NEW_CHARGE_TYPE","description":"Kids 01.08.25 - 31.08.25","descriptionShort":"Kids","date":"2025-08-01","amount":34.990000,"amountOpen":0.000000},"parent":{"id":1210360658,"type":50,"typeAsString":"PAYMENT_RUN_TYPE","description":"Zahllauf-Position M--0040-0000017","descriptionShort":"Zahllauf-Position M--0040-0000017","date":"2025-08-01","amount":34.990000,"amountOpen":0.000000},"unlinkCause":null,"linkDate":"2025-08-01","unlinkDate":null,"amount":34.990000},{"child":{"id":1210360658,"type":50,"typeAsString":"PAYMENT_RUN_TYPE","description":"Zahllauf-Position M--0040-0000017","descriptionShort":"Zahllauf-Position M--0040-0000017","date":"2025-08-01","amount":34.990000,"amountOpen":0.000000},"parent":{"id":1210224482,"type":0,"typeAsString":"NEW_CHARGE_TYPE","description":"Kids 01.08.25 - 31.08.25","descriptionShort":"Kids","date":"2025-08-01","amount":34.990000,"amountOpen":0.000000},"unlinkCause":null,"linkDate":"2025-08-01","unlinkDate":null,"amount":34.990000},{"child":{"id":1210224483,"type":0,"typeAsString":"NEW_CHARGE_TYPE","description":"Kids 01.09.25 - 30.09.25","descriptionShort":"Kids","date":"2025-09-01","amount":34.990000,"amountOpen":0.000000},"parent":{"id":1210377844,"type":50,"typeAsString":"PAYMENT_RUN_TYPE","description":"Zahllauf-Position M--0041-0000017","descriptionShort":"Zahllauf-Position M--0041-0000017","date":"2025-09-01","amount":34.990000,"amountOpen":0.000000},"unlinkCause":null,"linkDate":"2025-09-01","unlinkDate":null,"amount":34.990000},{"child":{"id":1210377844,"type":50,"typeAsString":"PAYMENT_RUN_TYPE","description":"Zahllauf-Position M--0041-0000017","descriptionShort":"Zahllauf-Position M--0041-0000017","date":"2025-09-01","amount":34.990000,"amountOpen":0.000000},"parent":{"id":1210224483,"type":0,"typeAsString":"NEW_CHARGE_TYPE","description":"Kids 01.09.25 - 30.09.25","descriptionShort":"Kids","date":"2025-09-01","amount":34.990000,"amountOpen":0.000000},"unlinkCause":null,"linkDate":"2025-09-01","unlinkDate":null,"amount":34.990000},{"child":{"id":1210224484,"type":0,"typeAsString":"NEW_CHARGE_TYPE","description":"Kids 01.10.25 - 31.10.25","descriptionShort":"Kids","date":"2025-10-01","amount":34.990000,"amountOpen":0.000000},"parent":{"id":1210396978,"type":50,"typeAsString":"PAYMENT_RUN_TYPE","description":"Zahllauf-Position M--0042-0000017","descriptionShort":"Zahllauf-Position M--0042-0000017","date":"2025-10-02","amount":34.990000,"amountOpen":0.000000},"unlinkCause":null,"linkDate":"2025-10-02","unlinkDate":null,"amount":34.990000},{"child":{"id":1210396978,"type":50,"typeAsString":"PAYMENT_RUN_TYPE","description":"Zahllauf-Position M--0042-0000017","descriptionShort":"Zahllauf-Position M--0042-0000017","date":"2025-10-02","amount":34.990000,"amountOpen":0.000000},"parent":{"id":1210224484,"type":0,"typeAsString":"NEW_CHARGE_TYPE","description":"Kids 01.10.25 - 31.10.25","descriptionShort":"Kids","date":"2025-10-01","amount":34.990000,"amountOpen":0.000000},"unlinkCause":null,"linkDate":"2025-10-02","unlinkDate":null,"amount":34.990000},{"child":{"id":1210224485,"type":0,"typeAsString":"NEW_CHARGE_TYPE","description":"Kids 01.11.25 - 30.11.25","descriptionShort":"Kids","date":"2025-11-01","amount":34.990000,"amountOpen":0.000000},"parent":{"id":1210417428,"type":50,"typeAsString":"PAYMENT_RUN_TYPE","description":"Zahllauf-Position M--0043-0000017","descriptionShort":"Zahllauf-Position M--0043-0000017","date":"2025-11-01","amount":34.990000,"amountOpen":0.000000},"unlinkCause":null,"linkDate":"2025-11-01","unlinkDate":null,"amount":34.990000},{"child":{"id":1210417428,"type":50,"typeAsString":"PAYMENT_RUN_TYPE","description":"Zahllauf-Position M--0043-0000017","descriptionShort":"Zahllauf-Position M--0043-0000017","date":"2025-11-01","amount":34.990000,"amountOpen":0.000000},"parent":{"id":1210224485,"type":0,"typeAsString":"NEW_CHARGE_TYPE","description":"Kids 01.11.25 - 30.11.25","descriptionShort":"Kids","date":"2025-11-01","amount":34.990000,"amountOpen":0.000000},"unlinkCause":null,"linkDate":"2025-11-01","unlinkDate":null,"amount":34.990000},{"child":{"id":1210224486,"type":0,"typeAsString":"NEW_CHARGE_TYPE","description":"Kids 01.12.25 - 31.12.25","descriptionShort":"Kids","date":"2025-12-01","amount":34.990000,"amountOpen":0.000000},"parent":{"id":1210440560,"type":50,"typeAsString":"PAYMENT_RUN_TYPE","description":"Zahllauf-Position M--0046-0000018","descriptionShort":"Zahllauf-Position M--0046-0000018","date":"2025-12-02","amount":34.990000,"amountOpen":0.000000},"unlinkCause":{"id":1210442665,"type":51,"typeAsString":"PAYMENT_RUN_CHARGED_BACK_TYPE","description":"Widerspruch des Kontoinhabers Rückbuchung - M--0046-0000018","descriptionShort":"Widerspruch des Kontoinhabers Rückbuchung - M--0046-0000018","date":"2025-12-01","amount":-34.990000,"amountOpen":0.000000},"linkDate":"2025-12-02","unlinkDate":"2025-12-02","amount":34.990000},{"child":{"id":1210440560,"type":50,"typeAsString":"PAYMENT_RUN_TYPE","description":"Zahllauf-Position M--0046-0000018","descriptionShort":"Zahllauf-Position M--0046-0000018","date":"2025-12-02","amount":34.990000,"amountOpen":0.000000},"parent":{"id":1210224486,"type":0,"typeAsString":"NEW_CHARGE_TYPE","description":"Kids 01.12.25 - 31.12.25","descriptionShort":"Kids","date":"2025-12-01","amount":34.990000,"amountOpen":0.000000},"unlinkCause":{"id":1210442665,"type":51,"typeAsString":"PAYMENT_RUN_CHARGED_BACK_TYPE","description":"Widerspruch des Kontoinhabers Rückbuchung - M--0046-0000018","descriptionShort":"Widerspruch des Kontoinhabers Rückbuchung - M--0046-0000018","date":"2025-12-01","amount":-34.990000,"amountOpen":0.000000},"linkDate":"2025-12-02","unlinkDate":"2025-12-02","amount":34.990000},{"child":{"id":1210440560,"type":50,"typeAsString":"PAYMENT_RUN_TYPE","description":"Zahllauf-Position M--0046-0000018","descriptionShort":"Zahllauf-Position M--0046-0000018","date":"2025-12-02","amount":34.990000,"amountOpen":0.000000},"parent":{"id":1210442665,"type":51,"typeAsString":"PAYMENT_RUN_CHARGED_BACK_TYPE","description":"Widerspruch des Kontoinhabers Rückbuchung - M--0046-0000018","descriptionShort":"Widerspruch des Kontoinhabers Rückbuchung - M--0046-0000018","date":"2025-12-01","amount":-34.990000,"amountOpen":0.000000},"unlinkCause":null,"linkDate":"2025-12-01","unlinkDate":null,"amount":34.990000},{"child":{"id":1210442665,"type":51,"typeAsString":"PAYMENT_RUN_CHARGED_BACK_TYPE","description":"Widerspruch des Kontoinhabers Rückbuchung - M--0046-0000018","descriptionShort":"Widerspruch des Kontoinhabers Rückbuchung - M--0046-0000018","date":"2025-12-01","amount":-34.990000,"amountOpen":0.000000},"parent":{"id":1210440560,"type":50,"typeAsString":"PAYMENT_RUN_TYPE","description":"Zahllauf-Position M--0046-0000018","descriptionShort":"Zahllauf-Position M--0046-0000018","date":"2025-12-02","amount":34.990000,"amountOpen":0.000000},"unlinkCause":null,"linkDate":"2025-12-01","unlinkDate":null,"amount":-34.990000},{"child":{"id":1210224486,"type":0,"typeAsString":"NEW_CHARGE_TYPE","description":"Kids 01.12.25 - 31.12.25","descriptionShort":"Kids","date":"2025-12-01","amount":34.990000,"amountOpen":0.000000},"parent":{"id":1210446146,"type":50,"typeAsString":"PAYMENT_RUN_TYPE","description":"Zahllauf-Position M--0047-0000003","descriptionShort":"Zahllauf-Position M--0047-0000003","date":"2025-12-05","amount":37.990000,"amountOpen":0.000000},"unlinkCause":null,"linkDate":"2025-12-05","unlinkDate":null,"amount":34.990000},{"child":{"id":1210446146,"type":50,"typeAsString":"PAYMENT_RUN_TYPE","description":"Zahllauf-Position M--0047-0000003","descriptionShort":"Zahllauf-Position M--0047-0000003","date":"2025-12-05","amount":37.990000,"amountOpen":0.000000},"parent":{"id":1210224486,"type":0,"typeAsString":"NEW_CHARGE_TYPE","description":"Kids 01.12.25 - 31.12.25","descriptionShort":"Kids","date":"2025-12-01","amount":34.990000,"amountOpen":0.000000},"unlinkCause":null,"linkDate":"2025-12-05","unlinkDate":null,"amount":34.990000},{"child":{"id":1210442664,"type":4,"typeAsString":"NEW_RETURNED_DEBIT_FEE_TYPE","description":"Rücklastschriftgebühr M--0046-0000018","descriptionShort":"Rücklastschriftgebühr M--0046-0000018","date":"2025-12-01","amount":3.000000,"amountOpen":0.000000},"parent":{"id":1210446146,"type":50,"typeAsString":"PAYMENT_RUN_TYPE","description":"Zahllauf-Position M--0047-0000003","descriptionShort":"Zahllauf-Position M--0047-0000003","date":"2025-12-05","amount":37.990000,"amountOpen":0.000000},"unlinkCause":null,"linkDate":"2025-12-05","unlinkDate":null,"amount":3.000000},{"child":{"id":1210446146,"type":50,"typeAsString":"PAYMENT_RUN_TYPE","description":"Zahllauf-Position M--0047-0000003","descriptionShort":"Zahllauf-Position M--0047-0000003","date":"2025-12-05","amount":37.990000,"amountOpen":0.000000},"parent":{"id":1210442664,"type":4,"typeAsString":"NEW_RETURNED_DEBIT_FEE_TYPE","description":"Rücklastschriftgebühr M--0046-0000018","descriptionShort":"Rücklastschriftgebühr M--0046-0000018","date":"2025-12-01","amount":3.000000,"amountOpen":0.000000},"unlinkCause":null,"linkDate":"2025-12-05","unlinkDate":null,"amount":3.000000}]}