{"uuid":"e7d87496-8679-4db9-aa3e-2f2c38b18917","lastName":"Ilieva","firstName":"Nicol","dateOfBirth":"2014-12-29","placeOfBirth":null,"countryOfBirth":null,"gender":"Weiblich","title":"NONE","taxId":null,"documentNumber":null,"documentType":null,"email":"antonio0545@web.de","addresses":[{"street":"Sportplatzstr.","houseNumber":"4","addition":null,"zip":"84155","city":"Bodenkirchen","country":"DE","additionalInformation":null,"streetType":null,"block":null,"portal":null,"stairway":null,"floor":null,"door":null,"province":null,"secondStreet":null,"buildingName":null,"cityPart":null,"district":null,"addressStatus":"VALID","statusInformation":null,"addressStatusSince":null}]}