{"uuid":"f2faf328-4ecf-484c-88cb-a9b8cb1937f0","customerNumber":"M-7","customerStatus":"Mitglied","gender":"Männlich","title":"Kein Titel","lastName":"Reiter","secondLastName":null,"firstName":"Julian","secondFirstName":null,"dateOfBirth":"2016-11-25","note":null,"cardNumbers":"","customerTags":"","addresses":[{"street":"Niedersattling","houseNumber":"22a","addition":null,"zip":"84137","city":"Vilsbiburg","country":"DE","additionalInformation":null,"streetType":null,"block":null,"portal":null,"stairway":null,"floor":null,"door":null,"province":null,"secondStreet":null,"buildingName":null,"cityPart":null,"district":null,"addressStatus":"VALID","statusInformation":null,"addressStatusSince":null}],"contact":{"telPrivate":null,"telBusiness":null,"telPrivateMobile":null,"telBusinessMobile":"+49 170 9082040","email":"nicki83reiter@gmail.com"},"paymentMethod":"Lastschrift","bankAccount":{"accountHolder":"Nicole Reiter","iban":"DE50743923000000419907","bic":"GENODEF1VBV","bankName":"VR-Bank Isar-Vils","sepaMandateDtos":[{"sepaMandateStatus":"CONFIRMED","referenceNumber":"MLREFM00007","mandateGivenDate":"2024-05-16","mandateWithdrawnDate":null,"signatureRequired":true,"owner":"STUDIO"}]},"emailStatus":{"type":"NOT_YET_USED","information":""},"importedFrom":"NONE","communicationStop":false,"campaign":null,"taxId":null,"documentIdentificationm":null,"locale":null,"deceased":false,"referralCode":"QXG52","excludedFromReferral":false,"medicalCertificate":null,"aggregatorAssignments":[],"referralType":null,"lead":null}