{"uuid":"f2faf328-4ecf-484c-88cb-a9b8cb1937f0","lastName":"Reiter","firstName":"Julian","dateOfBirth":"2016-11-25","placeOfBirth":null,"countryOfBirth":null,"gender":"Männlich","title":"NONE","taxId":null,"documentNumber":null,"documentType":null,"email":"nicki83reiter@gmail.com","addresses":[{"street":"Niedersattling","houseNumber":"22a","addition":null,"zip":"84137","city":"Vilsbiburg","country":"DE","additionalInformation":null,"streetType":null,"block":null,"portal":null,"stairway":null,"floor":null,"door":null,"province":null,"secondStreet":null,"buildingName":null,"cityPart":null,"district":null,"addressStatus":"VALID","statusInformation":null,"addressStatusSince":null}]}