{"uuid":null,"lastName":"Reiter","firstName":"Nicole","dateOfBirth":null,"placeOfBirth":null,"countryOfBirth":null,"gender":"Weiblich","title":null,"taxId":null,"documentNumber":null,"documentType":null,"email":"nicki83reiter@gmail.com","addresses":[{"street":"Niedersattling","houseNumber":"22a","addition":null,"zip":"84137","city":"Vilsbiburg","country":"DE","additionalInformation":null,"streetType":null,"block":null,"portal":null,"stairway":null,"floor":null,"door":null,"province":null,"secondStreet":null,"buildingName":null,"cityPart":null,"district":null,"addressStatus":"VALID","statusInformation":null,"addressStatusSince":null}]}