{"timelineItemDtos":[{"activity":"SEPA-Mandat erteilt","creationType":"DEFAULT","userName":"info@tda-intl.com","timeStamp":"2024-05-16T10:02:19.954412+02:00","timelineItemPropertyChangeDtos":[{"property":"SEPA-Mandatsreferenz-Nr.","oldValue":null,"newValue":"MLREFM00007"},{"property":"Status","oldValue":null,"newValue":"CONFIRMED"}]},{"activity":"Mitglied angelegt","creationType":"DEFAULT","userName":"info@tda-intl.com","timeStamp":"2024-05-16T10:02:19.954484+02:00","timelineItemPropertyChangeDtos":[]},{"activity":"Vertrag angelegt","creationType":"DEFAULT","userName":"info@tda-intl.com","timeStamp":"2024-05-16T10:02:20.013109+02:00","timelineItemPropertyChangeDtos":[{"property":"Tarif","oldValue":"Kids","newValue":null},{"property":"Vertragsbeginn","oldValue":"2024-04-01","newValue":null},{"property":"Vertragsende","oldValue":"2025-03-31","newValue":null},{"property":"Nutzungsbeginn","oldValue":null,"newValue":null},{"property":"Laufzeit","oldValue":"12 MONTH","newValue":null},{"property":"Zahlweise","oldValue":"monatlich: 34,99 €","newValue":null}]},{"activity":"Externe Person als gesetzlicher Vertreter hinterlegt","creationType":"DEFAULT","userName":"info@tda-intl.com","timeStamp":"2024-05-16T10:02:46.564117+02:00","timelineItemPropertyChangeDtos":[{"property":"Vorname","oldValue":null,"newValue":"Nicole"},{"property":"Nachname","oldValue":null,"newValue":"Reiter"},{"property":"Titel","oldValue":null,"newValue":null},{"property":"Geschlecht","oldValue":null,"newValue":"FEMALE"},{"property":"Geburtstag","oldValue":null,"newValue":null},{"property":"Straße","oldValue":null,"newValue":"Niedersattling"},{"property":"Hausnummer","oldValue":null,"newValue":"22a"},{"property":"PLZ","oldValue":null,"newValue":"84137"},{"property":"Ort","oldValue":null,"newValue":"Vilsbiburg"},{"property":"Land","oldValue":null,"newValue":"DE"}]},{"activity":"Ausstehende E-Mail-Adressen Verifizierung abgelaufen","creationType":"DEFAULT","userName":"system","timeStamp":"2024-05-17T10:03:02.142134+02:00","timelineItemPropertyChangeDtos":[{"property":"E-Mail-Bestätigungs-Status","oldValue":"Warten auf Bestätigung","newValue":"Keine Bestätigung erhalten"}]},{"activity":"Ausstehende E-Mail-Adressen Verifizierung abgelaufen","creationType":"DEFAULT","userName":"system","timeStamp":"2024-05-24T10:03:42.026049+02:00","timelineItemPropertyChangeDtos":[{"property":"E-Mail-Bestätigungs-Status","oldValue":"Warten auf Bestätigung","newValue":"Keine Bestätigung erhalten"}]}]}