{"dtos":[{"child":{"id":1210210400,"type":0,"typeAsString":"NEW_CHARGE_TYPE","description":"Kids 01.12.24 - 31.12.24","descriptionShort":"Kids","date":"2024-12-10","amount":34.990000,"amountOpen":0.000000},"parent":{"id":1210211790,"type":50,"typeAsString":"PAYMENT_RUN_TYPE","description":"Zahllauf-Position M--0025-0000001","descriptionShort":"Zahllauf-Position M--0025-0000001","date":"2024-12-13","amount":67.990000,"amountOpen":0.000000},"unlinkCause":null,"linkDate":"2024-12-13","unlinkDate":null,"amount":34.990000},{"child":{"id":1210211790,"type":50,"typeAsString":"PAYMENT_RUN_TYPE","description":"Zahllauf-Position M--0025-0000001","descriptionShort":"Zahllauf-Position M--0025-0000001","date":"2024-12-13","amount":67.990000,"amountOpen":0.000000},"parent":{"id":1210210400,"type":0,"typeAsString":"NEW_CHARGE_TYPE","description":"Kids 01.12.24 - 31.12.24","descriptionShort":"Kids","date":"2024-12-10","amount":34.990000,"amountOpen":0.000000},"unlinkCause":null,"linkDate":"2024-12-13","unlinkDate":null,"amount":34.990000},{"child":{"id":1210210412,"type":10,"typeAsString":"NEW_STARTER_PACKAGE_TYPE","description":"Beitrag für Startpaket für Vertrag Kids","descriptionShort":"Kids","date":"2024-12-10","amount":33.000000,"amountOpen":0.000000},"parent":{"id":1210211790,"type":50,"typeAsString":"PAYMENT_RUN_TYPE","description":"Zahllauf-Position M--0025-0000001","descriptionShort":"Zahllauf-Position M--0025-0000001","date":"2024-12-13","amount":67.990000,"amountOpen":0.000000},"unlinkCause":null,"linkDate":"2024-12-13","unlinkDate":null,"amount":33.000000},{"child":{"id":1210211790,"type":50,"typeAsString":"PAYMENT_RUN_TYPE","description":"Zahllauf-Position M--0025-0000001","descriptionShort":"Zahllauf-Position M--0025-0000001","date":"2024-12-13","amount":67.990000,"amountOpen":0.000000},"parent":{"id":1210210412,"type":10,"typeAsString":"NEW_STARTER_PACKAGE_TYPE","description":"Beitrag für Startpaket für Vertrag Kids","descriptionShort":"Kids","date":"2024-12-10","amount":33.000000,"amountOpen":0.000000},"unlinkCause":null,"linkDate":"2024-12-13","unlinkDate":null,"amount":33.000000},{"child":{"id":1210210401,"type":0,"typeAsString":"NEW_CHARGE_TYPE","description":"Kids 01.01.25 - 31.01.25","descriptionShort":"Kids","date":"2025-01-01","amount":34.990000,"amountOpen":0.000000},"parent":{"id":1210221761,"type":50,"typeAsString":"PAYMENT_RUN_TYPE","description":"Zahllauf-Position M--0028-0000005","descriptionShort":"Zahllauf-Position M--0028-0000005","date":"2025-01-01","amount":34.990000,"amountOpen":0.000000},"unlinkCause":null,"linkDate":"2025-01-01","unlinkDate":null,"amount":34.990000},{"child":{"id":1210221761,"type":50,"typeAsString":"PAYMENT_RUN_TYPE","description":"Zahllauf-Position M--0028-0000005","descriptionShort":"Zahllauf-Position M--0028-0000005","date":"2025-01-01","amount":34.990000,"amountOpen":0.000000},"parent":{"id":1210210401,"type":0,"typeAsString":"NEW_CHARGE_TYPE","description":"Kids 01.01.25 - 31.01.25","descriptionShort":"Kids","date":"2025-01-01","amount":34.990000,"amountOpen":0.000000},"unlinkCause":null,"linkDate":"2025-01-01","unlinkDate":null,"amount":34.990000},{"child":{"id":1210210402,"type":0,"typeAsString":"NEW_CHARGE_TYPE","description":"Kids 01.02.25 - 28.02.25","descriptionShort":"Kids","date":"2025-02-01","amount":34.990000,"amountOpen":0.000000},"parent":{"id":1210242138,"type":50,"typeAsString":"PAYMENT_RUN_TYPE","description":"Zahllauf-Position M--0030-0000005","descriptionShort":"Zahllauf-Position M--0030-0000005","date":"2025-02-01","amount":34.990000,"amountOpen":0.000000},"unlinkCause":null,"linkDate":"2025-02-01","unlinkDate":null,"amount":34.990000},{"child":{"id":1210242138,"type":50,"typeAsString":"PAYMENT_RUN_TYPE","description":"Zahllauf-Position M--0030-0000005","descriptionShort":"Zahllauf-Position M--0030-0000005","date":"2025-02-01","amount":34.990000,"amountOpen":0.000000},"parent":{"id":1210210402,"type":0,"typeAsString":"NEW_CHARGE_TYPE","description":"Kids 01.02.25 - 28.02.25","descriptionShort":"Kids","date":"2025-02-01","amount":34.990000,"amountOpen":0.000000},"unlinkCause":null,"linkDate":"2025-02-01","unlinkDate":null,"amount":34.990000},{"child":{"id":1210210403,"type":0,"typeAsString":"NEW_CHARGE_TYPE","description":"Kids 01.03.25 - 31.03.25","descriptionShort":"Kids","date":"2025-03-01","amount":34.990000,"amountOpen":0.000000},"parent":{"id":1210265962,"type":50,"typeAsString":"PAYMENT_RUN_TYPE","description":"Zahllauf-Position M--0032-0000005","descriptionShort":"Zahllauf-Position M--0032-0000005","date":"2025-03-04","amount":34.990000,"amountOpen":0.000000},"unlinkCause":null,"linkDate":"2025-03-04","unlinkDate":null,"amount":34.990000},{"child":{"id":1210265962,"type":50,"typeAsString":"PAYMENT_RUN_TYPE","description":"Zahllauf-Position M--0032-0000005","descriptionShort":"Zahllauf-Position M--0032-0000005","date":"2025-03-04","amount":34.990000,"amountOpen":0.000000},"parent":{"id":1210210403,"type":0,"typeAsString":"NEW_CHARGE_TYPE","description":"Kids 01.03.25 - 31.03.25","descriptionShort":"Kids","date":"2025-03-01","amount":34.990000,"amountOpen":0.000000},"unlinkCause":null,"linkDate":"2025-03-04","unlinkDate":null,"amount":34.990000},{"child":{"id":1210210404,"type":0,"typeAsString":"NEW_CHARGE_TYPE","description":"Kids 01.04.25 - 30.04.25","descriptionShort":"Kids","date":"2025-04-01","amount":34.990000,"amountOpen":0.000000},"parent":{"id":1210282869,"type":50,"typeAsString":"PAYMENT_RUN_TYPE","description":"Zahllauf-Position M--0034-0000005","descriptionShort":"Zahllauf-Position M--0034-0000005","date":"2025-04-01","amount":34.990000,"amountOpen":0.000000},"unlinkCause":null,"linkDate":"2025-04-01","unlinkDate":null,"amount":34.990000},{"child":{"id":1210282869,"type":50,"typeAsString":"PAYMENT_RUN_TYPE","description":"Zahllauf-Position M--0034-0000005","descriptionShort":"Zahllauf-Position M--0034-0000005","date":"2025-04-01","amount":34.990000,"amountOpen":0.000000},"parent":{"id":1210210404,"type":0,"typeAsString":"NEW_CHARGE_TYPE","description":"Kids 01.04.25 - 30.04.25","descriptionShort":"Kids","date":"2025-04-01","amount":34.990000,"amountOpen":0.000000},"unlinkCause":null,"linkDate":"2025-04-01","unlinkDate":null,"amount":34.990000},{"child":{"id":1210210405,"type":0,"typeAsString":"NEW_CHARGE_TYPE","description":"Kids 01.05.25 - 31.05.25","descriptionShort":"Kids","date":"2025-05-01","amount":34.990000,"amountOpen":0.000000},"parent":{"id":1210303327,"type":50,"typeAsString":"PAYMENT_RUN_TYPE","description":"Zahllauf-Position M--0035-0000005","descriptionShort":"Zahllauf-Position M--0035-0000005","date":"2025-05-02","amount":34.990000,"amountOpen":0.000000},"unlinkCause":null,"linkDate":"2025-05-02","unlinkDate":null,"amount":34.990000},{"child":{"id":1210303327,"type":50,"typeAsString":"PAYMENT_RUN_TYPE","description":"Zahllauf-Position M--0035-0000005","descriptionShort":"Zahllauf-Position M--0035-0000005","date":"2025-05-02","amount":34.990000,"amountOpen":0.000000},"parent":{"id":1210210405,"type":0,"typeAsString":"NEW_CHARGE_TYPE","description":"Kids 01.05.25 - 31.05.25","descriptionShort":"Kids","date":"2025-05-01","amount":34.990000,"amountOpen":0.000000},"unlinkCause":null,"linkDate":"2025-05-02","unlinkDate":null,"amount":34.990000},{"child":{"id":1210210406,"type":0,"typeAsString":"NEW_CHARGE_TYPE","description":"Kids 01.06.25 - 30.06.25","descriptionShort":"Kids","date":"2025-06-01","amount":34.990000,"amountOpen":0.000000},"parent":{"id":1210321759,"type":50,"typeAsString":"PAYMENT_RUN_TYPE","description":"Zahllauf-Position M--0036-0000005","descriptionShort":"Zahllauf-Position M--0036-0000005","date":"2025-06-01","amount":34.990000,"amountOpen":0.000000},"unlinkCause":null,"linkDate":"2025-06-01","unlinkDate":null,"amount":34.990000},{"child":{"id":1210321759,"type":50,"typeAsString":"PAYMENT_RUN_TYPE","description":"Zahllauf-Position M--0036-0000005","descriptionShort":"Zahllauf-Position M--0036-0000005","date":"2025-06-01","amount":34.990000,"amountOpen":0.000000},"parent":{"id":1210210406,"type":0,"typeAsString":"NEW_CHARGE_TYPE","description":"Kids 01.06.25 - 30.06.25","descriptionShort":"Kids","date":"2025-06-01","amount":34.990000,"amountOpen":0.000000},"unlinkCause":null,"linkDate":"2025-06-01","unlinkDate":null,"amount":34.990000},{"child":{"id":1210210407,"type":0,"typeAsString":"NEW_CHARGE_TYPE","description":"Kids 01.07.25 - 31.07.25","descriptionShort":"Kids","date":"2025-07-01","amount":34.990000,"amountOpen":0.000000},"parent":{"id":1210340180,"type":50,"typeAsString":"PAYMENT_RUN_TYPE","description":"Zahllauf-Position M--0037-0000005","descriptionShort":"Zahllauf-Position M--0037-0000005","date":"2025-07-02","amount":34.990000,"amountOpen":0.000000},"unlinkCause":null,"linkDate":"2025-07-02","unlinkDate":null,"amount":34.990000},{"child":{"id":1210340180,"type":50,"typeAsString":"PAYMENT_RUN_TYPE","description":"Zahllauf-Position M--0037-0000005","descriptionShort":"Zahllauf-Position M--0037-0000005","date":"2025-07-02","amount":34.990000,"amountOpen":0.000000},"parent":{"id":1210210407,"type":0,"typeAsString":"NEW_CHARGE_TYPE","description":"Kids 01.07.25 - 31.07.25","descriptionShort":"Kids","date":"2025-07-01","amount":34.990000,"amountOpen":0.000000},"unlinkCause":null,"linkDate":"2025-07-02","unlinkDate":null,"amount":34.990000},{"child":{"id":1210210408,"type":0,"typeAsString":"NEW_CHARGE_TYPE","description":"Kids 01.08.25 - 31.08.25","descriptionShort":"Kids","date":"2025-08-01","amount":34.990000,"amountOpen":0.000000},"parent":{"id":1210360780,"type":50,"typeAsString":"PAYMENT_RUN_TYPE","description":"Zahllauf-Position M--0040-0000005","descriptionShort":"Zahllauf-Position M--0040-0000005","date":"2025-08-01","amount":34.990000,"amountOpen":0.000000},"unlinkCause":null,"linkDate":"2025-08-01","unlinkDate":null,"amount":34.990000},{"child":{"id":1210360780,"type":50,"typeAsString":"PAYMENT_RUN_TYPE","description":"Zahllauf-Position M--0040-0000005","descriptionShort":"Zahllauf-Position M--0040-0000005","date":"2025-08-01","amount":34.990000,"amountOpen":0.000000},"parent":{"id":1210210408,"type":0,"typeAsString":"NEW_CHARGE_TYPE","description":"Kids 01.08.25 - 31.08.25","descriptionShort":"Kids","date":"2025-08-01","amount":34.990000,"amountOpen":0.000000},"unlinkCause":null,"linkDate":"2025-08-01","unlinkDate":null,"amount":34.990000},{"child":{"id":1210210409,"type":0,"typeAsString":"NEW_CHARGE_TYPE","description":"Kids 01.09.25 - 30.09.25","descriptionShort":"Kids","date":"2025-09-01","amount":34.990000,"amountOpen":0.000000},"parent":{"id":1210377797,"type":50,"typeAsString":"PAYMENT_RUN_TYPE","description":"Zahllauf-Position M--0041-0000005","descriptionShort":"Zahllauf-Position M--0041-0000005","date":"2025-09-01","amount":34.990000,"amountOpen":0.000000},"unlinkCause":null,"linkDate":"2025-09-01","unlinkDate":null,"amount":34.990000},{"child":{"id":1210377797,"type":50,"typeAsString":"PAYMENT_RUN_TYPE","description":"Zahllauf-Position M--0041-0000005","descriptionShort":"Zahllauf-Position M--0041-0000005","date":"2025-09-01","amount":34.990000,"amountOpen":0.000000},"parent":{"id":1210210409,"type":0,"typeAsString":"NEW_CHARGE_TYPE","description":"Kids 01.09.25 - 30.09.25","descriptionShort":"Kids","date":"2025-09-01","amount":34.990000,"amountOpen":0.000000},"unlinkCause":null,"linkDate":"2025-09-01","unlinkDate":null,"amount":34.990000},{"child":{"id":1210210410,"type":0,"typeAsString":"NEW_CHARGE_TYPE","description":"Kids 01.10.25 - 31.10.25","descriptionShort":"Kids","date":"2025-10-01","amount":34.990000,"amountOpen":0.000000},"parent":{"id":1210396475,"type":50,"typeAsString":"PAYMENT_RUN_TYPE","description":"Zahllauf-Position M--0042-0000005","descriptionShort":"Zahllauf-Position M--0042-0000005","date":"2025-10-02","amount":34.990000,"amountOpen":0.000000},"unlinkCause":null,"linkDate":"2025-10-02","unlinkDate":null,"amount":34.990000},{"child":{"id":1210396475,"type":50,"typeAsString":"PAYMENT_RUN_TYPE","description":"Zahllauf-Position M--0042-0000005","descriptionShort":"Zahllauf-Position M--0042-0000005","date":"2025-10-02","amount":34.990000,"amountOpen":0.000000},"parent":{"id":1210210410,"type":0,"typeAsString":"NEW_CHARGE_TYPE","description":"Kids 01.10.25 - 31.10.25","descriptionShort":"Kids","date":"2025-10-01","amount":34.990000,"amountOpen":0.000000},"unlinkCause":null,"linkDate":"2025-10-02","unlinkDate":null,"amount":34.990000},{"child":{"id":1210210411,"type":0,"typeAsString":"NEW_CHARGE_TYPE","description":"Kids 01.11.25 - 30.11.25","descriptionShort":"Kids","date":"2025-11-01","amount":34.990000,"amountOpen":0.000000},"parent":{"id":1210417424,"type":50,"typeAsString":"PAYMENT_RUN_TYPE","description":"Zahllauf-Position M--0043-0000005","descriptionShort":"Zahllauf-Position M--0043-0000005","date":"2025-11-01","amount":34.990000,"amountOpen":0.000000},"unlinkCause":null,"linkDate":"2025-11-01","unlinkDate":null,"amount":34.990000},{"child":{"id":1210417424,"type":50,"typeAsString":"PAYMENT_RUN_TYPE","description":"Zahllauf-Position M--0043-0000005","descriptionShort":"Zahllauf-Position M--0043-0000005","date":"2025-11-01","amount":34.990000,"amountOpen":0.000000},"parent":{"id":1210210411,"type":0,"typeAsString":"NEW_CHARGE_TYPE","description":"Kids 01.11.25 - 30.11.25","descriptionShort":"Kids","date":"2025-11-01","amount":34.990000,"amountOpen":0.000000},"unlinkCause":null,"linkDate":"2025-11-01","unlinkDate":null,"amount":34.990000},{"child":{"id":1210381004,"type":0,"typeAsString":"NEW_CHARGE_TYPE","description":"Kids 01.12.25 - 31.12.25","descriptionShort":"Kids","date":"2025-12-01","amount":34.990000,"amountOpen":0.000000},"parent":{"id":1210440563,"type":50,"typeAsString":"PAYMENT_RUN_TYPE","description":"Zahllauf-Position M--0046-0000005","descriptionShort":"Zahllauf-Position M--0046-0000005","date":"2025-12-02","amount":34.990000,"amountOpen":0.000000},"unlinkCause":null,"linkDate":"2025-12-02","unlinkDate":null,"amount":34.990000},{"child":{"id":1210440563,"type":50,"typeAsString":"PAYMENT_RUN_TYPE","description":"Zahllauf-Position M--0046-0000005","descriptionShort":"Zahllauf-Position M--0046-0000005","date":"2025-12-02","amount":34.990000,"amountOpen":0.000000},"parent":{"id":1210381004,"type":0,"typeAsString":"NEW_CHARGE_TYPE","description":"Kids 01.12.25 - 31.12.25","descriptionShort":"Kids","date":"2025-12-01","amount":34.990000,"amountOpen":0.000000},"unlinkCause":null,"linkDate":"2025-12-02","unlinkDate":null,"amount":34.990000}]}