{"uuid":"665e1a0a-9d5a-482e-b9ec-f88f897e51dc","customerNumber":"M-11","customerStatus":"Mitglied","gender":"Männlich","title":"Kein Titel","lastName":"Meier","secondLastName":null,"firstName":"Maximilian","secondFirstName":null,"dateOfBirth":"2013-09-02","note":null,"cardNumbers":"","customerTags":"","addresses":[{"street":"Meisenstr.","houseNumber":"11","addition":null,"zip":"84155","city":"Bodenkirchen","country":"DE","additionalInformation":null,"streetType":null,"block":null,"portal":null,"stairway":null,"floor":null,"door":null,"province":null,"secondStreet":null,"buildingName":null,"cityPart":null,"district":null,"addressStatus":"VALID","statusInformation":null,"addressStatusSince":null}],"contact":{"telPrivate":null,"telBusiness":null,"telPrivateMobile":"015170336821","telBusinessMobile":null,"email":"Michaela.meier87@googlemail.com"},"paymentMethod":"Lastschrift","bankAccount":{"accountHolder":"Michaela Meier","iban":"DE89500502011242809293","bic":"HELADEF1822","bankName":"Frankfurter Sparkasse","sepaMandateDtos":[{"sepaMandateStatus":"CONFIRMED","referenceNumber":"MLREFM00011","mandateGivenDate":"2024-12-10","mandateWithdrawnDate":null,"signatureRequired":true,"owner":"STUDIO"}]},"emailStatus":{"type":"NOT_YET_USED","information":""},"importedFrom":"NONE","communicationStop":false,"campaign":null,"taxId":null,"documentIdentificationm":null,"locale":null,"deceased":false,"referralCode":"QNN6Q","excludedFromReferral":false,"medicalCertificate":null,"aggregatorAssignments":[],"referralType":null,"lead":null}