{"uuid":"665e1a0a-9d5a-482e-b9ec-f88f897e51dc","lastName":"Meier","firstName":"Maximilian","dateOfBirth":"2013-09-02","placeOfBirth":null,"countryOfBirth":null,"gender":"Männlich","title":"NONE","taxId":null,"documentNumber":null,"documentType":null,"email":"Michaela.meier87@googlemail.com","addresses":[{"street":"Meisenstr.","houseNumber":"11","addition":null,"zip":"84155","city":"Bodenkirchen","country":"DE","additionalInformation":null,"streetType":null,"block":null,"portal":null,"stairway":null,"floor":null,"door":null,"province":null,"secondStreet":null,"buildingName":null,"cityPart":null,"district":null,"addressStatus":"VALID","statusInformation":null,"addressStatusSince":null}]}