{"uuid":null,"lastName":"Meier","firstName":"Michaela","dateOfBirth":null,"placeOfBirth":null,"countryOfBirth":null,"gender":"Weiblich","title":null,"taxId":null,"documentNumber":null,"documentType":null,"email":"Michaela.meier87@googlemail.com","addresses":[{"street":"Meisenstr.","houseNumber":"11","addition":null,"zip":"84155","city":"Bodenkirchen","country":"DE","additionalInformation":null,"streetType":null,"block":null,"portal":null,"stairway":null,"floor":null,"door":null,"province":null,"secondStreet":null,"buildingName":null,"cityPart":null,"district":null,"addressStatus":"VALID","statusInformation":null,"addressStatusSince":null}]}