{"timelineItemDtos":[{"activity":"SEPA-Mandat erteilt","creationType":"DEFAULT","userName":"info@tda-intl.com","timeStamp":"2024-12-10T11:40:33.741357+01:00","timelineItemPropertyChangeDtos":[{"property":"SEPA-Mandatsreferenz-Nr.","oldValue":null,"newValue":"MLREFM00011"},{"property":"Status","oldValue":null,"newValue":"CONFIRMED"}]},{"activity":"Mitglied angelegt","creationType":"DEFAULT","userName":"info@tda-intl.com","timeStamp":"2024-12-10T11:40:33.742035+01:00","timelineItemPropertyChangeDtos":[]},{"activity":"Vertrag angelegt","creationType":"DEFAULT","userName":"info@tda-intl.com","timeStamp":"2024-12-10T11:40:33.802143+01:00","timelineItemPropertyChangeDtos":[{"property":"Tarif","oldValue":"Kids","newValue":null},{"property":"Vertragsbeginn","oldValue":"2024-12-01","newValue":null},{"property":"Vertragsende","oldValue":"2025-11-30","newValue":null},{"property":"Nutzungsbeginn","oldValue":null,"newValue":null},{"property":"Laufzeit","oldValue":"12 MONTH","newValue":null},{"property":"Zahlweise","oldValue":"monatlich: 34,99 €","newValue":null}]},{"activity":"Externe Person als gesetzlicher Vertreter hinterlegt","creationType":"DEFAULT","userName":"info@tda-intl.com","timeStamp":"2024-12-10T11:41:02.315558+01:00","timelineItemPropertyChangeDtos":[{"property":"Vorname","oldValue":null,"newValue":"Michaela"},{"property":"Nachname","oldValue":null,"newValue":"Meier"},{"property":"Titel","oldValue":null,"newValue":null},{"property":"Geschlecht","oldValue":null,"newValue":"FEMALE"},{"property":"Geburtstag","oldValue":null,"newValue":null},{"property":"Straße","oldValue":null,"newValue":"Meisenstr."},{"property":"Hausnummer","oldValue":null,"newValue":"11"},{"property":"PLZ","oldValue":null,"newValue":"84155"},{"property":"Ort","oldValue":null,"newValue":"Bodenkirchen"},{"property":"Land","oldValue":null,"newValue":"DE"}]},{"activity":"Vertrag gekündigt","creationType":"DEFAULT","userName":"info@tda-intl.com","timeStamp":"2025-10-15T12:11:16.307462+02:00","timelineItemPropertyChangeDtos":[{"property":"Tarif","oldValue":null,"newValue":"Kids"},{"property":"Eingang der Kündigung","oldValue":null,"newValue":"2025-09-22"},{"property":"Kündigungsart","oldValue":null,"newValue":"ORDINARY"},{"property":"Kündigung zum","oldValue":null,"newValue":"2026-11-30"},{"property":"Kündigungsgrund","oldValue":null,"newValue":"Persönliche Gründe"},{"property":"Gekündigt von","oldValue":null,"newValue":"CUSTOMER"}]}]}