{"dtos":[{"child":{"id":1210444394,"type":0,"typeAsString":"NEW_CHARGE_TYPE","description":"Kids 01.12.25 - 31.12.25","descriptionShort":"Kids","date":"2025-12-03","amount":65.000000,"amountOpen":0.000000},"parent":{"id":1210446141,"type":50,"typeAsString":"PAYMENT_RUN_TYPE","description":"Zahllauf-Position M--0047-0000009","descriptionShort":"Zahllauf-Position M--0047-0000009","date":"2025-12-05","amount":98.000000,"amountOpen":0.000000},"unlinkCause":null,"linkDate":"2025-12-05","unlinkDate":null,"amount":65.000000},{"child":{"id":1210446141,"type":50,"typeAsString":"PAYMENT_RUN_TYPE","description":"Zahllauf-Position M--0047-0000009","descriptionShort":"Zahllauf-Position M--0047-0000009","date":"2025-12-05","amount":98.000000,"amountOpen":0.000000},"parent":{"id":1210444394,"type":0,"typeAsString":"NEW_CHARGE_TYPE","description":"Kids 01.12.25 - 31.12.25","descriptionShort":"Kids","date":"2025-12-03","amount":65.000000,"amountOpen":0.000000},"unlinkCause":null,"linkDate":"2025-12-05","unlinkDate":null,"amount":65.000000},{"child":{"id":1210445450,"type":10,"typeAsString":"NEW_STARTER_PACKAGE_TYPE","description":"Beitrag für Startpaket für Vertrag Kids","descriptionShort":"Kids","date":"2025-12-03","amount":33.000000,"amountOpen":0.000000},"parent":{"id":1210446141,"type":50,"typeAsString":"PAYMENT_RUN_TYPE","description":"Zahllauf-Position M--0047-0000009","descriptionShort":"Zahllauf-Position M--0047-0000009","date":"2025-12-05","amount":98.000000,"amountOpen":0.000000},"unlinkCause":null,"linkDate":"2025-12-05","unlinkDate":null,"amount":33.000000},{"child":{"id":1210446141,"type":50,"typeAsString":"PAYMENT_RUN_TYPE","description":"Zahllauf-Position M--0047-0000009","descriptionShort":"Zahllauf-Position M--0047-0000009","date":"2025-12-05","amount":98.000000,"amountOpen":0.000000},"parent":{"id":1210445450,"type":10,"typeAsString":"NEW_STARTER_PACKAGE_TYPE","description":"Beitrag für Startpaket für Vertrag Kids","descriptionShort":"Kids","date":"2025-12-03","amount":33.000000,"amountOpen":0.000000},"unlinkCause":null,"linkDate":"2025-12-05","unlinkDate":null,"amount":33.000000}]}