[{"customerNumber":"M-28","firstName":"Dustin","lastName":"Feucht","dateOfBirth":"2002-08-10","email":"feuchtdustin@gmail.com","street":"Amselstr","houseNumber":"13","addition":null,"zip":"84137","city":"Vilsbiburg","country":"Germany","rateName":"Kids neu","rateTerm":"6M","cancellationPeriod":"3M","paymentFrequency":"1M","chargeAmountAtContractStart":65.00,"chargeAmountCurrent":65.00,"starterPackageAmount":33.000000,"paymentType":"Lastschrift","paymentTypeContract":null,"signedContract":"01.12.2025","startDate":"2025-12-01","startDateOfUse":null,"startDateIncludingPreviousContracts":"2025-12-01","startDateOfUseIncludingPreviousContracts":null,"externalIdentifier":"","countPeriod":1,"endDateCurrentTerm":"2026-05-31","endDate":"2026-05-31","lastPossibleCancellationDate":"2026-02-28","origin":"Verwaltung","campaign":"","extensionType":"Vertragsverlängerung","extensionRate":"","extensionValue":"6M","chargeAmountNextPeriod":65.00,"cancelledTo":null,"cancelledAt":null,"cancellationType":"","cancellationReason":"","paymentRunGroupName":"Lastschriften Dojo 1.d.M.","paidTimePeriodCalculationType":"Kalendarium","company":null,"externalId":null,"location":null,"voucherCode":null,"imported":null,"voucherType":null,"discountType":null,"voucherAmount":null,"discountEffectivePeriod":null,"discountValidFrom":null,"discountValidUntil":null,"additionalDiscount":null,"additionalDiscountType":null,"additionalDiscountEffectivePeriod":null,"additionalDiscountValidFrom":null,"additionalDiscountValidUntil":null,"voucherBonusPeriodDuration":null,"voucherBonusPeriodType":null,"voucherBonusPeriodStartDate":null,"voucherBonusPeriodEndDate":null,"omitStarterPackage":null,"hasAdditionalVoucher":null,"id":1210444351,"type":"CONTRACT","referenceContractId":null}]