{"uuid":"69602fed-1d46-4c4a-8a15-c6ccea1a307f","lastName":"Feucht","firstName":"Dustin","dateOfBirth":"2002-08-10","placeOfBirth":null,"countryOfBirth":null,"gender":"Männlich","title":"NONE","taxId":null,"documentNumber":null,"documentType":null,"email":"feuchtdustin@gmail.com","addresses":[{"street":"Amselstr","houseNumber":"13","addition":null,"zip":"84137","city":"Vilsbiburg","country":"DE","additionalInformation":null,"streetType":null,"block":null,"portal":null,"stairway":null,"floor":null,"door":null,"province":null,"secondStreet":null,"buildingName":null,"cityPart":null,"district":null,"addressStatus":"VALID","statusInformation":null,"addressStatusSince":null}]}