{"uuid":"69602fed-1d46-4c4a-8a15-c6ccea1a307f","customerNumber":"M-28","customerStatus":"Mitglied","gender":"Männlich","title":"Kein Titel","lastName":"Feucht","secondLastName":null,"firstName":"Dustin","secondFirstName":null,"dateOfBirth":"2002-08-10","note":null,"cardNumbers":"","customerTags":"","addresses":[{"street":"Amselstr","houseNumber":"13","addition":null,"zip":"84137","city":"Vilsbiburg","country":"DE","additionalInformation":null,"streetType":null,"block":null,"portal":null,"stairway":null,"floor":null,"door":null,"province":null,"secondStreet":null,"buildingName":null,"cityPart":null,"district":null,"addressStatus":"VALID","statusInformation":null,"addressStatusSince":null}],"contact":{"telPrivate":null,"telBusiness":null,"telPrivateMobile":"(0176) 747-87870","telBusinessMobile":null,"email":"feuchtdustin@gmail.com"},"paymentMethod":"Lastschrift","bankAccount":{"accountHolder":"Dustin Feucht","iban":"DE78500105175450012564","bic":"INGDDEFFXXX","bankName":"ING-DiBa","sepaMandateDtos":[{"sepaMandateStatus":"CONFIRMED","referenceNumber":"MLREFM00028","mandateGivenDate":"2025-12-01","mandateWithdrawnDate":null,"signatureRequired":true,"owner":"STUDIO"}]},"emailStatus":{"type":"NOT_YET_USED","information":""},"importedFrom":"NONE","communicationStop":false,"campaign":null,"taxId":null,"documentIdentificationm":null,"locale":null,"deceased":false,"referralCode":"2YE1M","excludedFromReferral":false,"medicalCertificate":null,"aggregatorAssignments":[],"referralType":null,"lead":null}