{"timelineItemDtos":[{"activity":"SEPA-Mandat erteilt","creationType":"DEFAULT","userName":"info@tda-intl.com","timeStamp":"2025-12-03T08:29:27.39099+01:00","timelineItemPropertyChangeDtos":[{"property":"SEPA-Mandatsreferenz-Nr.","oldValue":null,"newValue":"MLREFM00028"},{"property":"Status","oldValue":null,"newValue":"CONFIRMED"}]},{"activity":"Mitglied angelegt","creationType":"DEFAULT","userName":"info@tda-intl.com","timeStamp":"2025-12-03T08:29:27.391516+01:00","timelineItemPropertyChangeDtos":[]},{"activity":"Vertrag angelegt","creationType":"DEFAULT","userName":"info@tda-intl.com","timeStamp":"2025-12-03T08:29:27.432446+01:00","timelineItemPropertyChangeDtos":[{"property":"Tarif","oldValue":"Kids neu","newValue":null},{"property":"Vertragsbeginn","oldValue":"2025-12-01","newValue":null},{"property":"Vertragsende","oldValue":"2026-05-31","newValue":null},{"property":"Nutzungsbeginn","oldValue":null,"newValue":null},{"property":"Laufzeit","oldValue":"6 MONTH","newValue":null},{"property":"Zahlweise","oldValue":"monatlich: 65,00 €","newValue":null},{"property":"Vertragsquelle","oldValue":"Verwaltung","newValue":null}]}]}