{"dtos":[{"child":{"id":1210345456,"type":0,"typeAsString":"NEW_CHARGE_TYPE","description":"Kids 01.05.25 - 31.05.25","descriptionShort":"Kids","date":"2025-07-03","amount":34.990000,"amountOpen":0.000000},"parent":{"id":1210346001,"type":50,"typeAsString":"PAYMENT_RUN_TYPE","description":"Zahllauf-Position M--0039-0000001","descriptionShort":"Zahllauf-Position M--0039-0000001","date":"2025-07-07","amount":146.130000,"amountOpen":0.000000},"unlinkCause":null,"linkDate":"2025-07-07","unlinkDate":null,"amount":34.990000},{"child":{"id":1210346001,"type":50,"typeAsString":"PAYMENT_RUN_TYPE","description":"Zahllauf-Position M--0039-0000001","descriptionShort":"Zahllauf-Position M--0039-0000001","date":"2025-07-07","amount":146.130000,"amountOpen":0.000000},"parent":{"id":1210345456,"type":0,"typeAsString":"NEW_CHARGE_TYPE","description":"Kids 01.05.25 - 31.05.25","descriptionShort":"Kids","date":"2025-07-03","amount":34.990000,"amountOpen":0.000000},"unlinkCause":null,"linkDate":"2025-07-07","unlinkDate":null,"amount":34.990000},{"child":{"id":1210345457,"type":0,"typeAsString":"NEW_CHARGE_TYPE","description":"Kids 01.06.25 - 30.06.25","descriptionShort":"Kids","date":"2025-07-03","amount":34.990000,"amountOpen":0.000000},"parent":{"id":1210346001,"type":50,"typeAsString":"PAYMENT_RUN_TYPE","description":"Zahllauf-Position M--0039-0000001","descriptionShort":"Zahllauf-Position M--0039-0000001","date":"2025-07-07","amount":146.130000,"amountOpen":0.000000},"unlinkCause":null,"linkDate":"2025-07-07","unlinkDate":null,"amount":34.990000},{"child":{"id":1210346001,"type":50,"typeAsString":"PAYMENT_RUN_TYPE","description":"Zahllauf-Position M--0039-0000001","descriptionShort":"Zahllauf-Position M--0039-0000001","date":"2025-07-07","amount":146.130000,"amountOpen":0.000000},"parent":{"id":1210345457,"type":0,"typeAsString":"NEW_CHARGE_TYPE","description":"Kids 01.06.25 - 30.06.25","descriptionShort":"Kids","date":"2025-07-03","amount":34.990000,"amountOpen":0.000000},"unlinkCause":null,"linkDate":"2025-07-07","unlinkDate":null,"amount":34.990000},{"child":{"id":1210345458,"type":0,"typeAsString":"NEW_CHARGE_TYPE","description":"Kids 01.07.25 - 31.07.25","descriptionShort":"Kids","date":"2025-07-03","amount":34.990000,"amountOpen":0.000000},"parent":{"id":1210346001,"type":50,"typeAsString":"PAYMENT_RUN_TYPE","description":"Zahllauf-Position M--0039-0000001","descriptionShort":"Zahllauf-Position M--0039-0000001","date":"2025-07-07","amount":146.130000,"amountOpen":0.000000},"unlinkCause":null,"linkDate":"2025-07-07","unlinkDate":null,"amount":34.990000},{"child":{"id":1210346001,"type":50,"typeAsString":"PAYMENT_RUN_TYPE","description":"Zahllauf-Position M--0039-0000001","descriptionShort":"Zahllauf-Position M--0039-0000001","date":"2025-07-07","amount":146.130000,"amountOpen":0.000000},"parent":{"id":1210345458,"type":0,"typeAsString":"NEW_CHARGE_TYPE","description":"Kids 01.07.25 - 31.07.25","descriptionShort":"Kids","date":"2025-07-03","amount":34.990000,"amountOpen":0.000000},"unlinkCause":null,"linkDate":"2025-07-07","unlinkDate":null,"amount":34.990000},{"child":{"id":1210346478,"type":10,"typeAsString":"NEW_STARTER_PACKAGE_TYPE","description":"Beitrag für Startpaket für Vertrag Kids","descriptionShort":"Kids","date":"2025-07-03","amount":33.000000,"amountOpen":0.000000},"parent":{"id":1210346001,"type":50,"typeAsString":"PAYMENT_RUN_TYPE","description":"Zahllauf-Position M--0039-0000001","descriptionShort":"Zahllauf-Position M--0039-0000001","date":"2025-07-07","amount":146.130000,"amountOpen":0.000000},"unlinkCause":null,"linkDate":"2025-07-07","unlinkDate":null,"amount":33.000000},{"child":{"id":1210346001,"type":50,"typeAsString":"PAYMENT_RUN_TYPE","description":"Zahllauf-Position M--0039-0000001","descriptionShort":"Zahllauf-Position M--0039-0000001","date":"2025-07-07","amount":146.130000,"amountOpen":0.000000},"parent":{"id":1210346478,"type":10,"typeAsString":"NEW_STARTER_PACKAGE_TYPE","description":"Beitrag für Startpaket für Vertrag Kids","descriptionShort":"Kids","date":"2025-07-03","amount":33.000000,"amountOpen":0.000000},"unlinkCause":null,"linkDate":"2025-07-07","unlinkDate":null,"amount":33.000000},{"child":{"id":1210345455,"type":0,"typeAsString":"NEW_CHARGE_TYPE","description":"Kids 24.04.25 - 30.04.25","descriptionShort":"Kids","date":"2025-07-03","amount":8.160000,"amountOpen":0.000000},"parent":{"id":1210346001,"type":50,"typeAsString":"PAYMENT_RUN_TYPE","description":"Zahllauf-Position M--0039-0000001","descriptionShort":"Zahllauf-Position M--0039-0000001","date":"2025-07-07","amount":146.130000,"amountOpen":0.000000},"unlinkCause":null,"linkDate":"2025-07-07","unlinkDate":null,"amount":8.160000},{"child":{"id":1210346001,"type":50,"typeAsString":"PAYMENT_RUN_TYPE","description":"Zahllauf-Position M--0039-0000001","descriptionShort":"Zahllauf-Position M--0039-0000001","date":"2025-07-07","amount":146.130000,"amountOpen":0.000000},"parent":{"id":1210345455,"type":0,"typeAsString":"NEW_CHARGE_TYPE","description":"Kids 24.04.25 - 30.04.25","descriptionShort":"Kids","date":"2025-07-03","amount":8.160000,"amountOpen":0.000000},"unlinkCause":null,"linkDate":"2025-07-07","unlinkDate":null,"amount":8.160000},{"child":{"id":1210345459,"type":0,"typeAsString":"NEW_CHARGE_TYPE","description":"Kids 01.08.25 - 31.08.25","descriptionShort":"Kids","date":"2025-08-01","amount":34.990000,"amountOpen":0.000000},"parent":{"id":1210360725,"type":50,"typeAsString":"PAYMENT_RUN_TYPE","description":"Zahllauf-Position M--0040-0000010","descriptionShort":"Zahllauf-Position M--0040-0000010","date":"2025-08-01","amount":34.990000,"amountOpen":0.000000},"unlinkCause":null,"linkDate":"2025-08-01","unlinkDate":null,"amount":34.990000},{"child":{"id":1210360725,"type":50,"typeAsString":"PAYMENT_RUN_TYPE","description":"Zahllauf-Position M--0040-0000010","descriptionShort":"Zahllauf-Position M--0040-0000010","date":"2025-08-01","amount":34.990000,"amountOpen":0.000000},"parent":{"id":1210345459,"type":0,"typeAsString":"NEW_CHARGE_TYPE","description":"Kids 01.08.25 - 31.08.25","descriptionShort":"Kids","date":"2025-08-01","amount":34.990000,"amountOpen":0.000000},"unlinkCause":null,"linkDate":"2025-08-01","unlinkDate":null,"amount":34.990000},{"child":{"id":1210346470,"type":0,"typeAsString":"NEW_CHARGE_TYPE","description":"Kids 01.09.25 - 30.09.25","descriptionShort":"Kids","date":"2025-09-01","amount":34.990000,"amountOpen":0.000000},"parent":{"id":1210377845,"type":50,"typeAsString":"PAYMENT_RUN_TYPE","description":"Zahllauf-Position M--0041-0000010","descriptionShort":"Zahllauf-Position M--0041-0000010","date":"2025-09-01","amount":34.990000,"amountOpen":0.000000},"unlinkCause":null,"linkDate":"2025-09-01","unlinkDate":null,"amount":34.990000},{"child":{"id":1210377845,"type":50,"typeAsString":"PAYMENT_RUN_TYPE","description":"Zahllauf-Position M--0041-0000010","descriptionShort":"Zahllauf-Position M--0041-0000010","date":"2025-09-01","amount":34.990000,"amountOpen":0.000000},"parent":{"id":1210346470,"type":0,"typeAsString":"NEW_CHARGE_TYPE","description":"Kids 01.09.25 - 30.09.25","descriptionShort":"Kids","date":"2025-09-01","amount":34.990000,"amountOpen":0.000000},"unlinkCause":null,"linkDate":"2025-09-01","unlinkDate":null,"amount":34.990000},{"child":{"id":1210346471,"type":0,"typeAsString":"NEW_CHARGE_TYPE","description":"Kids 01.10.25 - 31.10.25","descriptionShort":"Kids","date":"2025-10-01","amount":34.990000,"amountOpen":0.000000},"parent":{"id":1210396473,"type":50,"typeAsString":"PAYMENT_RUN_TYPE","description":"Zahllauf-Position M--0042-0000010","descriptionShort":"Zahllauf-Position M--0042-0000010","date":"2025-10-02","amount":34.990000,"amountOpen":0.000000},"unlinkCause":null,"linkDate":"2025-10-02","unlinkDate":null,"amount":34.990000},{"child":{"id":1210396473,"type":50,"typeAsString":"PAYMENT_RUN_TYPE","description":"Zahllauf-Position M--0042-0000010","descriptionShort":"Zahllauf-Position M--0042-0000010","date":"2025-10-02","amount":34.990000,"amountOpen":0.000000},"parent":{"id":1210346471,"type":0,"typeAsString":"NEW_CHARGE_TYPE","description":"Kids 01.10.25 - 31.10.25","descriptionShort":"Kids","date":"2025-10-01","amount":34.990000,"amountOpen":0.000000},"unlinkCause":null,"linkDate":"2025-10-02","unlinkDate":null,"amount":34.990000},{"child":{"id":1210346472,"type":0,"typeAsString":"NEW_CHARGE_TYPE","description":"Kids 01.11.25 - 30.11.25","descriptionShort":"Kids","date":"2025-11-01","amount":34.990000,"amountOpen":0.000000},"parent":{"id":1210417429,"type":50,"typeAsString":"PAYMENT_RUN_TYPE","description":"Zahllauf-Position M--0043-0000010","descriptionShort":"Zahllauf-Position M--0043-0000010","date":"2025-11-01","amount":34.990000,"amountOpen":0.000000},"unlinkCause":null,"linkDate":"2025-11-01","unlinkDate":null,"amount":34.990000},{"child":{"id":1210417429,"type":50,"typeAsString":"PAYMENT_RUN_TYPE","description":"Zahllauf-Position M--0043-0000010","descriptionShort":"Zahllauf-Position M--0043-0000010","date":"2025-11-01","amount":34.990000,"amountOpen":0.000000},"parent":{"id":1210346472,"type":0,"typeAsString":"NEW_CHARGE_TYPE","description":"Kids 01.11.25 - 30.11.25","descriptionShort":"Kids","date":"2025-11-01","amount":34.990000,"amountOpen":0.000000},"unlinkCause":null,"linkDate":"2025-11-01","unlinkDate":null,"amount":34.990000},{"child":{"id":1210346473,"type":0,"typeAsString":"NEW_CHARGE_TYPE","description":"Kids 01.12.25 - 31.12.25","descriptionShort":"Kids","date":"2025-12-01","amount":34.990000,"amountOpen":0.000000},"parent":{"id":1210440501,"type":50,"typeAsString":"PAYMENT_RUN_TYPE","description":"Zahllauf-Position M--0046-0000010","descriptionShort":"Zahllauf-Position M--0046-0000010","date":"2025-12-02","amount":34.990000,"amountOpen":0.000000},"unlinkCause":null,"linkDate":"2025-12-02","unlinkDate":null,"amount":34.990000},{"child":{"id":1210440501,"type":50,"typeAsString":"PAYMENT_RUN_TYPE","description":"Zahllauf-Position M--0046-0000010","descriptionShort":"Zahllauf-Position M--0046-0000010","date":"2025-12-02","amount":34.990000,"amountOpen":0.000000},"parent":{"id":1210346473,"type":0,"typeAsString":"NEW_CHARGE_TYPE","description":"Kids 01.12.25 - 31.12.25","descriptionShort":"Kids","date":"2025-12-01","amount":34.990000,"amountOpen":0.000000},"unlinkCause":null,"linkDate":"2025-12-02","unlinkDate":null,"amount":34.990000}]}