[{"customerNumber":"M-23","firstName":"Niko","lastName":"Bauer","dateOfBirth":"2020-12-24","email":"tobias.bauer210@web.de","street":"Mailing","houseNumber":"29","addition":null,"zip":"84140","city":"Gangkofen","country":"Germany","rateName":"Kids","rateTerm":"12M","cancellationPeriod":"3M","paymentFrequency":"1M","chargeAmountAtContractStart":34.99,"chargeAmountCurrent":34.99,"starterPackageAmount":33.000000,"paymentType":"Lastschrift","paymentTypeContract":null,"signedContract":"03.07.2025","startDate":"2025-04-24","startDateOfUse":null,"startDateIncludingPreviousContracts":"2025-04-24","startDateOfUseIncludingPreviousContracts":null,"externalIdentifier":"","countPeriod":1,"endDateCurrentTerm":"2026-04-23","endDate":"2026-04-23","lastPossibleCancellationDate":"2026-01-23","origin":"Verwaltung","campaign":"","extensionType":"Vertragsverlängerung","extensionRate":"","extensionValue":"12M","chargeAmountNextPeriod":34.99,"cancelledTo":null,"cancelledAt":null,"cancellationType":"","cancellationReason":"","paymentRunGroupName":null,"paidTimePeriodCalculationType":"Kalendarium","company":null,"externalId":null,"location":null,"voucherCode":null,"imported":null,"voucherType":null,"discountType":null,"voucherAmount":null,"discountEffectivePeriod":null,"discountValidFrom":null,"discountValidUntil":null,"additionalDiscount":null,"additionalDiscountType":null,"additionalDiscountEffectivePeriod":null,"additionalDiscountValidFrom":null,"additionalDiscountValidUntil":null,"voucherBonusPeriodDuration":null,"voucherBonusPeriodType":null,"voucherBonusPeriodStartDate":null,"voucherBonusPeriodEndDate":null,"omitStarterPackage":null,"hasAdditionalVoucher":null,"id":1210345421,"type":"CONTRACT","referenceContractId":null}]