{"uuid":"d5605fff-72db-47ab-9543-f252e2664de8","lastName":"Bauer","firstName":"Niko","dateOfBirth":"2020-12-24","placeOfBirth":null,"countryOfBirth":null,"gender":"Männlich","title":"NONE","taxId":null,"documentNumber":null,"documentType":null,"email":"tobias.bauer210@web.de","addresses":[{"street":"Mailing","houseNumber":"29","addition":null,"zip":"84140","city":"Gangkofen","country":"DE","additionalInformation":null,"streetType":null,"block":null,"portal":null,"stairway":null,"floor":null,"door":null,"province":null,"secondStreet":null,"buildingName":null,"cityPart":null,"district":null,"addressStatus":"VALID","statusInformation":null,"addressStatusSince":null}]}