{"uuid":"d5605fff-72db-47ab-9543-f252e2664de8","customerNumber":"M-23","customerStatus":"Mitglied","gender":"Männlich","title":"Kein Titel","lastName":"Bauer","secondLastName":null,"firstName":"Niko","secondFirstName":null,"dateOfBirth":"2020-12-24","note":null,"cardNumbers":"","customerTags":"","addresses":[{"street":"Mailing","houseNumber":"29","addition":null,"zip":"84140","city":"Gangkofen","country":"DE","additionalInformation":null,"streetType":null,"block":null,"portal":null,"stairway":null,"floor":null,"door":null,"province":null,"secondStreet":null,"buildingName":null,"cityPart":null,"district":null,"addressStatus":"VALID","statusInformation":null,"addressStatusSince":null}],"contact":{"telPrivate":"(08722) 9694669","telBusiness":null,"telPrivateMobile":"(0171) 2697217","telBusinessMobile":null,"email":"tobias.bauer210@web.de"},"paymentMethod":"Lastschrift","bankAccount":{"accountHolder":"Tobias Bauer","iban":"DE30500240243952731601","bic":"DEFFDEFFXXX","bankName":"C24 Bank","sepaMandateDtos":[{"sepaMandateStatus":"CONFIRMED","referenceNumber":"MLREFM00023","mandateGivenDate":"2025-04-24","mandateWithdrawnDate":null,"signatureRequired":true,"owner":"STUDIO"}]},"emailStatus":{"type":"NOT_YET_USED","information":""},"importedFrom":"NONE","communicationStop":false,"campaign":null,"taxId":null,"documentIdentificationm":null,"locale":null,"deceased":false,"referralCode":"QJ17M","excludedFromReferral":false,"medicalCertificate":null,"aggregatorAssignments":[],"referralType":null,"lead":null}