{"timelineItemDtos":[{"activity":"SEPA-Mandat erteilt","creationType":"DEFAULT","userName":"info@tda-intl.com","timeStamp":"2025-07-03T10:26:29.953424+02:00","timelineItemPropertyChangeDtos":[{"property":"SEPA-Mandatsreferenz-Nr.","oldValue":null,"newValue":"MLREFM00023"},{"property":"Status","oldValue":null,"newValue":"CONFIRMED"}]},{"activity":"Mitglied angelegt","creationType":"DEFAULT","userName":"info@tda-intl.com","timeStamp":"2025-07-03T10:26:29.95407+02:00","timelineItemPropertyChangeDtos":[]},{"activity":"Vertrag angelegt","creationType":"DEFAULT","userName":"info@tda-intl.com","timeStamp":"2025-07-03T10:26:30.051666+02:00","timelineItemPropertyChangeDtos":[{"property":"Tarif","oldValue":"Kids","newValue":null},{"property":"Vertragsbeginn","oldValue":"2025-04-24","newValue":null},{"property":"Vertragsende","oldValue":"2026-04-23","newValue":null},{"property":"Nutzungsbeginn","oldValue":null,"newValue":null},{"property":"Laufzeit","oldValue":"12 MONTH","newValue":null},{"property":"Zahlweise","oldValue":"monatlich: 34,99 €","newValue":null}]}]}