{"dtos":[{"child":{"id":1210213680,"type":0,"typeAsString":"NEW_CHARGE_TYPE","description":"Kids 01.12.24 - 31.12.24","descriptionShort":"Kids","date":"2024-12-12","amount":34.990000,"amountOpen":0.000000},"parent":{"id":1210213900,"type":50,"typeAsString":"PAYMENT_RUN_TYPE","description":"Zahllauf-Position M--0026-0000001","descriptionShort":"Zahllauf-Position M--0026-0000001","date":"2024-12-16","amount":67.990000,"amountOpen":0.000000},"unlinkCause":null,"linkDate":"2024-12-16","unlinkDate":null,"amount":34.990000},{"child":{"id":1210213900,"type":50,"typeAsString":"PAYMENT_RUN_TYPE","description":"Zahllauf-Position M--0026-0000001","descriptionShort":"Zahllauf-Position M--0026-0000001","date":"2024-12-16","amount":67.990000,"amountOpen":0.000000},"parent":{"id":1210213680,"type":0,"typeAsString":"NEW_CHARGE_TYPE","description":"Kids 01.12.24 - 31.12.24","descriptionShort":"Kids","date":"2024-12-12","amount":34.990000,"amountOpen":0.000000},"unlinkCause":null,"linkDate":"2024-12-16","unlinkDate":null,"amount":34.990000},{"child":{"id":1210213692,"type":10,"typeAsString":"NEW_STARTER_PACKAGE_TYPE","description":"Beitrag für Startpaket für Vertrag Kids","descriptionShort":"Kids","date":"2024-12-12","amount":33.000000,"amountOpen":0.000000},"parent":{"id":1210213900,"type":50,"typeAsString":"PAYMENT_RUN_TYPE","description":"Zahllauf-Position M--0026-0000001","descriptionShort":"Zahllauf-Position M--0026-0000001","date":"2024-12-16","amount":67.990000,"amountOpen":0.000000},"unlinkCause":null,"linkDate":"2024-12-16","unlinkDate":null,"amount":33.000000},{"child":{"id":1210213900,"type":50,"typeAsString":"PAYMENT_RUN_TYPE","description":"Zahllauf-Position M--0026-0000001","descriptionShort":"Zahllauf-Position M--0026-0000001","date":"2024-12-16","amount":67.990000,"amountOpen":0.000000},"parent":{"id":1210213692,"type":10,"typeAsString":"NEW_STARTER_PACKAGE_TYPE","description":"Beitrag für Startpaket für Vertrag Kids","descriptionShort":"Kids","date":"2024-12-12","amount":33.000000,"amountOpen":0.000000},"unlinkCause":null,"linkDate":"2024-12-16","unlinkDate":null,"amount":33.000000},{"child":{"id":1210213681,"type":0,"typeAsString":"NEW_CHARGE_TYPE","description":"Kids 01.01.25 - 31.01.25","descriptionShort":"Kids","date":"2025-01-01","amount":34.990000,"amountOpen":0.000000},"parent":{"id":1210221718,"type":50,"typeAsString":"PAYMENT_RUN_TYPE","description":"Zahllauf-Position M--0028-0000011","descriptionShort":"Zahllauf-Position M--0028-0000011","date":"2025-01-01","amount":34.990000,"amountOpen":0.000000},"unlinkCause":null,"linkDate":"2025-01-01","unlinkDate":null,"amount":34.990000},{"child":{"id":1210221718,"type":50,"typeAsString":"PAYMENT_RUN_TYPE","description":"Zahllauf-Position M--0028-0000011","descriptionShort":"Zahllauf-Position M--0028-0000011","date":"2025-01-01","amount":34.990000,"amountOpen":0.000000},"parent":{"id":1210213681,"type":0,"typeAsString":"NEW_CHARGE_TYPE","description":"Kids 01.01.25 - 31.01.25","descriptionShort":"Kids","date":"2025-01-01","amount":34.990000,"amountOpen":0.000000},"unlinkCause":null,"linkDate":"2025-01-01","unlinkDate":null,"amount":34.990000},{"child":{"id":1210213682,"type":0,"typeAsString":"NEW_CHARGE_TYPE","description":"Kids 01.02.25 - 28.02.25","descriptionShort":"Kids","date":"2025-02-01","amount":34.990000,"amountOpen":0.000000},"parent":{"id":1210242133,"type":50,"typeAsString":"PAYMENT_RUN_TYPE","description":"Zahllauf-Position M--0030-0000012","descriptionShort":"Zahllauf-Position M--0030-0000012","date":"2025-02-01","amount":34.990000,"amountOpen":0.000000},"unlinkCause":null,"linkDate":"2025-02-01","unlinkDate":null,"amount":34.990000},{"child":{"id":1210242133,"type":50,"typeAsString":"PAYMENT_RUN_TYPE","description":"Zahllauf-Position M--0030-0000012","descriptionShort":"Zahllauf-Position M--0030-0000012","date":"2025-02-01","amount":34.990000,"amountOpen":0.000000},"parent":{"id":1210213682,"type":0,"typeAsString":"NEW_CHARGE_TYPE","description":"Kids 01.02.25 - 28.02.25","descriptionShort":"Kids","date":"2025-02-01","amount":34.990000,"amountOpen":0.000000},"unlinkCause":null,"linkDate":"2025-02-01","unlinkDate":null,"amount":34.990000},{"child":{"id":1210213683,"type":0,"typeAsString":"NEW_CHARGE_TYPE","description":"Kids 01.03.25 - 31.03.25","descriptionShort":"Kids","date":"2025-03-01","amount":34.990000,"amountOpen":0.000000},"parent":{"id":1210265915,"type":50,"typeAsString":"PAYMENT_RUN_TYPE","description":"Zahllauf-Position M--0032-0000013","descriptionShort":"Zahllauf-Position M--0032-0000013","date":"2025-03-04","amount":34.990000,"amountOpen":0.000000},"unlinkCause":null,"linkDate":"2025-03-04","unlinkDate":null,"amount":34.990000},{"child":{"id":1210265915,"type":50,"typeAsString":"PAYMENT_RUN_TYPE","description":"Zahllauf-Position M--0032-0000013","descriptionShort":"Zahllauf-Position M--0032-0000013","date":"2025-03-04","amount":34.990000,"amountOpen":0.000000},"parent":{"id":1210213683,"type":0,"typeAsString":"NEW_CHARGE_TYPE","description":"Kids 01.03.25 - 31.03.25","descriptionShort":"Kids","date":"2025-03-01","amount":34.990000,"amountOpen":0.000000},"unlinkCause":null,"linkDate":"2025-03-04","unlinkDate":null,"amount":34.990000},{"child":{"id":1210213684,"type":0,"typeAsString":"NEW_CHARGE_TYPE","description":"Kids 01.04.25 - 30.04.25","descriptionShort":"Kids","date":"2025-04-01","amount":34.990000,"amountOpen":0.000000},"parent":{"id":1210282930,"type":50,"typeAsString":"PAYMENT_RUN_TYPE","description":"Zahllauf-Position M--0034-0000013","descriptionShort":"Zahllauf-Position M--0034-0000013","date":"2025-04-01","amount":34.990000,"amountOpen":0.000000},"unlinkCause":null,"linkDate":"2025-04-01","unlinkDate":null,"amount":34.990000},{"child":{"id":1210282930,"type":50,"typeAsString":"PAYMENT_RUN_TYPE","description":"Zahllauf-Position M--0034-0000013","descriptionShort":"Zahllauf-Position M--0034-0000013","date":"2025-04-01","amount":34.990000,"amountOpen":0.000000},"parent":{"id":1210213684,"type":0,"typeAsString":"NEW_CHARGE_TYPE","description":"Kids 01.04.25 - 30.04.25","descriptionShort":"Kids","date":"2025-04-01","amount":34.990000,"amountOpen":0.000000},"unlinkCause":null,"linkDate":"2025-04-01","unlinkDate":null,"amount":34.990000},{"child":{"id":1210213685,"type":0,"typeAsString":"NEW_CHARGE_TYPE","description":"Kids 01.05.25 - 31.05.25","descriptionShort":"Kids","date":"2025-05-01","amount":34.990000,"amountOpen":0.000000},"parent":{"id":1210303320,"type":50,"typeAsString":"PAYMENT_RUN_TYPE","description":"Zahllauf-Position M--0035-0000013","descriptionShort":"Zahllauf-Position M--0035-0000013","date":"2025-05-02","amount":34.990000,"amountOpen":0.000000},"unlinkCause":null,"linkDate":"2025-05-02","unlinkDate":null,"amount":34.990000},{"child":{"id":1210303320,"type":50,"typeAsString":"PAYMENT_RUN_TYPE","description":"Zahllauf-Position M--0035-0000013","descriptionShort":"Zahllauf-Position M--0035-0000013","date":"2025-05-02","amount":34.990000,"amountOpen":0.000000},"parent":{"id":1210213685,"type":0,"typeAsString":"NEW_CHARGE_TYPE","description":"Kids 01.05.25 - 31.05.25","descriptionShort":"Kids","date":"2025-05-01","amount":34.990000,"amountOpen":0.000000},"unlinkCause":null,"linkDate":"2025-05-02","unlinkDate":null,"amount":34.990000},{"child":{"id":1210213686,"type":0,"typeAsString":"NEW_CHARGE_TYPE","description":"Kids 01.06.25 - 30.06.25","descriptionShort":"Kids","date":"2025-06-01","amount":34.990000,"amountOpen":0.000000},"parent":{"id":1210321758,"type":50,"typeAsString":"PAYMENT_RUN_TYPE","description":"Zahllauf-Position M--0036-0000013","descriptionShort":"Zahllauf-Position M--0036-0000013","date":"2025-06-01","amount":34.990000,"amountOpen":0.000000},"unlinkCause":null,"linkDate":"2025-06-01","unlinkDate":null,"amount":34.990000},{"child":{"id":1210321758,"type":50,"typeAsString":"PAYMENT_RUN_TYPE","description":"Zahllauf-Position M--0036-0000013","descriptionShort":"Zahllauf-Position M--0036-0000013","date":"2025-06-01","amount":34.990000,"amountOpen":0.000000},"parent":{"id":1210213686,"type":0,"typeAsString":"NEW_CHARGE_TYPE","description":"Kids 01.06.25 - 30.06.25","descriptionShort":"Kids","date":"2025-06-01","amount":34.990000,"amountOpen":0.000000},"unlinkCause":null,"linkDate":"2025-06-01","unlinkDate":null,"amount":34.990000},{"child":{"id":1210213687,"type":0,"typeAsString":"NEW_CHARGE_TYPE","description":"Kids 01.07.25 - 31.07.25","descriptionShort":"Kids","date":"2025-07-01","amount":34.990000,"amountOpen":0.000000},"parent":{"id":1210340187,"type":50,"typeAsString":"PAYMENT_RUN_TYPE","description":"Zahllauf-Position M--0037-0000013","descriptionShort":"Zahllauf-Position M--0037-0000013","date":"2025-07-02","amount":34.990000,"amountOpen":0.000000},"unlinkCause":null,"linkDate":"2025-07-02","unlinkDate":null,"amount":34.990000},{"child":{"id":1210340187,"type":50,"typeAsString":"PAYMENT_RUN_TYPE","description":"Zahllauf-Position M--0037-0000013","descriptionShort":"Zahllauf-Position M--0037-0000013","date":"2025-07-02","amount":34.990000,"amountOpen":0.000000},"parent":{"id":1210213687,"type":0,"typeAsString":"NEW_CHARGE_TYPE","description":"Kids 01.07.25 - 31.07.25","descriptionShort":"Kids","date":"2025-07-01","amount":34.990000,"amountOpen":0.000000},"unlinkCause":null,"linkDate":"2025-07-02","unlinkDate":null,"amount":34.990000},{"child":{"id":1210213688,"type":0,"typeAsString":"NEW_CHARGE_TYPE","description":"Kids 01.08.25 - 31.08.25","descriptionShort":"Kids","date":"2025-08-01","amount":34.990000,"amountOpen":0.000000},"parent":{"id":1210360655,"type":50,"typeAsString":"PAYMENT_RUN_TYPE","description":"Zahllauf-Position M--0040-0000015","descriptionShort":"Zahllauf-Position M--0040-0000015","date":"2025-08-01","amount":34.990000,"amountOpen":0.000000},"unlinkCause":null,"linkDate":"2025-08-01","unlinkDate":null,"amount":34.990000},{"child":{"id":1210360655,"type":50,"typeAsString":"PAYMENT_RUN_TYPE","description":"Zahllauf-Position M--0040-0000015","descriptionShort":"Zahllauf-Position M--0040-0000015","date":"2025-08-01","amount":34.990000,"amountOpen":0.000000},"parent":{"id":1210213688,"type":0,"typeAsString":"NEW_CHARGE_TYPE","description":"Kids 01.08.25 - 31.08.25","descriptionShort":"Kids","date":"2025-08-01","amount":34.990000,"amountOpen":0.000000},"unlinkCause":null,"linkDate":"2025-08-01","unlinkDate":null,"amount":34.990000},{"child":{"id":1210213689,"type":0,"typeAsString":"NEW_CHARGE_TYPE","description":"Kids 01.09.25 - 30.09.25","descriptionShort":"Kids","date":"2025-09-01","amount":34.990000,"amountOpen":0.000000},"parent":{"id":1210377794,"type":50,"typeAsString":"PAYMENT_RUN_TYPE","description":"Zahllauf-Position M--0041-0000015","descriptionShort":"Zahllauf-Position M--0041-0000015","date":"2025-09-01","amount":34.990000,"amountOpen":0.000000},"unlinkCause":null,"linkDate":"2025-09-01","unlinkDate":null,"amount":34.990000},{"child":{"id":1210377794,"type":50,"typeAsString":"PAYMENT_RUN_TYPE","description":"Zahllauf-Position M--0041-0000015","descriptionShort":"Zahllauf-Position M--0041-0000015","date":"2025-09-01","amount":34.990000,"amountOpen":0.000000},"parent":{"id":1210213689,"type":0,"typeAsString":"NEW_CHARGE_TYPE","description":"Kids 01.09.25 - 30.09.25","descriptionShort":"Kids","date":"2025-09-01","amount":34.990000,"amountOpen":0.000000},"unlinkCause":null,"linkDate":"2025-09-01","unlinkDate":null,"amount":34.990000},{"child":{"id":1210213690,"type":0,"typeAsString":"NEW_CHARGE_TYPE","description":"Kids 01.10.25 - 31.10.25","descriptionShort":"Kids","date":"2025-10-01","amount":34.990000,"amountOpen":0.000000},"parent":{"id":1210396976,"type":50,"typeAsString":"PAYMENT_RUN_TYPE","description":"Zahllauf-Position M--0042-0000015","descriptionShort":"Zahllauf-Position M--0042-0000015","date":"2025-10-02","amount":34.990000,"amountOpen":0.000000},"unlinkCause":null,"linkDate":"2025-10-02","unlinkDate":null,"amount":34.990000},{"child":{"id":1210396976,"type":50,"typeAsString":"PAYMENT_RUN_TYPE","description":"Zahllauf-Position M--0042-0000015","descriptionShort":"Zahllauf-Position M--0042-0000015","date":"2025-10-02","amount":34.990000,"amountOpen":0.000000},"parent":{"id":1210213690,"type":0,"typeAsString":"NEW_CHARGE_TYPE","description":"Kids 01.10.25 - 31.10.25","descriptionShort":"Kids","date":"2025-10-01","amount":34.990000,"amountOpen":0.000000},"unlinkCause":null,"linkDate":"2025-10-02","unlinkDate":null,"amount":34.990000},{"child":{"id":1210213691,"type":0,"typeAsString":"NEW_CHARGE_TYPE","description":"Kids 01.11.25 - 30.11.25","descriptionShort":"Kids","date":"2025-11-01","amount":34.990000,"amountOpen":0.000000},"parent":{"id":1210417470,"type":50,"typeAsString":"PAYMENT_RUN_TYPE","description":"Zahllauf-Position M--0043-0000015","descriptionShort":"Zahllauf-Position M--0043-0000015","date":"2025-11-01","amount":34.990000,"amountOpen":0.000000},"unlinkCause":null,"linkDate":"2025-11-01","unlinkDate":null,"amount":34.990000},{"child":{"id":1210417470,"type":50,"typeAsString":"PAYMENT_RUN_TYPE","description":"Zahllauf-Position M--0043-0000015","descriptionShort":"Zahllauf-Position M--0043-0000015","date":"2025-11-01","amount":34.990000,"amountOpen":0.000000},"parent":{"id":1210213691,"type":0,"typeAsString":"NEW_CHARGE_TYPE","description":"Kids 01.11.25 - 30.11.25","descriptionShort":"Kids","date":"2025-11-01","amount":34.990000,"amountOpen":0.000000},"unlinkCause":null,"linkDate":"2025-11-01","unlinkDate":null,"amount":34.990000},{"child":{"id":1210380972,"type":0,"typeAsString":"NEW_CHARGE_TYPE","description":"Kids 01.12.25 - 31.12.25","descriptionShort":"Kids","date":"2025-12-01","amount":34.990000,"amountOpen":0.000000},"parent":{"id":1210440613,"type":50,"typeAsString":"PAYMENT_RUN_TYPE","description":"Zahllauf-Position M--0046-0000015","descriptionShort":"Zahllauf-Position M--0046-0000015","date":"2025-12-02","amount":34.990000,"amountOpen":0.000000},"unlinkCause":null,"linkDate":"2025-12-02","unlinkDate":null,"amount":34.990000},{"child":{"id":1210440613,"type":50,"typeAsString":"PAYMENT_RUN_TYPE","description":"Zahllauf-Position M--0046-0000015","descriptionShort":"Zahllauf-Position M--0046-0000015","date":"2025-12-02","amount":34.990000,"amountOpen":0.000000},"parent":{"id":1210380972,"type":0,"typeAsString":"NEW_CHARGE_TYPE","description":"Kids 01.12.25 - 31.12.25","descriptionShort":"Kids","date":"2025-12-01","amount":34.990000,"amountOpen":0.000000},"unlinkCause":null,"linkDate":"2025-12-02","unlinkDate":null,"amount":34.990000}]}