[{"customerNumber":"M-12","firstName":"Rafael","lastName":"Barnert","dateOfBirth":"2013-02-09","email":"alexusteffi.barnert@googlemail.com","street":"Sonnenweg","houseNumber":"3","addition":null,"zip":"84546","city":"Egglkofen","country":"Germany","rateName":"Kids","rateTerm":"12M","cancellationPeriod":"3M","paymentFrequency":"1M","chargeAmountAtContractStart":34.99,"chargeAmountCurrent":34.99,"starterPackageAmount":33.000000,"paymentType":"Lastschrift","paymentTypeContract":null,"signedContract":"12.12.2024","startDate":"2024-12-01","startDateOfUse":null,"startDateIncludingPreviousContracts":"2024-12-01","startDateOfUseIncludingPreviousContracts":null,"externalIdentifier":"","countPeriod":2,"endDateCurrentTerm":"2026-11-30","endDate":"2026-11-30","lastPossibleCancellationDate":"2026-08-31","origin":"Verwaltung","campaign":"","extensionType":"Vertragsverlängerung","extensionRate":"","extensionValue":"12M","chargeAmountNextPeriod":34.99,"cancelledTo":null,"cancelledAt":null,"cancellationType":"","cancellationReason":"","paymentRunGroupName":null,"paidTimePeriodCalculationType":"Kalendarium","company":null,"externalId":null,"location":null,"voucherCode":null,"imported":null,"voucherType":null,"discountType":null,"voucherAmount":null,"discountEffectivePeriod":null,"discountValidFrom":null,"discountValidUntil":null,"additionalDiscount":null,"additionalDiscountType":null,"additionalDiscountEffectivePeriod":null,"additionalDiscountValidFrom":null,"additionalDiscountValidUntil":null,"voucherBonusPeriodDuration":null,"voucherBonusPeriodType":null,"voucherBonusPeriodStartDate":null,"voucherBonusPeriodEndDate":null,"omitStarterPackage":null,"hasAdditionalVoucher":null,"id":1210213650,"type":"CONTRACT","referenceContractId":null}]