{"uuid":"4ca6afe3-aca3-4aa7-ab65-53d7773f4edd","lastName":"Barnert","firstName":"Rafael","dateOfBirth":"2013-02-09","placeOfBirth":null,"countryOfBirth":null,"gender":"Männlich","title":"NONE","taxId":null,"documentNumber":null,"documentType":null,"email":"alexusteffi.barnert@googlemail.com","addresses":[{"street":"Sonnenweg","houseNumber":"3","addition":null,"zip":"84546","city":"Egglkofen","country":"DE","additionalInformation":null,"streetType":null,"block":null,"portal":null,"stairway":null,"floor":null,"door":null,"province":null,"secondStreet":null,"buildingName":null,"cityPart":null,"district":null,"addressStatus":"VALID","statusInformation":null,"addressStatusSince":null}]}