{"uuid":"4ca6afe3-aca3-4aa7-ab65-53d7773f4edd","customerNumber":"M-12","customerStatus":"Mitglied","gender":"Männlich","title":"Kein Titel","lastName":"Barnert","secondLastName":null,"firstName":"Rafael","secondFirstName":null,"dateOfBirth":"2013-02-09","note":null,"cardNumbers":"","customerTags":"","addresses":[{"street":"Sonnenweg","houseNumber":"3","addition":null,"zip":"84546","city":"Egglkofen","country":"DE","additionalInformation":null,"streetType":null,"block":null,"portal":null,"stairway":null,"floor":null,"door":null,"province":null,"secondStreet":null,"buildingName":null,"cityPart":null,"district":null,"addressStatus":"VALID","statusInformation":null,"addressStatusSince":null}],"contact":{"telPrivate":null,"telBusiness":null,"telPrivateMobile":"0160 95687396","telBusinessMobile":null,"email":"alexusteffi.barnert@googlemail.com"},"paymentMethod":"Lastschrift","bankAccount":{"accountHolder":"Stefanie Barnert","iban":"DE20743500000003075826","bic":"BYLADEM1LAH","bankName":"Sparkasse Landshut","sepaMandateDtos":[{"sepaMandateStatus":"CONFIRMED","referenceNumber":"MLREFM00012","mandateGivenDate":"2024-12-12","mandateWithdrawnDate":null,"signatureRequired":true,"owner":"STUDIO"}]},"emailStatus":{"type":"NOT_YET_USED","information":""},"importedFrom":"NONE","communicationStop":false,"campaign":null,"taxId":null,"documentIdentificationm":null,"locale":null,"deceased":false,"referralCode":"Q96LQ","excludedFromReferral":false,"medicalCertificate":null,"aggregatorAssignments":[],"referralType":null,"lead":null}