{"uuid":null,"lastName":"Barnert","firstName":"Stefanie","dateOfBirth":null,"placeOfBirth":null,"countryOfBirth":null,"gender":null,"title":null,"taxId":null,"documentNumber":null,"documentType":null,"email":"alexusteffi.barnert@googlemail.com","addresses":[{"street":"Sonnenweg","houseNumber":"3","addition":null,"zip":"84546","city":"Egglkofen","country":"DE","additionalInformation":null,"streetType":null,"block":null,"portal":null,"stairway":null,"floor":null,"door":null,"province":null,"secondStreet":null,"buildingName":null,"cityPart":null,"district":null,"addressStatus":"VALID","statusInformation":null,"addressStatusSince":null}]}