{"timelineItemDtos":[{"activity":"SEPA-Mandat erteilt","creationType":"DEFAULT","userName":"info@tda-intl.com","timeStamp":"2024-12-12T10:31:42.15732+01:00","timelineItemPropertyChangeDtos":[{"property":"SEPA-Mandatsreferenz-Nr.","oldValue":null,"newValue":"MLREFM00012"},{"property":"Status","oldValue":null,"newValue":"CONFIRMED"}]},{"activity":"Mitglied angelegt","creationType":"DEFAULT","userName":"info@tda-intl.com","timeStamp":"2024-12-12T10:31:42.158519+01:00","timelineItemPropertyChangeDtos":[]},{"activity":"Vertrag angelegt","creationType":"DEFAULT","userName":"info@tda-intl.com","timeStamp":"2024-12-12T10:31:42.322499+01:00","timelineItemPropertyChangeDtos":[{"property":"Tarif","oldValue":"Kids","newValue":null},{"property":"Vertragsbeginn","oldValue":"2024-12-01","newValue":null},{"property":"Vertragsende","oldValue":"2025-11-30","newValue":null},{"property":"Nutzungsbeginn","oldValue":null,"newValue":null},{"property":"Laufzeit","oldValue":"12 MONTH","newValue":null},{"property":"Zahlweise","oldValue":"monatlich: 34,99 €","newValue":null}]},{"activity":"Externe Person als gesetzlicher Vertreter hinterlegt","creationType":"DEFAULT","userName":"info@tda-intl.com","timeStamp":"2024-12-12T10:31:57.424485+01:00","timelineItemPropertyChangeDtos":[{"property":"Vorname","oldValue":null,"newValue":"Stefanie"},{"property":"Nachname","oldValue":null,"newValue":"Barnert"},{"property":"Titel","oldValue":null,"newValue":null},{"property":"Geschlecht","oldValue":null,"newValue":null},{"property":"Geburtstag","oldValue":null,"newValue":null},{"property":"Straße","oldValue":null,"newValue":"Sonnenweg"},{"property":"Hausnummer","oldValue":null,"newValue":"3"},{"property":"PLZ","oldValue":null,"newValue":"84546"},{"property":"Ort","oldValue":null,"newValue":"Egglkofen"},{"property":"Land","oldValue":null,"newValue":"DE"}]}]}