{"dtos":[{"child":{"id":1210083697,"type":10,"typeAsString":"NEW_STARTER_PACKAGE_TYPE","description":"Beitrag für Startpaket für Vertrag Kids","descriptionShort":"Kids","date":"2024-05-16","amount":33.000000,"amountOpen":0.000000},"parent":{"id":1210083950,"type":50,"typeAsString":"PAYMENT_RUN_TYPE","description":"Zahllauf-Position M--0016-0000002","descriptionShort":"Zahllauf-Position M--0016-0000002","date":"2024-05-20","amount":51.060000,"amountOpen":0.000000},"unlinkCause":null,"linkDate":"2024-05-20","unlinkDate":null,"amount":33.000000},{"child":{"id":1210083950,"type":50,"typeAsString":"PAYMENT_RUN_TYPE","description":"Zahllauf-Position M--0016-0000002","descriptionShort":"Zahllauf-Position M--0016-0000002","date":"2024-05-20","amount":51.060000,"amountOpen":0.000000},"parent":{"id":1210083697,"type":10,"typeAsString":"NEW_STARTER_PACKAGE_TYPE","description":"Beitrag für Startpaket für Vertrag Kids","descriptionShort":"Kids","date":"2024-05-16","amount":33.000000,"amountOpen":0.000000},"unlinkCause":null,"linkDate":"2024-05-20","unlinkDate":null,"amount":33.000000},{"child":{"id":1210083254,"type":0,"typeAsString":"NEW_CHARGE_TYPE","description":"Kids 16.05.24 - 31.05.24","descriptionShort":"Kids","date":"2024-05-16","amount":18.060000,"amountOpen":0.000000},"parent":{"id":1210083950,"type":50,"typeAsString":"PAYMENT_RUN_TYPE","description":"Zahllauf-Position M--0016-0000002","descriptionShort":"Zahllauf-Position M--0016-0000002","date":"2024-05-20","amount":51.060000,"amountOpen":0.000000},"unlinkCause":null,"linkDate":"2024-05-20","unlinkDate":null,"amount":18.060000},{"child":{"id":1210083950,"type":50,"typeAsString":"PAYMENT_RUN_TYPE","description":"Zahllauf-Position M--0016-0000002","descriptionShort":"Zahllauf-Position M--0016-0000002","date":"2024-05-20","amount":51.060000,"amountOpen":0.000000},"parent":{"id":1210083254,"type":0,"typeAsString":"NEW_CHARGE_TYPE","description":"Kids 16.05.24 - 31.05.24","descriptionShort":"Kids","date":"2024-05-16","amount":18.060000,"amountOpen":0.000000},"unlinkCause":null,"linkDate":"2024-05-20","unlinkDate":null,"amount":18.060000},{"child":{"id":1210083255,"type":0,"typeAsString":"NEW_CHARGE_TYPE","description":"Kids 01.06.24 - 30.06.24","descriptionShort":"Kids","date":"2024-06-01","amount":34.990000,"amountOpen":0.000000},"parent":{"id":1210093965,"type":50,"typeAsString":"PAYMENT_RUN_TYPE","description":"Zahllauf-Position M--0017-0000003","descriptionShort":"Zahllauf-Position M--0017-0000003","date":"2024-06-07","amount":34.990000,"amountOpen":0.000000},"unlinkCause":null,"linkDate":"2024-06-07","unlinkDate":null,"amount":34.990000},{"child":{"id":1210093965,"type":50,"typeAsString":"PAYMENT_RUN_TYPE","description":"Zahllauf-Position M--0017-0000003","descriptionShort":"Zahllauf-Position M--0017-0000003","date":"2024-06-07","amount":34.990000,"amountOpen":0.000000},"parent":{"id":1210083255,"type":0,"typeAsString":"NEW_CHARGE_TYPE","description":"Kids 01.06.24 - 30.06.24","descriptionShort":"Kids","date":"2024-06-01","amount":34.990000,"amountOpen":0.000000},"unlinkCause":null,"linkDate":"2024-06-07","unlinkDate":null,"amount":34.990000},{"child":{"id":1210083256,"type":0,"typeAsString":"NEW_CHARGE_TYPE","description":"Kids 01.07.24 - 31.07.24","descriptionShort":"Kids","date":"2024-07-01","amount":34.990000,"amountOpen":0.000000},"parent":{"id":1210107064,"type":50,"typeAsString":"PAYMENT_RUN_TYPE","description":"Zahllauf-Position M--0018-0000003","descriptionShort":"Zahllauf-Position M--0018-0000003","date":"2024-07-02","amount":34.990000,"amountOpen":0.000000},"unlinkCause":null,"linkDate":"2024-07-02","unlinkDate":null,"amount":34.990000},{"child":{"id":1210107064,"type":50,"typeAsString":"PAYMENT_RUN_TYPE","description":"Zahllauf-Position M--0018-0000003","descriptionShort":"Zahllauf-Position M--0018-0000003","date":"2024-07-02","amount":34.990000,"amountOpen":0.000000},"parent":{"id":1210083256,"type":0,"typeAsString":"NEW_CHARGE_TYPE","description":"Kids 01.07.24 - 31.07.24","descriptionShort":"Kids","date":"2024-07-01","amount":34.990000,"amountOpen":0.000000},"unlinkCause":null,"linkDate":"2024-07-02","unlinkDate":null,"amount":34.990000},{"child":{"id":1210083257,"type":0,"typeAsString":"NEW_CHARGE_TYPE","description":"Kids 01.08.24 - 31.08.24","descriptionShort":"Kids","date":"2024-08-01","amount":34.990000,"amountOpen":0.000000},"parent":{"id":1210130614,"type":50,"typeAsString":"PAYMENT_RUN_TYPE","description":"Zahllauf-Position M--0019-0000002","descriptionShort":"Zahllauf-Position M--0019-0000002","date":"2024-08-05","amount":34.990000,"amountOpen":0.000000},"unlinkCause":null,"linkDate":"2024-08-05","unlinkDate":null,"amount":34.990000},{"child":{"id":1210130614,"type":50,"typeAsString":"PAYMENT_RUN_TYPE","description":"Zahllauf-Position M--0019-0000002","descriptionShort":"Zahllauf-Position M--0019-0000002","date":"2024-08-05","amount":34.990000,"amountOpen":0.000000},"parent":{"id":1210083257,"type":0,"typeAsString":"NEW_CHARGE_TYPE","description":"Kids 01.08.24 - 31.08.24","descriptionShort":"Kids","date":"2024-08-01","amount":34.990000,"amountOpen":0.000000},"unlinkCause":null,"linkDate":"2024-08-05","unlinkDate":null,"amount":34.990000},{"child":{"id":1210083258,"type":0,"typeAsString":"NEW_CHARGE_TYPE","description":"Kids 01.09.24 - 30.09.24","descriptionShort":"Kids","date":"2024-09-01","amount":34.990000,"amountOpen":0.000000},"parent":{"id":1210151711,"type":50,"typeAsString":"PAYMENT_RUN_TYPE","description":"Zahllauf-Position M--0020-0000002","descriptionShort":"Zahllauf-Position M--0020-0000002","date":"2024-09-09","amount":34.990000,"amountOpen":0.000000},"unlinkCause":null,"linkDate":"2024-09-09","unlinkDate":null,"amount":34.990000},{"child":{"id":1210151711,"type":50,"typeAsString":"PAYMENT_RUN_TYPE","description":"Zahllauf-Position M--0020-0000002","descriptionShort":"Zahllauf-Position M--0020-0000002","date":"2024-09-09","amount":34.990000,"amountOpen":0.000000},"parent":{"id":1210083258,"type":0,"typeAsString":"NEW_CHARGE_TYPE","description":"Kids 01.09.24 - 30.09.24","descriptionShort":"Kids","date":"2024-09-01","amount":34.990000,"amountOpen":0.000000},"unlinkCause":null,"linkDate":"2024-09-09","unlinkDate":null,"amount":34.990000},{"child":{"id":1210083259,"type":0,"typeAsString":"NEW_CHARGE_TYPE","description":"Kids 01.10.24 - 31.10.24","descriptionShort":"Kids","date":"2024-10-01","amount":34.990000,"amountOpen":0.000000},"parent":{"id":1210169217,"type":50,"typeAsString":"PAYMENT_RUN_TYPE","description":"Zahllauf-Position M--0021-0000002","descriptionShort":"Zahllauf-Position M--0021-0000002","date":"2024-10-04","amount":34.990000,"amountOpen":0.000000},"unlinkCause":null,"linkDate":"2024-10-04","unlinkDate":null,"amount":34.990000},{"child":{"id":1210169217,"type":50,"typeAsString":"PAYMENT_RUN_TYPE","description":"Zahllauf-Position M--0021-0000002","descriptionShort":"Zahllauf-Position M--0021-0000002","date":"2024-10-04","amount":34.990000,"amountOpen":0.000000},"parent":{"id":1210083259,"type":0,"typeAsString":"NEW_CHARGE_TYPE","description":"Kids 01.10.24 - 31.10.24","descriptionShort":"Kids","date":"2024-10-01","amount":34.990000,"amountOpen":0.000000},"unlinkCause":null,"linkDate":"2024-10-04","unlinkDate":null,"amount":34.990000},{"child":{"id":1210083690,"type":0,"typeAsString":"NEW_CHARGE_TYPE","description":"Kids 01.11.24 - 30.11.24","descriptionShort":"Kids","date":"2024-11-01","amount":34.990000,"amountOpen":0.000000},"parent":{"id":1210186366,"type":50,"typeAsString":"PAYMENT_RUN_TYPE","description":"Zahllauf-Position M--0022-0000002","descriptionShort":"Zahllauf-Position M--0022-0000002","date":"2024-11-06","amount":34.990000,"amountOpen":0.000000},"unlinkCause":null,"linkDate":"2024-11-06","unlinkDate":null,"amount":34.990000},{"child":{"id":1210186366,"type":50,"typeAsString":"PAYMENT_RUN_TYPE","description":"Zahllauf-Position M--0022-0000002","descriptionShort":"Zahllauf-Position M--0022-0000002","date":"2024-11-06","amount":34.990000,"amountOpen":0.000000},"parent":{"id":1210083690,"type":0,"typeAsString":"NEW_CHARGE_TYPE","description":"Kids 01.11.24 - 30.11.24","descriptionShort":"Kids","date":"2024-11-01","amount":34.990000,"amountOpen":0.000000},"unlinkCause":null,"linkDate":"2024-11-06","unlinkDate":null,"amount":34.990000},{"child":{"id":1210083691,"type":0,"typeAsString":"NEW_CHARGE_TYPE","description":"Kids 01.12.24 - 31.12.24","descriptionShort":"Kids","date":"2024-12-01","amount":34.990000,"amountOpen":0.000000},"parent":{"id":1210201513,"type":50,"typeAsString":"PAYMENT_RUN_TYPE","description":"Zahllauf-Position M--0024-0000002","descriptionShort":"Zahllauf-Position M--0024-0000002","date":"2024-12-02","amount":34.990000,"amountOpen":0.000000},"unlinkCause":null,"linkDate":"2024-12-02","unlinkDate":null,"amount":34.990000},{"child":{"id":1210201513,"type":50,"typeAsString":"PAYMENT_RUN_TYPE","description":"Zahllauf-Position M--0024-0000002","descriptionShort":"Zahllauf-Position M--0024-0000002","date":"2024-12-02","amount":34.990000,"amountOpen":0.000000},"parent":{"id":1210083691,"type":0,"typeAsString":"NEW_CHARGE_TYPE","description":"Kids 01.12.24 - 31.12.24","descriptionShort":"Kids","date":"2024-12-01","amount":34.990000,"amountOpen":0.000000},"unlinkCause":null,"linkDate":"2024-12-02","unlinkDate":null,"amount":34.990000},{"child":{"id":1210083692,"type":0,"typeAsString":"NEW_CHARGE_TYPE","description":"Kids 01.01.25 - 31.01.25","descriptionShort":"Kids","date":"2025-01-01","amount":34.990000,"amountOpen":0.000000},"parent":{"id":1210221717,"type":50,"typeAsString":"PAYMENT_RUN_TYPE","description":"Zahllauf-Position M--0028-0000002","descriptionShort":"Zahllauf-Position M--0028-0000002","date":"2025-01-01","amount":34.990000,"amountOpen":0.000000},"unlinkCause":null,"linkDate":"2025-01-01","unlinkDate":null,"amount":34.990000},{"child":{"id":1210221717,"type":50,"typeAsString":"PAYMENT_RUN_TYPE","description":"Zahllauf-Position M--0028-0000002","descriptionShort":"Zahllauf-Position M--0028-0000002","date":"2025-01-01","amount":34.990000,"amountOpen":0.000000},"parent":{"id":1210083692,"type":0,"typeAsString":"NEW_CHARGE_TYPE","description":"Kids 01.01.25 - 31.01.25","descriptionShort":"Kids","date":"2025-01-01","amount":34.990000,"amountOpen":0.000000},"unlinkCause":null,"linkDate":"2025-01-01","unlinkDate":null,"amount":34.990000},{"child":{"id":1210083693,"type":0,"typeAsString":"NEW_CHARGE_TYPE","description":"Kids 01.02.25 - 28.02.25","descriptionShort":"Kids","date":"2025-02-01","amount":34.990000,"amountOpen":0.000000},"parent":{"id":1210242136,"type":50,"typeAsString":"PAYMENT_RUN_TYPE","description":"Zahllauf-Position M--0030-0000002","descriptionShort":"Zahllauf-Position M--0030-0000002","date":"2025-02-01","amount":34.990000,"amountOpen":0.000000},"unlinkCause":null,"linkDate":"2025-02-01","unlinkDate":null,"amount":34.990000},{"child":{"id":1210242136,"type":50,"typeAsString":"PAYMENT_RUN_TYPE","description":"Zahllauf-Position M--0030-0000002","descriptionShort":"Zahllauf-Position M--0030-0000002","date":"2025-02-01","amount":34.990000,"amountOpen":0.000000},"parent":{"id":1210083693,"type":0,"typeAsString":"NEW_CHARGE_TYPE","description":"Kids 01.02.25 - 28.02.25","descriptionShort":"Kids","date":"2025-02-01","amount":34.990000,"amountOpen":0.000000},"unlinkCause":null,"linkDate":"2025-02-01","unlinkDate":null,"amount":34.990000},{"child":{"id":1210083694,"type":0,"typeAsString":"NEW_CHARGE_TYPE","description":"Kids 01.03.25 - 31.03.25","descriptionShort":"Kids","date":"2025-03-01","amount":34.990000,"amountOpen":0.000000},"parent":{"id":1210265919,"type":50,"typeAsString":"PAYMENT_RUN_TYPE","description":"Zahllauf-Position M--0032-0000002","descriptionShort":"Zahllauf-Position M--0032-0000002","date":"2025-03-04","amount":34.990000,"amountOpen":0.000000},"unlinkCause":null,"linkDate":"2025-03-04","unlinkDate":null,"amount":34.990000},{"child":{"id":1210265919,"type":50,"typeAsString":"PAYMENT_RUN_TYPE","description":"Zahllauf-Position M--0032-0000002","descriptionShort":"Zahllauf-Position M--0032-0000002","date":"2025-03-04","amount":34.990000,"amountOpen":0.000000},"parent":{"id":1210083694,"type":0,"typeAsString":"NEW_CHARGE_TYPE","description":"Kids 01.03.25 - 31.03.25","descriptionShort":"Kids","date":"2025-03-01","amount":34.990000,"amountOpen":0.000000},"unlinkCause":null,"linkDate":"2025-03-04","unlinkDate":null,"amount":34.990000},{"child":{"id":1210083695,"type":0,"typeAsString":"NEW_CHARGE_TYPE","description":"Kids 01.04.25 - 30.04.25","descriptionShort":"Kids","date":"2025-04-01","amount":34.990000,"amountOpen":0.000000},"parent":{"id":1210282932,"type":50,"typeAsString":"PAYMENT_RUN_TYPE","description":"Zahllauf-Position M--0034-0000002","descriptionShort":"Zahllauf-Position M--0034-0000002","date":"2025-04-01","amount":34.990000,"amountOpen":0.000000},"unlinkCause":null,"linkDate":"2025-04-01","unlinkDate":null,"amount":34.990000},{"child":{"id":1210282932,"type":50,"typeAsString":"PAYMENT_RUN_TYPE","description":"Zahllauf-Position M--0034-0000002","descriptionShort":"Zahllauf-Position M--0034-0000002","date":"2025-04-01","amount":34.990000,"amountOpen":0.000000},"parent":{"id":1210083695,"type":0,"typeAsString":"NEW_CHARGE_TYPE","description":"Kids 01.04.25 - 30.04.25","descriptionShort":"Kids","date":"2025-04-01","amount":34.990000,"amountOpen":0.000000},"unlinkCause":null,"linkDate":"2025-04-01","unlinkDate":null,"amount":34.990000},{"child":{"id":1210083696,"type":0,"typeAsString":"NEW_CHARGE_TYPE","description":"Kids 01.05.25 - 31.05.25","descriptionShort":"Kids","date":"2025-05-01","amount":34.990000,"amountOpen":0.000000},"parent":{"id":1210303223,"type":50,"typeAsString":"PAYMENT_RUN_TYPE","description":"Zahllauf-Position M--0035-0000002","descriptionShort":"Zahllauf-Position M--0035-0000002","date":"2025-05-02","amount":34.990000,"amountOpen":0.000000},"unlinkCause":null,"linkDate":"2025-05-02","unlinkDate":null,"amount":34.990000},{"child":{"id":1210303223,"type":50,"typeAsString":"PAYMENT_RUN_TYPE","description":"Zahllauf-Position M--0035-0000002","descriptionShort":"Zahllauf-Position M--0035-0000002","date":"2025-05-02","amount":34.990000,"amountOpen":0.000000},"parent":{"id":1210083696,"type":0,"typeAsString":"NEW_CHARGE_TYPE","description":"Kids 01.05.25 - 31.05.25","descriptionShort":"Kids","date":"2025-05-01","amount":34.990000,"amountOpen":0.000000},"unlinkCause":null,"linkDate":"2025-05-02","unlinkDate":null,"amount":34.990000},{"child":{"id":1210258212,"type":0,"typeAsString":"NEW_CHARGE_TYPE","description":"Kids 01.06.25 - 30.06.25","descriptionShort":"Kids","date":"2025-06-01","amount":34.990000,"amountOpen":0.000000},"parent":{"id":1210321757,"type":50,"typeAsString":"PAYMENT_RUN_TYPE","description":"Zahllauf-Position M--0036-0000002","descriptionShort":"Zahllauf-Position M--0036-0000002","date":"2025-06-01","amount":34.990000,"amountOpen":0.000000},"unlinkCause":null,"linkDate":"2025-06-01","unlinkDate":null,"amount":34.990000},{"child":{"id":1210321757,"type":50,"typeAsString":"PAYMENT_RUN_TYPE","description":"Zahllauf-Position M--0036-0000002","descriptionShort":"Zahllauf-Position M--0036-0000002","date":"2025-06-01","amount":34.990000,"amountOpen":0.000000},"parent":{"id":1210258212,"type":0,"typeAsString":"NEW_CHARGE_TYPE","description":"Kids 01.06.25 - 30.06.25","descriptionShort":"Kids","date":"2025-06-01","amount":34.990000,"amountOpen":0.000000},"unlinkCause":null,"linkDate":"2025-06-01","unlinkDate":null,"amount":34.990000},{"child":{"id":1210258213,"type":0,"typeAsString":"NEW_CHARGE_TYPE","description":"Kids 01.07.25 - 31.07.25","descriptionShort":"Kids","date":"2025-07-01","amount":34.990000,"amountOpen":0.000000},"parent":{"id":1210340181,"type":50,"typeAsString":"PAYMENT_RUN_TYPE","description":"Zahllauf-Position M--0037-0000002","descriptionShort":"Zahllauf-Position M--0037-0000002","date":"2025-07-02","amount":34.990000,"amountOpen":0.000000},"unlinkCause":null,"linkDate":"2025-07-02","unlinkDate":null,"amount":34.990000},{"child":{"id":1210340181,"type":50,"typeAsString":"PAYMENT_RUN_TYPE","description":"Zahllauf-Position M--0037-0000002","descriptionShort":"Zahllauf-Position M--0037-0000002","date":"2025-07-02","amount":34.990000,"amountOpen":0.000000},"parent":{"id":1210258213,"type":0,"typeAsString":"NEW_CHARGE_TYPE","description":"Kids 01.07.25 - 31.07.25","descriptionShort":"Kids","date":"2025-07-01","amount":34.990000,"amountOpen":0.000000},"unlinkCause":null,"linkDate":"2025-07-02","unlinkDate":null,"amount":34.990000},{"child":{"id":1210258214,"type":0,"typeAsString":"NEW_CHARGE_TYPE","description":"Kids 01.08.25 - 31.08.25","descriptionShort":"Kids","date":"2025-08-01","amount":34.990000,"amountOpen":0.000000},"parent":{"id":1210360657,"type":50,"typeAsString":"PAYMENT_RUN_TYPE","description":"Zahllauf-Position M--0040-0000002","descriptionShort":"Zahllauf-Position M--0040-0000002","date":"2025-08-01","amount":34.990000,"amountOpen":0.000000},"unlinkCause":null,"linkDate":"2025-08-01","unlinkDate":null,"amount":34.990000},{"child":{"id":1210360657,"type":50,"typeAsString":"PAYMENT_RUN_TYPE","description":"Zahllauf-Position M--0040-0000002","descriptionShort":"Zahllauf-Position M--0040-0000002","date":"2025-08-01","amount":34.990000,"amountOpen":0.000000},"parent":{"id":1210258214,"type":0,"typeAsString":"NEW_CHARGE_TYPE","description":"Kids 01.08.25 - 31.08.25","descriptionShort":"Kids","date":"2025-08-01","amount":34.990000,"amountOpen":0.000000},"unlinkCause":null,"linkDate":"2025-08-01","unlinkDate":null,"amount":34.990000},{"child":{"id":1210258215,"type":0,"typeAsString":"NEW_CHARGE_TYPE","description":"Kids 01.09.25 - 30.09.25","descriptionShort":"Kids","date":"2025-09-01","amount":34.990000,"amountOpen":0.000000},"parent":{"id":1210377843,"type":50,"typeAsString":"PAYMENT_RUN_TYPE","description":"Zahllauf-Position M--0041-0000002","descriptionShort":"Zahllauf-Position M--0041-0000002","date":"2025-09-01","amount":34.990000,"amountOpen":0.000000},"unlinkCause":null,"linkDate":"2025-09-01","unlinkDate":null,"amount":34.990000},{"child":{"id":1210377843,"type":50,"typeAsString":"PAYMENT_RUN_TYPE","description":"Zahllauf-Position M--0041-0000002","descriptionShort":"Zahllauf-Position M--0041-0000002","date":"2025-09-01","amount":34.990000,"amountOpen":0.000000},"parent":{"id":1210258215,"type":0,"typeAsString":"NEW_CHARGE_TYPE","description":"Kids 01.09.25 - 30.09.25","descriptionShort":"Kids","date":"2025-09-01","amount":34.990000,"amountOpen":0.000000},"unlinkCause":null,"linkDate":"2025-09-01","unlinkDate":null,"amount":34.990000},{"child":{"id":1210258216,"type":0,"typeAsString":"NEW_CHARGE_TYPE","description":"Kids 01.10.25 - 31.10.25","descriptionShort":"Kids","date":"2025-10-01","amount":34.990000,"amountOpen":0.000000},"parent":{"id":1210396479,"type":50,"typeAsString":"PAYMENT_RUN_TYPE","description":"Zahllauf-Position M--0042-0000002","descriptionShort":"Zahllauf-Position M--0042-0000002","date":"2025-10-02","amount":34.990000,"amountOpen":0.000000},"unlinkCause":null,"linkDate":"2025-10-02","unlinkDate":null,"amount":34.990000},{"child":{"id":1210396479,"type":50,"typeAsString":"PAYMENT_RUN_TYPE","description":"Zahllauf-Position M--0042-0000002","descriptionShort":"Zahllauf-Position M--0042-0000002","date":"2025-10-02","amount":34.990000,"amountOpen":0.000000},"parent":{"id":1210258216,"type":0,"typeAsString":"NEW_CHARGE_TYPE","description":"Kids 01.10.25 - 31.10.25","descriptionShort":"Kids","date":"2025-10-01","amount":34.990000,"amountOpen":0.000000},"unlinkCause":null,"linkDate":"2025-10-02","unlinkDate":null,"amount":34.990000},{"child":{"id":1210258217,"type":0,"typeAsString":"NEW_CHARGE_TYPE","description":"Kids 01.11.25 - 30.11.25","descriptionShort":"Kids","date":"2025-11-01","amount":34.990000,"amountOpen":0.000000},"parent":{"id":1210417426,"type":50,"typeAsString":"PAYMENT_RUN_TYPE","description":"Zahllauf-Position M--0043-0000002","descriptionShort":"Zahllauf-Position M--0043-0000002","date":"2025-11-01","amount":34.990000,"amountOpen":0.000000},"unlinkCause":null,"linkDate":"2025-11-01","unlinkDate":null,"amount":34.990000},{"child":{"id":1210417426,"type":50,"typeAsString":"PAYMENT_RUN_TYPE","description":"Zahllauf-Position M--0043-0000002","descriptionShort":"Zahllauf-Position M--0043-0000002","date":"2025-11-01","amount":34.990000,"amountOpen":0.000000},"parent":{"id":1210258217,"type":0,"typeAsString":"NEW_CHARGE_TYPE","description":"Kids 01.11.25 - 30.11.25","descriptionShort":"Kids","date":"2025-11-01","amount":34.990000,"amountOpen":0.000000},"unlinkCause":null,"linkDate":"2025-11-01","unlinkDate":null,"amount":34.990000},{"child":{"id":1210258218,"type":0,"typeAsString":"NEW_CHARGE_TYPE","description":"Kids 01.12.25 - 31.12.25","descriptionShort":"Kids","date":"2025-12-01","amount":34.990000,"amountOpen":0.000000},"parent":{"id":1210440505,"type":50,"typeAsString":"PAYMENT_RUN_TYPE","description":"Zahllauf-Position M--0046-0000002","descriptionShort":"Zahllauf-Position M--0046-0000002","date":"2025-12-02","amount":34.990000,"amountOpen":0.000000},"unlinkCause":null,"linkDate":"2025-12-02","unlinkDate":null,"amount":34.990000},{"child":{"id":1210440505,"type":50,"typeAsString":"PAYMENT_RUN_TYPE","description":"Zahllauf-Position M--0046-0000002","descriptionShort":"Zahllauf-Position M--0046-0000002","date":"2025-12-02","amount":34.990000,"amountOpen":0.000000},"parent":{"id":1210258218,"type":0,"typeAsString":"NEW_CHARGE_TYPE","description":"Kids 01.12.25 - 31.12.25","descriptionShort":"Kids","date":"2025-12-01","amount":34.990000,"amountOpen":0.000000},"unlinkCause":null,"linkDate":"2025-12-02","unlinkDate":null,"amount":34.990000}]}