{"uuid":"db2bc953-d588-49ee-a069-9553d092b777","customerNumber":"M-6","customerStatus":"Mitglied","gender":"Männlich","title":"Kein Titel","lastName":"Holzner","secondLastName":null,"firstName":"Dominik","secondFirstName":null,"dateOfBirth":"2003-07-30","note":null,"cardNumbers":"","customerTags":"","addresses":[{"street":"Dorfstr.","houseNumber":"3a","addition":null,"zip":"84155","city":"Bodenkirchen","country":"DE","additionalInformation":null,"streetType":null,"block":null,"portal":null,"stairway":null,"floor":null,"door":null,"province":null,"secondStreet":null,"buildingName":null,"cityPart":null,"district":null,"addressStatus":"VALID","statusInformation":null,"addressStatusSince":null}],"contact":{"telPrivate":null,"telBusiness":null,"telPrivateMobile":"+49 1523 2065708","telBusinessMobile":null,"email":"dominik@holzner.de"},"paymentMethod":"Lastschrift","bankAccount":{"accountHolder":"Dominik Holzner","iban":"DE93743923000000804320","bic":"GENODEF1VBV","bankName":"VR-Bank Isar-Vils","sepaMandateDtos":[{"sepaMandateStatus":"CONFIRMED","referenceNumber":"MLREFM00006","mandateGivenDate":"2024-05-16","mandateWithdrawnDate":null,"signatureRequired":true,"owner":"STUDIO"}]},"emailStatus":{"type":"NOT_YET_USED","information":""},"importedFrom":"NONE","communicationStop":false,"campaign":null,"taxId":null,"documentIdentificationm":null,"locale":null,"deceased":false,"referralCode":"237VM","excludedFromReferral":false,"medicalCertificate":null,"aggregatorAssignments":[],"referralType":null,"lead":null}