{"uuid":"db2bc953-d588-49ee-a069-9553d092b777","lastName":"Holzner","firstName":"Dominik","dateOfBirth":"2003-07-30","placeOfBirth":null,"countryOfBirth":null,"gender":"Männlich","title":"NONE","taxId":null,"documentNumber":null,"documentType":null,"email":"dominik@holzner.de","addresses":[{"street":"Dorfstr.","houseNumber":"3a","addition":null,"zip":"84155","city":"Bodenkirchen","country":"DE","additionalInformation":null,"streetType":null,"block":null,"portal":null,"stairway":null,"floor":null,"door":null,"province":null,"secondStreet":null,"buildingName":null,"cityPart":null,"district":null,"addressStatus":"VALID","statusInformation":null,"addressStatusSince":null}]}