{"timelineItemDtos":[{"activity":"SEPA-Mandat erteilt","creationType":"DEFAULT","userName":"info@tda-intl.com","timeStamp":"2024-05-16T09:58:28.589556+02:00","timelineItemPropertyChangeDtos":[{"property":"SEPA-Mandatsreferenz-Nr.","oldValue":null,"newValue":"MLREFM00006"},{"property":"Status","oldValue":null,"newValue":"CONFIRMED"}]},{"activity":"Mitglied angelegt","creationType":"DEFAULT","userName":"info@tda-intl.com","timeStamp":"2024-05-16T09:58:28.590832+02:00","timelineItemPropertyChangeDtos":[]},{"activity":"Vertrag angelegt","creationType":"DEFAULT","userName":"info@tda-intl.com","timeStamp":"2024-05-16T09:58:28.797928+02:00","timelineItemPropertyChangeDtos":[{"property":"Tarif","oldValue":"Erwachsene","newValue":null},{"property":"Vertragsbeginn","oldValue":"2024-05-16","newValue":null},{"property":"Vertragsende","oldValue":"2025-05-15","newValue":null},{"property":"Nutzungsbeginn","oldValue":null,"newValue":null},{"property":"Laufzeit","oldValue":"12 MONTH","newValue":null},{"property":"Zahlweise","oldValue":"monatlich: 54,99 €","newValue":null}]},{"activity":"Vertrag angelegt","creationType":"DEFAULT","userName":"info@tda-intl.com","timeStamp":"2024-05-16T10:03:22.756534+02:00","timelineItemPropertyChangeDtos":[{"property":"Tarif","oldValue":"Kids","newValue":null},{"property":"Vertragsbeginn","oldValue":"2024-05-16","newValue":null},{"property":"Vertragsende","oldValue":"2025-05-15","newValue":null},{"property":"Nutzungsbeginn","oldValue":null,"newValue":null},{"property":"Laufzeit","oldValue":"12 MONTH","newValue":null},{"property":"Zahlweise","oldValue":"monatlich: 34,99 €","newValue":null}]},{"activity":"Vertrag storniert","creationType":"DEFAULT","userName":"info@tda-intl.com","timeStamp":"2024-05-16T10:03:02.752223+02:00","timelineItemPropertyChangeDtos":[{"property":"Tarif","oldValue":"Erwachsene","newValue":null}]},{"activity":"Vertrag gekündigt","creationType":"DEFAULT","userName":"info@tda-intl.com","timeStamp":"2025-10-02T08:54:47.04834+02:00","timelineItemPropertyChangeDtos":[{"property":"Tarif","oldValue":null,"newValue":"Kids"},{"property":"Eingang der Kündigung","oldValue":null,"newValue":"2025-03-31"},{"property":"Kündigungsart","oldValue":null,"newValue":"ORDINARY"},{"property":"Kündigung zum","oldValue":null,"newValue":"2026-05-15"},{"property":"Kündigungsgrund","oldValue":null,"newValue":"Unbekannt"},{"property":"Gekündigt von","oldValue":null,"newValue":"CUSTOMER"}]}]}