{"dtos":[{"child":{"id":1210279830,"type":0,"typeAsString":"NEW_CHARGE_TYPE","description":"Kids 12.03.25 - 31.03.25","descriptionShort":"Kids","date":"2025-03-24","amount":25.800000,"amountOpen":0.000000},"parent":{"id":1210280690,"type":50,"typeAsString":"PAYMENT_RUN_TYPE","description":"Zahllauf-Position M--0033-0000003","descriptionShort":"Zahllauf-Position M--0033-0000003","date":"2025-03-26","amount":58.800000,"amountOpen":0.000000},"unlinkCause":null,"linkDate":"2025-03-26","unlinkDate":null,"amount":25.800000},{"child":{"id":1210280690,"type":50,"typeAsString":"PAYMENT_RUN_TYPE","description":"Zahllauf-Position M--0033-0000003","descriptionShort":"Zahllauf-Position M--0033-0000003","date":"2025-03-26","amount":58.800000,"amountOpen":0.000000},"parent":{"id":1210279830,"type":0,"typeAsString":"NEW_CHARGE_TYPE","description":"Kids 12.03.25 - 31.03.25","descriptionShort":"Kids","date":"2025-03-24","amount":25.800000,"amountOpen":0.000000},"unlinkCause":null,"linkDate":"2025-03-26","unlinkDate":null,"amount":25.800000},{"child":{"id":1210279837,"type":10,"typeAsString":"NEW_STARTER_PACKAGE_TYPE","description":"Beitrag für Startpaket für Vertrag Kids","descriptionShort":"Kids","date":"2025-03-24","amount":33.000000,"amountOpen":0.000000},"parent":{"id":1210280690,"type":50,"typeAsString":"PAYMENT_RUN_TYPE","description":"Zahllauf-Position M--0033-0000003","descriptionShort":"Zahllauf-Position M--0033-0000003","date":"2025-03-26","amount":58.800000,"amountOpen":0.000000},"unlinkCause":null,"linkDate":"2025-03-26","unlinkDate":null,"amount":33.000000},{"child":{"id":1210280690,"type":50,"typeAsString":"PAYMENT_RUN_TYPE","description":"Zahllauf-Position M--0033-0000003","descriptionShort":"Zahllauf-Position M--0033-0000003","date":"2025-03-26","amount":58.800000,"amountOpen":0.000000},"parent":{"id":1210279837,"type":10,"typeAsString":"NEW_STARTER_PACKAGE_TYPE","description":"Beitrag für Startpaket für Vertrag Kids","descriptionShort":"Kids","date":"2025-03-24","amount":33.000000,"amountOpen":0.000000},"unlinkCause":null,"linkDate":"2025-03-26","unlinkDate":null,"amount":33.000000},{"child":{"id":1210279831,"type":0,"typeAsString":"NEW_CHARGE_TYPE","description":"Kids 01.04.25 - 30.04.25","descriptionShort":"Kids","date":"2025-04-01","amount":39.990000,"amountOpen":0.000000},"parent":{"id":1210282863,"type":50,"typeAsString":"PAYMENT_RUN_TYPE","description":"Zahllauf-Position M--0034-0000018","descriptionShort":"Zahllauf-Position M--0034-0000018","date":"2025-04-01","amount":39.990000,"amountOpen":0.000000},"unlinkCause":null,"linkDate":"2025-04-01","unlinkDate":null,"amount":39.990000},{"child":{"id":1210282863,"type":50,"typeAsString":"PAYMENT_RUN_TYPE","description":"Zahllauf-Position M--0034-0000018","descriptionShort":"Zahllauf-Position M--0034-0000018","date":"2025-04-01","amount":39.990000,"amountOpen":0.000000},"parent":{"id":1210279831,"type":0,"typeAsString":"NEW_CHARGE_TYPE","description":"Kids 01.04.25 - 30.04.25","descriptionShort":"Kids","date":"2025-04-01","amount":39.990000,"amountOpen":0.000000},"unlinkCause":null,"linkDate":"2025-04-01","unlinkDate":null,"amount":39.990000},{"child":{"id":1210279832,"type":0,"typeAsString":"NEW_CHARGE_TYPE","description":"Kids 01.05.25 - 31.05.25","descriptionShort":"Kids","date":"2025-05-01","amount":39.990000,"amountOpen":0.000000},"parent":{"id":1210303321,"type":50,"typeAsString":"PAYMENT_RUN_TYPE","description":"Zahllauf-Position M--0035-0000018","descriptionShort":"Zahllauf-Position M--0035-0000018","date":"2025-05-02","amount":39.990000,"amountOpen":0.000000},"unlinkCause":null,"linkDate":"2025-05-02","unlinkDate":null,"amount":39.990000},{"child":{"id":1210303321,"type":50,"typeAsString":"PAYMENT_RUN_TYPE","description":"Zahllauf-Position M--0035-0000018","descriptionShort":"Zahllauf-Position M--0035-0000018","date":"2025-05-02","amount":39.990000,"amountOpen":0.000000},"parent":{"id":1210279832,"type":0,"typeAsString":"NEW_CHARGE_TYPE","description":"Kids 01.05.25 - 31.05.25","descriptionShort":"Kids","date":"2025-05-01","amount":39.990000,"amountOpen":0.000000},"unlinkCause":null,"linkDate":"2025-05-02","unlinkDate":null,"amount":39.990000},{"child":{"id":1210279833,"type":0,"typeAsString":"NEW_CHARGE_TYPE","description":"Kids 01.06.25 - 30.06.25","descriptionShort":"Kids","date":"2025-06-01","amount":39.990000,"amountOpen":0.000000},"parent":{"id":1210321707,"type":50,"typeAsString":"PAYMENT_RUN_TYPE","description":"Zahllauf-Position M--0036-0000018","descriptionShort":"Zahllauf-Position M--0036-0000018","date":"2025-06-01","amount":39.990000,"amountOpen":0.000000},"unlinkCause":null,"linkDate":"2025-06-01","unlinkDate":null,"amount":39.990000},{"child":{"id":1210321707,"type":50,"typeAsString":"PAYMENT_RUN_TYPE","description":"Zahllauf-Position M--0036-0000018","descriptionShort":"Zahllauf-Position M--0036-0000018","date":"2025-06-01","amount":39.990000,"amountOpen":0.000000},"parent":{"id":1210279833,"type":0,"typeAsString":"NEW_CHARGE_TYPE","description":"Kids 01.06.25 - 30.06.25","descriptionShort":"Kids","date":"2025-06-01","amount":39.990000,"amountOpen":0.000000},"unlinkCause":null,"linkDate":"2025-06-01","unlinkDate":null,"amount":39.990000},{"child":{"id":1210279834,"type":0,"typeAsString":"NEW_CHARGE_TYPE","description":"Kids 01.07.25 - 31.07.25","descriptionShort":"Kids","date":"2025-07-01","amount":39.990000,"amountOpen":0.000000},"parent":{"id":1210340249,"type":50,"typeAsString":"PAYMENT_RUN_TYPE","description":"Zahllauf-Position M--0037-0000018","descriptionShort":"Zahllauf-Position M--0037-0000018","date":"2025-07-02","amount":39.990000,"amountOpen":0.000000},"unlinkCause":null,"linkDate":"2025-07-02","unlinkDate":null,"amount":39.990000},{"child":{"id":1210340249,"type":50,"typeAsString":"PAYMENT_RUN_TYPE","description":"Zahllauf-Position M--0037-0000018","descriptionShort":"Zahllauf-Position M--0037-0000018","date":"2025-07-02","amount":39.990000,"amountOpen":0.000000},"parent":{"id":1210279834,"type":0,"typeAsString":"NEW_CHARGE_TYPE","description":"Kids 01.07.25 - 31.07.25","descriptionShort":"Kids","date":"2025-07-01","amount":39.990000,"amountOpen":0.000000},"unlinkCause":null,"linkDate":"2025-07-02","unlinkDate":null,"amount":39.990000},{"child":{"id":1210279835,"type":0,"typeAsString":"NEW_CHARGE_TYPE","description":"Kids 01.08.25 - 31.08.25","descriptionShort":"Kids","date":"2025-08-01","amount":39.990000,"amountOpen":0.000000},"parent":{"id":1210360781,"type":50,"typeAsString":"PAYMENT_RUN_TYPE","description":"Zahllauf-Position M--0040-0000020","descriptionShort":"Zahllauf-Position M--0040-0000020","date":"2025-08-01","amount":39.990000,"amountOpen":0.000000},"unlinkCause":null,"linkDate":"2025-08-01","unlinkDate":null,"amount":39.990000},{"child":{"id":1210360781,"type":50,"typeAsString":"PAYMENT_RUN_TYPE","description":"Zahllauf-Position M--0040-0000020","descriptionShort":"Zahllauf-Position M--0040-0000020","date":"2025-08-01","amount":39.990000,"amountOpen":0.000000},"parent":{"id":1210279835,"type":0,"typeAsString":"NEW_CHARGE_TYPE","description":"Kids 01.08.25 - 31.08.25","descriptionShort":"Kids","date":"2025-08-01","amount":39.990000,"amountOpen":0.000000},"unlinkCause":null,"linkDate":"2025-08-01","unlinkDate":null,"amount":39.990000},{"child":{"id":1210279836,"type":0,"typeAsString":"NEW_CHARGE_TYPE","description":"Kids 01.09.25 - 30.09.25","descriptionShort":"Kids","date":"2025-09-01","amount":39.990000,"amountOpen":0.000000},"parent":{"id":1210377799,"type":50,"typeAsString":"PAYMENT_RUN_TYPE","description":"Zahllauf-Position M--0041-0000020","descriptionShort":"Zahllauf-Position M--0041-0000020","date":"2025-09-01","amount":39.990000,"amountOpen":0.000000},"unlinkCause":null,"linkDate":"2025-09-01","unlinkDate":null,"amount":39.990000},{"child":{"id":1210377799,"type":50,"typeAsString":"PAYMENT_RUN_TYPE","description":"Zahllauf-Position M--0041-0000020","descriptionShort":"Zahllauf-Position M--0041-0000020","date":"2025-09-01","amount":39.990000,"amountOpen":0.000000},"parent":{"id":1210279836,"type":0,"typeAsString":"NEW_CHARGE_TYPE","description":"Kids 01.09.25 - 30.09.25","descriptionShort":"Kids","date":"2025-09-01","amount":39.990000,"amountOpen":0.000000},"unlinkCause":null,"linkDate":"2025-09-01","unlinkDate":null,"amount":39.990000},{"child":{"id":1210331130,"type":0,"typeAsString":"NEW_CHARGE_TYPE","description":"Kids 01.10.25 - 31.10.25","descriptionShort":"Kids","date":"2025-10-01","amount":39.990000,"amountOpen":0.000000},"parent":{"id":1210397024,"type":50,"typeAsString":"PAYMENT_RUN_TYPE","description":"Zahllauf-Position M--0042-0000020","descriptionShort":"Zahllauf-Position M--0042-0000020","date":"2025-10-02","amount":39.990000,"amountOpen":0.000000},"unlinkCause":null,"linkDate":"2025-10-02","unlinkDate":null,"amount":39.990000},{"child":{"id":1210397024,"type":50,"typeAsString":"PAYMENT_RUN_TYPE","description":"Zahllauf-Position M--0042-0000020","descriptionShort":"Zahllauf-Position M--0042-0000020","date":"2025-10-02","amount":39.990000,"amountOpen":0.000000},"parent":{"id":1210331130,"type":0,"typeAsString":"NEW_CHARGE_TYPE","description":"Kids 01.10.25 - 31.10.25","descriptionShort":"Kids","date":"2025-10-01","amount":39.990000,"amountOpen":0.000000},"unlinkCause":null,"linkDate":"2025-10-02","unlinkDate":null,"amount":39.990000},{"child":{"id":1210331131,"type":0,"typeAsString":"NEW_CHARGE_TYPE","description":"Kids 01.11.25 - 30.11.25","descriptionShort":"Kids","date":"2025-11-01","amount":39.990000,"amountOpen":0.000000},"parent":{"id":1210416949,"type":50,"typeAsString":"PAYMENT_RUN_TYPE","description":"Zahllauf-Position M--0043-0000020","descriptionShort":"Zahllauf-Position M--0043-0000020","date":"2025-11-01","amount":39.990000,"amountOpen":0.000000},"unlinkCause":{"id":1210418901,"type":51,"typeAsString":"PAYMENT_RUN_CHARGED_BACK_TYPE","description":"Sonstiger Grund Rückbuchung - M--0043-0000020","descriptionShort":"Sonstiger Grund Rückbuchung - M--0043-0000020","date":"2025-10-29","amount":-39.990000,"amountOpen":0.000000},"linkDate":"2025-11-01","unlinkDate":"2025-11-01","amount":39.990000},{"child":{"id":1210416949,"type":50,"typeAsString":"PAYMENT_RUN_TYPE","description":"Zahllauf-Position M--0043-0000020","descriptionShort":"Zahllauf-Position M--0043-0000020","date":"2025-11-01","amount":39.990000,"amountOpen":0.000000},"parent":{"id":1210331131,"type":0,"typeAsString":"NEW_CHARGE_TYPE","description":"Kids 01.11.25 - 30.11.25","descriptionShort":"Kids","date":"2025-11-01","amount":39.990000,"amountOpen":0.000000},"unlinkCause":{"id":1210418901,"type":51,"typeAsString":"PAYMENT_RUN_CHARGED_BACK_TYPE","description":"Sonstiger Grund Rückbuchung - M--0043-0000020","descriptionShort":"Sonstiger Grund Rückbuchung - M--0043-0000020","date":"2025-10-29","amount":-39.990000,"amountOpen":0.000000},"linkDate":"2025-11-01","unlinkDate":"2025-11-01","amount":39.990000},{"child":{"id":1210416949,"type":50,"typeAsString":"PAYMENT_RUN_TYPE","description":"Zahllauf-Position M--0043-0000020","descriptionShort":"Zahllauf-Position M--0043-0000020","date":"2025-11-01","amount":39.990000,"amountOpen":0.000000},"parent":{"id":1210418901,"type":51,"typeAsString":"PAYMENT_RUN_CHARGED_BACK_TYPE","description":"Sonstiger Grund Rückbuchung - M--0043-0000020","descriptionShort":"Sonstiger Grund Rückbuchung - M--0043-0000020","date":"2025-10-29","amount":-39.990000,"amountOpen":0.000000},"unlinkCause":null,"linkDate":"2025-10-29","unlinkDate":null,"amount":39.990000},{"child":{"id":1210418901,"type":51,"typeAsString":"PAYMENT_RUN_CHARGED_BACK_TYPE","description":"Sonstiger Grund Rückbuchung - M--0043-0000020","descriptionShort":"Sonstiger Grund Rückbuchung - M--0043-0000020","date":"2025-10-29","amount":-39.990000,"amountOpen":0.000000},"parent":{"id":1210416949,"type":50,"typeAsString":"PAYMENT_RUN_TYPE","description":"Zahllauf-Position M--0043-0000020","descriptionShort":"Zahllauf-Position M--0043-0000020","date":"2025-11-01","amount":39.990000,"amountOpen":0.000000},"unlinkCause":null,"linkDate":"2025-10-29","unlinkDate":null,"amount":-39.990000},{"child":{"id":1210418900,"type":4,"typeAsString":"NEW_RETURNED_DEBIT_FEE_TYPE","description":"Rücklastschriftgebühr M--0043-0000020","descriptionShort":"Rücklastschriftgebühr M--0043-0000020","date":"2025-10-29","amount":3.000000,"amountOpen":0.000000},"parent":{"id":1210425830,"type":50,"typeAsString":"PAYMENT_RUN_TYPE","description":"Zahllauf-Position M--0045-0000004","descriptionShort":"Zahllauf-Position M--0045-0000004","date":"2025-11-10","amount":42.990000,"amountOpen":0.000000},"unlinkCause":{"id":1210429131,"type":51,"typeAsString":"PAYMENT_RUN_CHARGED_BACK_TYPE","description":"Widerspruch des Kontoinhabers Rückbuchung - M--0045-0000004","descriptionShort":"Widerspruch des Kontoinhabers Rückbuchung - M--0045-0000004","date":"2025-11-10","amount":-42.990000,"amountOpen":0.000000},"linkDate":"2025-11-10","unlinkDate":"2025-11-10","amount":3.000000},{"child":{"id":1210425830,"type":50,"typeAsString":"PAYMENT_RUN_TYPE","description":"Zahllauf-Position M--0045-0000004","descriptionShort":"Zahllauf-Position M--0045-0000004","date":"2025-11-10","amount":42.990000,"amountOpen":0.000000},"parent":{"id":1210418900,"type":4,"typeAsString":"NEW_RETURNED_DEBIT_FEE_TYPE","description":"Rücklastschriftgebühr M--0043-0000020","descriptionShort":"Rücklastschriftgebühr M--0043-0000020","date":"2025-10-29","amount":3.000000,"amountOpen":0.000000},"unlinkCause":{"id":1210429131,"type":51,"typeAsString":"PAYMENT_RUN_CHARGED_BACK_TYPE","description":"Widerspruch des Kontoinhabers Rückbuchung - M--0045-0000004","descriptionShort":"Widerspruch des Kontoinhabers Rückbuchung - M--0045-0000004","date":"2025-11-10","amount":-42.990000,"amountOpen":0.000000},"linkDate":"2025-11-10","unlinkDate":"2025-11-10","amount":3.000000},{"child":{"id":1210331131,"type":0,"typeAsString":"NEW_CHARGE_TYPE","description":"Kids 01.11.25 - 30.11.25","descriptionShort":"Kids","date":"2025-11-01","amount":39.990000,"amountOpen":0.000000},"parent":{"id":1210425830,"type":50,"typeAsString":"PAYMENT_RUN_TYPE","description":"Zahllauf-Position M--0045-0000004","descriptionShort":"Zahllauf-Position M--0045-0000004","date":"2025-11-10","amount":42.990000,"amountOpen":0.000000},"unlinkCause":{"id":1210429131,"type":51,"typeAsString":"PAYMENT_RUN_CHARGED_BACK_TYPE","description":"Widerspruch des Kontoinhabers Rückbuchung - M--0045-0000004","descriptionShort":"Widerspruch des Kontoinhabers Rückbuchung - M--0045-0000004","date":"2025-11-10","amount":-42.990000,"amountOpen":0.000000},"linkDate":"2025-11-10","unlinkDate":"2025-11-10","amount":39.990000},{"child":{"id":1210425830,"type":50,"typeAsString":"PAYMENT_RUN_TYPE","description":"Zahllauf-Position M--0045-0000004","descriptionShort":"Zahllauf-Position M--0045-0000004","date":"2025-11-10","amount":42.990000,"amountOpen":0.000000},"parent":{"id":1210331131,"type":0,"typeAsString":"NEW_CHARGE_TYPE","description":"Kids 01.11.25 - 30.11.25","descriptionShort":"Kids","date":"2025-11-01","amount":39.990000,"amountOpen":0.000000},"unlinkCause":{"id":1210429131,"type":51,"typeAsString":"PAYMENT_RUN_CHARGED_BACK_TYPE","description":"Widerspruch des Kontoinhabers Rückbuchung - M--0045-0000004","descriptionShort":"Widerspruch des Kontoinhabers Rückbuchung - M--0045-0000004","date":"2025-11-10","amount":-42.990000,"amountOpen":0.000000},"linkDate":"2025-11-10","unlinkDate":"2025-11-10","amount":39.990000},{"child":{"id":1210425830,"type":50,"typeAsString":"PAYMENT_RUN_TYPE","description":"Zahllauf-Position M--0045-0000004","descriptionShort":"Zahllauf-Position M--0045-0000004","date":"2025-11-10","amount":42.990000,"amountOpen":0.000000},"parent":{"id":1210429131,"type":51,"typeAsString":"PAYMENT_RUN_CHARGED_BACK_TYPE","description":"Widerspruch des Kontoinhabers Rückbuchung - M--0045-0000004","descriptionShort":"Widerspruch des Kontoinhabers Rückbuchung - M--0045-0000004","date":"2025-11-10","amount":-42.990000,"amountOpen":0.000000},"unlinkCause":null,"linkDate":"2025-11-10","unlinkDate":null,"amount":42.990000},{"child":{"id":1210429131,"type":51,"typeAsString":"PAYMENT_RUN_CHARGED_BACK_TYPE","description":"Widerspruch des Kontoinhabers Rückbuchung - M--0045-0000004","descriptionShort":"Widerspruch des Kontoinhabers Rückbuchung - M--0045-0000004","date":"2025-11-10","amount":-42.990000,"amountOpen":0.000000},"parent":{"id":1210425830,"type":50,"typeAsString":"PAYMENT_RUN_TYPE","description":"Zahllauf-Position M--0045-0000004","descriptionShort":"Zahllauf-Position M--0045-0000004","date":"2025-11-10","amount":42.990000,"amountOpen":0.000000},"unlinkCause":null,"linkDate":"2025-11-10","unlinkDate":null,"amount":-42.990000},{"child":{"id":1210418900,"type":4,"typeAsString":"NEW_RETURNED_DEBIT_FEE_TYPE","description":"Rücklastschriftgebühr M--0043-0000020","descriptionShort":"Rücklastschriftgebühr M--0043-0000020","date":"2025-10-29","amount":3.000000,"amountOpen":0.000000},"parent":{"id":1210440502,"type":50,"typeAsString":"PAYMENT_RUN_TYPE","description":"Zahllauf-Position M--0046-0000022","descriptionShort":"Zahllauf-Position M--0046-0000022","date":"2025-12-02","amount":85.980000,"amountOpen":0.000000},"unlinkCause":{"id":1210442663,"type":51,"typeAsString":"PAYMENT_RUN_CHARGED_BACK_TYPE","description":"Widerspruch des Kontoinhabers Rückbuchung - M--0046-0000022","descriptionShort":"Widerspruch des Kontoinhabers Rückbuchung - M--0046-0000022","date":"2025-12-01","amount":-85.980000,"amountOpen":0.000000},"linkDate":"2025-12-02","unlinkDate":"2025-12-02","amount":3.000000},{"child":{"id":1210440502,"type":50,"typeAsString":"PAYMENT_RUN_TYPE","description":"Zahllauf-Position M--0046-0000022","descriptionShort":"Zahllauf-Position M--0046-0000022","date":"2025-12-02","amount":85.980000,"amountOpen":0.000000},"parent":{"id":1210418900,"type":4,"typeAsString":"NEW_RETURNED_DEBIT_FEE_TYPE","description":"Rücklastschriftgebühr M--0043-0000020","descriptionShort":"Rücklastschriftgebühr M--0043-0000020","date":"2025-10-29","amount":3.000000,"amountOpen":0.000000},"unlinkCause":{"id":1210442663,"type":51,"typeAsString":"PAYMENT_RUN_CHARGED_BACK_TYPE","description":"Widerspruch des Kontoinhabers Rückbuchung - M--0046-0000022","descriptionShort":"Widerspruch des Kontoinhabers Rückbuchung - M--0046-0000022","date":"2025-12-01","amount":-85.980000,"amountOpen":0.000000},"linkDate":"2025-12-02","unlinkDate":"2025-12-02","amount":3.000000},{"child":{"id":1210331132,"type":0,"typeAsString":"NEW_CHARGE_TYPE","description":"Kids 01.12.25 - 31.12.25","descriptionShort":"Kids","date":"2025-12-01","amount":39.990000,"amountOpen":0.000000},"parent":{"id":1210440502,"type":50,"typeAsString":"PAYMENT_RUN_TYPE","description":"Zahllauf-Position M--0046-0000022","descriptionShort":"Zahllauf-Position M--0046-0000022","date":"2025-12-02","amount":85.980000,"amountOpen":0.000000},"unlinkCause":{"id":1210442663,"type":51,"typeAsString":"PAYMENT_RUN_CHARGED_BACK_TYPE","description":"Widerspruch des Kontoinhabers Rückbuchung - M--0046-0000022","descriptionShort":"Widerspruch des Kontoinhabers Rückbuchung - M--0046-0000022","date":"2025-12-01","amount":-85.980000,"amountOpen":0.000000},"linkDate":"2025-12-02","unlinkDate":"2025-12-02","amount":39.990000},{"child":{"id":1210440502,"type":50,"typeAsString":"PAYMENT_RUN_TYPE","description":"Zahllauf-Position M--0046-0000022","descriptionShort":"Zahllauf-Position M--0046-0000022","date":"2025-12-02","amount":85.980000,"amountOpen":0.000000},"parent":{"id":1210331132,"type":0,"typeAsString":"NEW_CHARGE_TYPE","description":"Kids 01.12.25 - 31.12.25","descriptionShort":"Kids","date":"2025-12-01","amount":39.990000,"amountOpen":0.000000},"unlinkCause":{"id":1210442663,"type":51,"typeAsString":"PAYMENT_RUN_CHARGED_BACK_TYPE","description":"Widerspruch des Kontoinhabers Rückbuchung - M--0046-0000022","descriptionShort":"Widerspruch des Kontoinhabers Rückbuchung - M--0046-0000022","date":"2025-12-01","amount":-85.980000,"amountOpen":0.000000},"linkDate":"2025-12-02","unlinkDate":"2025-12-02","amount":39.990000},{"child":{"id":1210331131,"type":0,"typeAsString":"NEW_CHARGE_TYPE","description":"Kids 01.11.25 - 30.11.25","descriptionShort":"Kids","date":"2025-11-01","amount":39.990000,"amountOpen":0.000000},"parent":{"id":1210440502,"type":50,"typeAsString":"PAYMENT_RUN_TYPE","description":"Zahllauf-Position M--0046-0000022","descriptionShort":"Zahllauf-Position M--0046-0000022","date":"2025-12-02","amount":85.980000,"amountOpen":0.000000},"unlinkCause":{"id":1210442663,"type":51,"typeAsString":"PAYMENT_RUN_CHARGED_BACK_TYPE","description":"Widerspruch des Kontoinhabers Rückbuchung - M--0046-0000022","descriptionShort":"Widerspruch des Kontoinhabers Rückbuchung - M--0046-0000022","date":"2025-12-01","amount":-85.980000,"amountOpen":0.000000},"linkDate":"2025-12-02","unlinkDate":"2025-12-02","amount":39.990000},{"child":{"id":1210440502,"type":50,"typeAsString":"PAYMENT_RUN_TYPE","description":"Zahllauf-Position M--0046-0000022","descriptionShort":"Zahllauf-Position M--0046-0000022","date":"2025-12-02","amount":85.980000,"amountOpen":0.000000},"parent":{"id":1210331131,"type":0,"typeAsString":"NEW_CHARGE_TYPE","description":"Kids 01.11.25 - 30.11.25","descriptionShort":"Kids","date":"2025-11-01","amount":39.990000,"amountOpen":0.000000},"unlinkCause":{"id":1210442663,"type":51,"typeAsString":"PAYMENT_RUN_CHARGED_BACK_TYPE","description":"Widerspruch des Kontoinhabers Rückbuchung - M--0046-0000022","descriptionShort":"Widerspruch des Kontoinhabers Rückbuchung - M--0046-0000022","date":"2025-12-01","amount":-85.980000,"amountOpen":0.000000},"linkDate":"2025-12-02","unlinkDate":"2025-12-02","amount":39.990000},{"child":{"id":1210429130,"type":4,"typeAsString":"NEW_RETURNED_DEBIT_FEE_TYPE","description":"Rücklastschriftgebühr M--0045-0000004","descriptionShort":"Rücklastschriftgebühr M--0045-0000004","date":"2025-11-10","amount":3.000000,"amountOpen":0.000000},"parent":{"id":1210440502,"type":50,"typeAsString":"PAYMENT_RUN_TYPE","description":"Zahllauf-Position M--0046-0000022","descriptionShort":"Zahllauf-Position M--0046-0000022","date":"2025-12-02","amount":85.980000,"amountOpen":0.000000},"unlinkCause":{"id":1210442663,"type":51,"typeAsString":"PAYMENT_RUN_CHARGED_BACK_TYPE","description":"Widerspruch des Kontoinhabers Rückbuchung - M--0046-0000022","descriptionShort":"Widerspruch des Kontoinhabers Rückbuchung - M--0046-0000022","date":"2025-12-01","amount":-85.980000,"amountOpen":0.000000},"linkDate":"2025-12-02","unlinkDate":"2025-12-02","amount":3.000000},{"child":{"id":1210440502,"type":50,"typeAsString":"PAYMENT_RUN_TYPE","description":"Zahllauf-Position M--0046-0000022","descriptionShort":"Zahllauf-Position M--0046-0000022","date":"2025-12-02","amount":85.980000,"amountOpen":0.000000},"parent":{"id":1210429130,"type":4,"typeAsString":"NEW_RETURNED_DEBIT_FEE_TYPE","description":"Rücklastschriftgebühr M--0045-0000004","descriptionShort":"Rücklastschriftgebühr M--0045-0000004","date":"2025-11-10","amount":3.000000,"amountOpen":0.000000},"unlinkCause":{"id":1210442663,"type":51,"typeAsString":"PAYMENT_RUN_CHARGED_BACK_TYPE","description":"Widerspruch des Kontoinhabers Rückbuchung - M--0046-0000022","descriptionShort":"Widerspruch des Kontoinhabers Rückbuchung - M--0046-0000022","date":"2025-12-01","amount":-85.980000,"amountOpen":0.000000},"linkDate":"2025-12-02","unlinkDate":"2025-12-02","amount":3.000000},{"child":{"id":1210440502,"type":50,"typeAsString":"PAYMENT_RUN_TYPE","description":"Zahllauf-Position M--0046-0000022","descriptionShort":"Zahllauf-Position M--0046-0000022","date":"2025-12-02","amount":85.980000,"amountOpen":0.000000},"parent":{"id":1210442663,"type":51,"typeAsString":"PAYMENT_RUN_CHARGED_BACK_TYPE","description":"Widerspruch des Kontoinhabers Rückbuchung - M--0046-0000022","descriptionShort":"Widerspruch des Kontoinhabers Rückbuchung - M--0046-0000022","date":"2025-12-01","amount":-85.980000,"amountOpen":0.000000},"unlinkCause":null,"linkDate":"2025-12-01","unlinkDate":null,"amount":85.980000},{"child":{"id":1210442663,"type":51,"typeAsString":"PAYMENT_RUN_CHARGED_BACK_TYPE","description":"Widerspruch des Kontoinhabers Rückbuchung - M--0046-0000022","descriptionShort":"Widerspruch des Kontoinhabers Rückbuchung - M--0046-0000022","date":"2025-12-01","amount":-85.980000,"amountOpen":0.000000},"parent":{"id":1210440502,"type":50,"typeAsString":"PAYMENT_RUN_TYPE","description":"Zahllauf-Position M--0046-0000022","descriptionShort":"Zahllauf-Position M--0046-0000022","date":"2025-12-02","amount":85.980000,"amountOpen":0.000000},"unlinkCause":null,"linkDate":"2025-12-01","unlinkDate":null,"amount":-85.980000},{"child":{"id":1210418900,"type":4,"typeAsString":"NEW_RETURNED_DEBIT_FEE_TYPE","description":"Rücklastschriftgebühr M--0043-0000020","descriptionShort":"Rücklastschriftgebühr M--0043-0000020","date":"2025-10-29","amount":3.000000,"amountOpen":0.000000},"parent":{"id":1210446144,"type":50,"typeAsString":"PAYMENT_RUN_TYPE","description":"Zahllauf-Position M--0047-0000005","descriptionShort":"Zahllauf-Position M--0047-0000005","date":"2025-12-05","amount":88.980000,"amountOpen":0.000000},"unlinkCause":null,"linkDate":"2025-12-05","unlinkDate":null,"amount":3.000000},{"child":{"id":1210446144,"type":50,"typeAsString":"PAYMENT_RUN_TYPE","description":"Zahllauf-Position M--0047-0000005","descriptionShort":"Zahllauf-Position M--0047-0000005","date":"2025-12-05","amount":88.980000,"amountOpen":0.000000},"parent":{"id":1210418900,"type":4,"typeAsString":"NEW_RETURNED_DEBIT_FEE_TYPE","description":"Rücklastschriftgebühr M--0043-0000020","descriptionShort":"Rücklastschriftgebühr M--0043-0000020","date":"2025-10-29","amount":3.000000,"amountOpen":0.000000},"unlinkCause":null,"linkDate":"2025-12-05","unlinkDate":null,"amount":3.000000},{"child":{"id":1210442662,"type":4,"typeAsString":"NEW_RETURNED_DEBIT_FEE_TYPE","description":"Rücklastschriftgebühr M--0046-0000022","descriptionShort":"Rücklastschriftgebühr M--0046-0000022","date":"2025-12-01","amount":3.000000,"amountOpen":0.000000},"parent":{"id":1210446144,"type":50,"typeAsString":"PAYMENT_RUN_TYPE","description":"Zahllauf-Position M--0047-0000005","descriptionShort":"Zahllauf-Position M--0047-0000005","date":"2025-12-05","amount":88.980000,"amountOpen":0.000000},"unlinkCause":null,"linkDate":"2025-12-05","unlinkDate":null,"amount":3.000000},{"child":{"id":1210446144,"type":50,"typeAsString":"PAYMENT_RUN_TYPE","description":"Zahllauf-Position M--0047-0000005","descriptionShort":"Zahllauf-Position M--0047-0000005","date":"2025-12-05","amount":88.980000,"amountOpen":0.000000},"parent":{"id":1210442662,"type":4,"typeAsString":"NEW_RETURNED_DEBIT_FEE_TYPE","description":"Rücklastschriftgebühr M--0046-0000022","descriptionShort":"Rücklastschriftgebühr M--0046-0000022","date":"2025-12-01","amount":3.000000,"amountOpen":0.000000},"unlinkCause":null,"linkDate":"2025-12-05","unlinkDate":null,"amount":3.000000},{"child":{"id":1210331132,"type":0,"typeAsString":"NEW_CHARGE_TYPE","description":"Kids 01.12.25 - 31.12.25","descriptionShort":"Kids","date":"2025-12-01","amount":39.990000,"amountOpen":0.000000},"parent":{"id":1210446144,"type":50,"typeAsString":"PAYMENT_RUN_TYPE","description":"Zahllauf-Position M--0047-0000005","descriptionShort":"Zahllauf-Position M--0047-0000005","date":"2025-12-05","amount":88.980000,"amountOpen":0.000000},"unlinkCause":null,"linkDate":"2025-12-05","unlinkDate":null,"amount":39.990000},{"child":{"id":1210446144,"type":50,"typeAsString":"PAYMENT_RUN_TYPE","description":"Zahllauf-Position M--0047-0000005","descriptionShort":"Zahllauf-Position M--0047-0000005","date":"2025-12-05","amount":88.980000,"amountOpen":0.000000},"parent":{"id":1210331132,"type":0,"typeAsString":"NEW_CHARGE_TYPE","description":"Kids 01.12.25 - 31.12.25","descriptionShort":"Kids","date":"2025-12-01","amount":39.990000,"amountOpen":0.000000},"unlinkCause":null,"linkDate":"2025-12-05","unlinkDate":null,"amount":39.990000},{"child":{"id":1210331131,"type":0,"typeAsString":"NEW_CHARGE_TYPE","description":"Kids 01.11.25 - 30.11.25","descriptionShort":"Kids","date":"2025-11-01","amount":39.990000,"amountOpen":0.000000},"parent":{"id":1210446144,"type":50,"typeAsString":"PAYMENT_RUN_TYPE","description":"Zahllauf-Position M--0047-0000005","descriptionShort":"Zahllauf-Position M--0047-0000005","date":"2025-12-05","amount":88.980000,"amountOpen":0.000000},"unlinkCause":null,"linkDate":"2025-12-05","unlinkDate":null,"amount":39.990000},{"child":{"id":1210446144,"type":50,"typeAsString":"PAYMENT_RUN_TYPE","description":"Zahllauf-Position M--0047-0000005","descriptionShort":"Zahllauf-Position M--0047-0000005","date":"2025-12-05","amount":88.980000,"amountOpen":0.000000},"parent":{"id":1210331131,"type":0,"typeAsString":"NEW_CHARGE_TYPE","description":"Kids 01.11.25 - 30.11.25","descriptionShort":"Kids","date":"2025-11-01","amount":39.990000,"amountOpen":0.000000},"unlinkCause":null,"linkDate":"2025-12-05","unlinkDate":null,"amount":39.990000},{"child":{"id":1210429130,"type":4,"typeAsString":"NEW_RETURNED_DEBIT_FEE_TYPE","description":"Rücklastschriftgebühr M--0045-0000004","descriptionShort":"Rücklastschriftgebühr M--0045-0000004","date":"2025-11-10","amount":3.000000,"amountOpen":0.000000},"parent":{"id":1210446144,"type":50,"typeAsString":"PAYMENT_RUN_TYPE","description":"Zahllauf-Position M--0047-0000005","descriptionShort":"Zahllauf-Position M--0047-0000005","date":"2025-12-05","amount":88.980000,"amountOpen":0.000000},"unlinkCause":null,"linkDate":"2025-12-05","unlinkDate":null,"amount":3.000000},{"child":{"id":1210446144,"type":50,"typeAsString":"PAYMENT_RUN_TYPE","description":"Zahllauf-Position M--0047-0000005","descriptionShort":"Zahllauf-Position M--0047-0000005","date":"2025-12-05","amount":88.980000,"amountOpen":0.000000},"parent":{"id":1210429130,"type":4,"typeAsString":"NEW_RETURNED_DEBIT_FEE_TYPE","description":"Rücklastschriftgebühr M--0045-0000004","descriptionShort":"Rücklastschriftgebühr M--0045-0000004","date":"2025-11-10","amount":3.000000,"amountOpen":0.000000},"unlinkCause":null,"linkDate":"2025-12-05","unlinkDate":null,"amount":3.000000}]}