[{"customerNumber":"M-18","firstName":"Andreas","lastName":"Kammerer","dateOfBirth":"2013-04-06","email":"samuelkammerer16@gmail.com","street":"Erlenstr.","houseNumber":"100a","addition":null,"zip":"84155","city":"Bodenkirchen","country":"Germany","rateName":"Kids","rateTerm":"6M","cancellationPeriod":"3M","paymentFrequency":"1M","chargeAmountAtContractStart":39.99,"chargeAmountCurrent":39.99,"starterPackageAmount":33.000000,"paymentType":"Lastschrift","paymentTypeContract":null,"signedContract":"24.03.2025","startDate":"2025-03-12","startDateOfUse":null,"startDateIncludingPreviousContracts":"2025-03-12","startDateOfUseIncludingPreviousContracts":null,"externalIdentifier":"","countPeriod":2,"endDateCurrentTerm":"2026-03-11","endDate":"2026-03-11","lastPossibleCancellationDate":"2025-12-11","origin":"Verwaltung","campaign":"","extensionType":"Vertragsverlängerung","extensionRate":"","extensionValue":"6M","chargeAmountNextPeriod":39.99,"cancelledTo":null,"cancelledAt":null,"cancellationType":"","cancellationReason":"","paymentRunGroupName":null,"paidTimePeriodCalculationType":"Kalendarium","company":null,"externalId":null,"location":null,"voucherCode":null,"imported":null,"voucherType":null,"discountType":null,"voucherAmount":null,"discountEffectivePeriod":null,"discountValidFrom":null,"discountValidUntil":null,"additionalDiscount":null,"additionalDiscountType":null,"additionalDiscountEffectivePeriod":null,"additionalDiscountValidFrom":null,"additionalDiscountValidUntil":null,"voucherBonusPeriodDuration":null,"voucherBonusPeriodType":null,"voucherBonusPeriodStartDate":null,"voucherBonusPeriodEndDate":null,"omitStarterPackage":null,"hasAdditionalVoucher":null,"id":1210279800,"type":"CONTRACT","referenceContractId":null}]