{"uuid":"7958e6b7-8e98-440c-8dcc-7b7ddff0f459","customerNumber":"M-18","customerStatus":"Mitglied","gender":"Männlich","title":"Kein Titel","lastName":"Kammerer","secondLastName":null,"firstName":"Andreas","secondFirstName":null,"dateOfBirth":"2013-04-06","note":null,"cardNumbers":"","customerTags":"","addresses":[{"street":"Erlenstr.","houseNumber":"100a","addition":null,"zip":"84155","city":"Bodenkirchen","country":"DE","additionalInformation":null,"streetType":null,"block":null,"portal":null,"stairway":null,"floor":null,"door":null,"province":null,"secondStreet":null,"buildingName":null,"cityPart":null,"district":null,"addressStatus":"VALID","statusInformation":null,"addressStatusSince":null}],"contact":{"telPrivate":"087458109994","telBusiness":null,"telPrivateMobile":"017645655281","telBusinessMobile":null,"email":"samuelkammerer16@gmail.com"},"paymentMethod":"Lastschrift","bankAccount":{"accountHolder":"Andreas Kammerer","iban":"DE62100100100132065130","bic":"PBNKDEFFXXX","bankName":"Postbank Ndl der Deutsche Bank","sepaMandateDtos":[{"sepaMandateStatus":"CONFIRMED","referenceNumber":"MLREFM00018","mandateGivenDate":"2025-03-24","mandateWithdrawnDate":null,"signatureRequired":true,"owner":"STUDIO"}]},"emailStatus":{"type":"NOT_YET_USED","information":""},"importedFrom":"NONE","communicationStop":false,"campaign":null,"taxId":null,"documentIdentificationm":null,"locale":null,"deceased":false,"referralCode":"M8D9M","excludedFromReferral":false,"medicalCertificate":null,"aggregatorAssignments":[],"referralType":null,"lead":null}