{"uuid":"7958e6b7-8e98-440c-8dcc-7b7ddff0f459","lastName":"Kammerer","firstName":"Andreas","dateOfBirth":"2013-04-06","placeOfBirth":null,"countryOfBirth":null,"gender":"Männlich","title":"NONE","taxId":null,"documentNumber":null,"documentType":null,"email":"samuelkammerer16@gmail.com","addresses":[{"street":"Erlenstr.","houseNumber":"100a","addition":null,"zip":"84155","city":"Bodenkirchen","country":"DE","additionalInformation":null,"streetType":null,"block":null,"portal":null,"stairway":null,"floor":null,"door":null,"province":null,"secondStreet":null,"buildingName":null,"cityPart":null,"district":null,"addressStatus":"VALID","statusInformation":null,"addressStatusSince":null}]}