{"dtos":[{"child":{"id":1210345798,"type":10,"typeAsString":"NEW_STARTER_PACKAGE_TYPE","description":"Beitrag für Startpaket für Vertrag Kids","descriptionShort":"Kids","date":"2025-07-03","amount":33.000000,"amountOpen":0.000000},"parent":{"id":1210346000,"type":50,"typeAsString":"PAYMENT_RUN_TYPE","description":"Zahllauf-Position M--0038-0000001","descriptionShort":"Zahllauf-Position M--0038-0000001","date":"2025-07-07","amount":166.520000,"amountOpen":0.000000},"unlinkCause":{"id":1210350591,"type":51,"typeAsString":"PAYMENT_RUN_CHARGED_BACK_TYPE","description":"Sonstiger Grund Rückbuchung - M--0038-0000001","descriptionShort":"Sonstiger Grund Rückbuchung - M--0038-0000001","date":"2025-07-08","amount":-166.520000,"amountOpen":0.000000},"linkDate":"2025-07-07","unlinkDate":"2025-07-08","amount":33.000000},{"child":{"id":1210346000,"type":50,"typeAsString":"PAYMENT_RUN_TYPE","description":"Zahllauf-Position M--0038-0000001","descriptionShort":"Zahllauf-Position M--0038-0000001","date":"2025-07-07","amount":166.520000,"amountOpen":0.000000},"parent":{"id":1210345798,"type":10,"typeAsString":"NEW_STARTER_PACKAGE_TYPE","description":"Beitrag für Startpaket für Vertrag Kids","descriptionShort":"Kids","date":"2025-07-03","amount":33.000000,"amountOpen":0.000000},"unlinkCause":{"id":1210350591,"type":51,"typeAsString":"PAYMENT_RUN_CHARGED_BACK_TYPE","description":"Sonstiger Grund Rückbuchung - M--0038-0000001","descriptionShort":"Sonstiger Grund Rückbuchung - M--0038-0000001","date":"2025-07-08","amount":-166.520000,"amountOpen":0.000000},"linkDate":"2025-07-07","unlinkDate":"2025-07-08","amount":33.000000},{"child":{"id":1210345792,"type":0,"typeAsString":"NEW_CHARGE_TYPE","description":"Kids 01.06.25 - 30.06.25","descriptionShort":"Kids","date":"2025-07-03","amount":44.990000,"amountOpen":0.000000},"parent":{"id":1210346000,"type":50,"typeAsString":"PAYMENT_RUN_TYPE","description":"Zahllauf-Position M--0038-0000001","descriptionShort":"Zahllauf-Position M--0038-0000001","date":"2025-07-07","amount":166.520000,"amountOpen":0.000000},"unlinkCause":{"id":1210350591,"type":51,"typeAsString":"PAYMENT_RUN_CHARGED_BACK_TYPE","description":"Sonstiger Grund Rückbuchung - M--0038-0000001","descriptionShort":"Sonstiger Grund Rückbuchung - M--0038-0000001","date":"2025-07-08","amount":-166.520000,"amountOpen":0.000000},"linkDate":"2025-07-07","unlinkDate":"2025-07-08","amount":44.990000},{"child":{"id":1210346000,"type":50,"typeAsString":"PAYMENT_RUN_TYPE","description":"Zahllauf-Position M--0038-0000001","descriptionShort":"Zahllauf-Position M--0038-0000001","date":"2025-07-07","amount":166.520000,"amountOpen":0.000000},"parent":{"id":1210345792,"type":0,"typeAsString":"NEW_CHARGE_TYPE","description":"Kids 01.06.25 - 30.06.25","descriptionShort":"Kids","date":"2025-07-03","amount":44.990000,"amountOpen":0.000000},"unlinkCause":{"id":1210350591,"type":51,"typeAsString":"PAYMENT_RUN_CHARGED_BACK_TYPE","description":"Sonstiger Grund Rückbuchung - M--0038-0000001","descriptionShort":"Sonstiger Grund Rückbuchung - M--0038-0000001","date":"2025-07-08","amount":-166.520000,"amountOpen":0.000000},"linkDate":"2025-07-07","unlinkDate":"2025-07-08","amount":44.990000},{"child":{"id":1210345793,"type":0,"typeAsString":"NEW_CHARGE_TYPE","description":"Kids 01.07.25 - 31.07.25","descriptionShort":"Kids","date":"2025-07-03","amount":44.990000,"amountOpen":0.000000},"parent":{"id":1210346000,"type":50,"typeAsString":"PAYMENT_RUN_TYPE","description":"Zahllauf-Position M--0038-0000001","descriptionShort":"Zahllauf-Position M--0038-0000001","date":"2025-07-07","amount":166.520000,"amountOpen":0.000000},"unlinkCause":{"id":1210350591,"type":51,"typeAsString":"PAYMENT_RUN_CHARGED_BACK_TYPE","description":"Sonstiger Grund Rückbuchung - M--0038-0000001","descriptionShort":"Sonstiger Grund Rückbuchung - M--0038-0000001","date":"2025-07-08","amount":-166.520000,"amountOpen":0.000000},"linkDate":"2025-07-07","unlinkDate":"2025-07-08","amount":44.990000},{"child":{"id":1210346000,"type":50,"typeAsString":"PAYMENT_RUN_TYPE","description":"Zahllauf-Position M--0038-0000001","descriptionShort":"Zahllauf-Position M--0038-0000001","date":"2025-07-07","amount":166.520000,"amountOpen":0.000000},"parent":{"id":1210345793,"type":0,"typeAsString":"NEW_CHARGE_TYPE","description":"Kids 01.07.25 - 31.07.25","descriptionShort":"Kids","date":"2025-07-03","amount":44.990000,"amountOpen":0.000000},"unlinkCause":{"id":1210350591,"type":51,"typeAsString":"PAYMENT_RUN_CHARGED_BACK_TYPE","description":"Sonstiger Grund Rückbuchung - M--0038-0000001","descriptionShort":"Sonstiger Grund Rückbuchung - M--0038-0000001","date":"2025-07-08","amount":-166.520000,"amountOpen":0.000000},"linkDate":"2025-07-07","unlinkDate":"2025-07-08","amount":44.990000},{"child":{"id":1210345791,"type":0,"typeAsString":"NEW_CHARGE_TYPE","description":"Kids 02.05.25 - 31.05.25","descriptionShort":"Kids","date":"2025-07-03","amount":43.540000,"amountOpen":0.000000},"parent":{"id":1210346000,"type":50,"typeAsString":"PAYMENT_RUN_TYPE","description":"Zahllauf-Position M--0038-0000001","descriptionShort":"Zahllauf-Position M--0038-0000001","date":"2025-07-07","amount":166.520000,"amountOpen":0.000000},"unlinkCause":{"id":1210350591,"type":51,"typeAsString":"PAYMENT_RUN_CHARGED_BACK_TYPE","description":"Sonstiger Grund Rückbuchung - M--0038-0000001","descriptionShort":"Sonstiger Grund Rückbuchung - M--0038-0000001","date":"2025-07-08","amount":-166.520000,"amountOpen":0.000000},"linkDate":"2025-07-07","unlinkDate":"2025-07-08","amount":43.540000},{"child":{"id":1210346000,"type":50,"typeAsString":"PAYMENT_RUN_TYPE","description":"Zahllauf-Position M--0038-0000001","descriptionShort":"Zahllauf-Position M--0038-0000001","date":"2025-07-07","amount":166.520000,"amountOpen":0.000000},"parent":{"id":1210345791,"type":0,"typeAsString":"NEW_CHARGE_TYPE","description":"Kids 02.05.25 - 31.05.25","descriptionShort":"Kids","date":"2025-07-03","amount":43.540000,"amountOpen":0.000000},"unlinkCause":{"id":1210350591,"type":51,"typeAsString":"PAYMENT_RUN_CHARGED_BACK_TYPE","description":"Sonstiger Grund Rückbuchung - M--0038-0000001","descriptionShort":"Sonstiger Grund Rückbuchung - M--0038-0000001","date":"2025-07-08","amount":-166.520000,"amountOpen":0.000000},"linkDate":"2025-07-07","unlinkDate":"2025-07-08","amount":43.540000},{"child":{"id":1210346000,"type":50,"typeAsString":"PAYMENT_RUN_TYPE","description":"Zahllauf-Position M--0038-0000001","descriptionShort":"Zahllauf-Position M--0038-0000001","date":"2025-07-07","amount":166.520000,"amountOpen":0.000000},"parent":{"id":1210350591,"type":51,"typeAsString":"PAYMENT_RUN_CHARGED_BACK_TYPE","description":"Sonstiger Grund Rückbuchung - M--0038-0000001","descriptionShort":"Sonstiger Grund Rückbuchung - M--0038-0000001","date":"2025-07-08","amount":-166.520000,"amountOpen":0.000000},"unlinkCause":null,"linkDate":"2025-07-08","unlinkDate":null,"amount":166.520000},{"child":{"id":1210350591,"type":51,"typeAsString":"PAYMENT_RUN_CHARGED_BACK_TYPE","description":"Sonstiger Grund Rückbuchung - M--0038-0000001","descriptionShort":"Sonstiger Grund Rückbuchung - M--0038-0000001","date":"2025-07-08","amount":-166.520000,"amountOpen":0.000000},"parent":{"id":1210346000,"type":50,"typeAsString":"PAYMENT_RUN_TYPE","description":"Zahllauf-Position M--0038-0000001","descriptionShort":"Zahllauf-Position M--0038-0000001","date":"2025-07-07","amount":166.520000,"amountOpen":0.000000},"unlinkCause":null,"linkDate":"2025-07-08","unlinkDate":null,"amount":-166.520000},{"child":{"id":1210345798,"type":10,"typeAsString":"NEW_STARTER_PACKAGE_TYPE","description":"Beitrag für Startpaket für Vertrag Kids","descriptionShort":"Kids","date":"2025-07-03","amount":33.000000,"amountOpen":0.000000},"parent":{"id":1210360722,"type":50,"typeAsString":"PAYMENT_RUN_TYPE","description":"Zahllauf-Position M--0040-0000007","descriptionShort":"Zahllauf-Position M--0040-0000007","date":"2025-08-01","amount":214.510000,"amountOpen":0.000000},"unlinkCause":null,"linkDate":"2025-08-01","unlinkDate":null,"amount":33.000000},{"child":{"id":1210360722,"type":50,"typeAsString":"PAYMENT_RUN_TYPE","description":"Zahllauf-Position M--0040-0000007","descriptionShort":"Zahllauf-Position M--0040-0000007","date":"2025-08-01","amount":214.510000,"amountOpen":0.000000},"parent":{"id":1210345798,"type":10,"typeAsString":"NEW_STARTER_PACKAGE_TYPE","description":"Beitrag für Startpaket für Vertrag Kids","descriptionShort":"Kids","date":"2025-07-03","amount":33.000000,"amountOpen":0.000000},"unlinkCause":null,"linkDate":"2025-08-01","unlinkDate":null,"amount":33.000000},{"child":{"id":1210345792,"type":0,"typeAsString":"NEW_CHARGE_TYPE","description":"Kids 01.06.25 - 30.06.25","descriptionShort":"Kids","date":"2025-07-03","amount":44.990000,"amountOpen":0.000000},"parent":{"id":1210360722,"type":50,"typeAsString":"PAYMENT_RUN_TYPE","description":"Zahllauf-Position M--0040-0000007","descriptionShort":"Zahllauf-Position M--0040-0000007","date":"2025-08-01","amount":214.510000,"amountOpen":0.000000},"unlinkCause":null,"linkDate":"2025-08-01","unlinkDate":null,"amount":44.990000},{"child":{"id":1210360722,"type":50,"typeAsString":"PAYMENT_RUN_TYPE","description":"Zahllauf-Position M--0040-0000007","descriptionShort":"Zahllauf-Position M--0040-0000007","date":"2025-08-01","amount":214.510000,"amountOpen":0.000000},"parent":{"id":1210345792,"type":0,"typeAsString":"NEW_CHARGE_TYPE","description":"Kids 01.06.25 - 30.06.25","descriptionShort":"Kids","date":"2025-07-03","amount":44.990000,"amountOpen":0.000000},"unlinkCause":null,"linkDate":"2025-08-01","unlinkDate":null,"amount":44.990000},{"child":{"id":1210345793,"type":0,"typeAsString":"NEW_CHARGE_TYPE","description":"Kids 01.07.25 - 31.07.25","descriptionShort":"Kids","date":"2025-07-03","amount":44.990000,"amountOpen":0.000000},"parent":{"id":1210360722,"type":50,"typeAsString":"PAYMENT_RUN_TYPE","description":"Zahllauf-Position M--0040-0000007","descriptionShort":"Zahllauf-Position M--0040-0000007","date":"2025-08-01","amount":214.510000,"amountOpen":0.000000},"unlinkCause":null,"linkDate":"2025-08-01","unlinkDate":null,"amount":44.990000},{"child":{"id":1210360722,"type":50,"typeAsString":"PAYMENT_RUN_TYPE","description":"Zahllauf-Position M--0040-0000007","descriptionShort":"Zahllauf-Position M--0040-0000007","date":"2025-08-01","amount":214.510000,"amountOpen":0.000000},"parent":{"id":1210345793,"type":0,"typeAsString":"NEW_CHARGE_TYPE","description":"Kids 01.07.25 - 31.07.25","descriptionShort":"Kids","date":"2025-07-03","amount":44.990000,"amountOpen":0.000000},"unlinkCause":null,"linkDate":"2025-08-01","unlinkDate":null,"amount":44.990000},{"child":{"id":1210345794,"type":0,"typeAsString":"NEW_CHARGE_TYPE","description":"Kids 01.08.25 - 31.08.25","descriptionShort":"Kids","date":"2025-08-01","amount":44.990000,"amountOpen":0.000000},"parent":{"id":1210360722,"type":50,"typeAsString":"PAYMENT_RUN_TYPE","description":"Zahllauf-Position M--0040-0000007","descriptionShort":"Zahllauf-Position M--0040-0000007","date":"2025-08-01","amount":214.510000,"amountOpen":0.000000},"unlinkCause":null,"linkDate":"2025-08-01","unlinkDate":null,"amount":44.990000},{"child":{"id":1210360722,"type":50,"typeAsString":"PAYMENT_RUN_TYPE","description":"Zahllauf-Position M--0040-0000007","descriptionShort":"Zahllauf-Position M--0040-0000007","date":"2025-08-01","amount":214.510000,"amountOpen":0.000000},"parent":{"id":1210345794,"type":0,"typeAsString":"NEW_CHARGE_TYPE","description":"Kids 01.08.25 - 31.08.25","descriptionShort":"Kids","date":"2025-08-01","amount":44.990000,"amountOpen":0.000000},"unlinkCause":null,"linkDate":"2025-08-01","unlinkDate":null,"amount":44.990000},{"child":{"id":1210350590,"type":4,"typeAsString":"NEW_RETURNED_DEBIT_FEE_TYPE","description":"Rücklastschriftgebühr M--0038-0000001","descriptionShort":"Rücklastschriftgebühr M--0038-0000001","date":"2025-07-08","amount":3.000000,"amountOpen":0.000000},"parent":{"id":1210360722,"type":50,"typeAsString":"PAYMENT_RUN_TYPE","description":"Zahllauf-Position M--0040-0000007","descriptionShort":"Zahllauf-Position M--0040-0000007","date":"2025-08-01","amount":214.510000,"amountOpen":0.000000},"unlinkCause":null,"linkDate":"2025-08-01","unlinkDate":null,"amount":3.000000},{"child":{"id":1210360722,"type":50,"typeAsString":"PAYMENT_RUN_TYPE","description":"Zahllauf-Position M--0040-0000007","descriptionShort":"Zahllauf-Position M--0040-0000007","date":"2025-08-01","amount":214.510000,"amountOpen":0.000000},"parent":{"id":1210350590,"type":4,"typeAsString":"NEW_RETURNED_DEBIT_FEE_TYPE","description":"Rücklastschriftgebühr M--0038-0000001","descriptionShort":"Rücklastschriftgebühr M--0038-0000001","date":"2025-07-08","amount":3.000000,"amountOpen":0.000000},"unlinkCause":null,"linkDate":"2025-08-01","unlinkDate":null,"amount":3.000000},{"child":{"id":1210345791,"type":0,"typeAsString":"NEW_CHARGE_TYPE","description":"Kids 02.05.25 - 31.05.25","descriptionShort":"Kids","date":"2025-07-03","amount":43.540000,"amountOpen":0.000000},"parent":{"id":1210360722,"type":50,"typeAsString":"PAYMENT_RUN_TYPE","description":"Zahllauf-Position M--0040-0000007","descriptionShort":"Zahllauf-Position M--0040-0000007","date":"2025-08-01","amount":214.510000,"amountOpen":0.000000},"unlinkCause":null,"linkDate":"2025-08-01","unlinkDate":null,"amount":43.540000},{"child":{"id":1210360722,"type":50,"typeAsString":"PAYMENT_RUN_TYPE","description":"Zahllauf-Position M--0040-0000007","descriptionShort":"Zahllauf-Position M--0040-0000007","date":"2025-08-01","amount":214.510000,"amountOpen":0.000000},"parent":{"id":1210345791,"type":0,"typeAsString":"NEW_CHARGE_TYPE","description":"Kids 02.05.25 - 31.05.25","descriptionShort":"Kids","date":"2025-07-03","amount":43.540000,"amountOpen":0.000000},"unlinkCause":null,"linkDate":"2025-08-01","unlinkDate":null,"amount":43.540000},{"child":{"id":1210345795,"type":0,"typeAsString":"NEW_CHARGE_TYPE","description":"Kids 01.09.25 - 30.09.25","descriptionShort":"Kids","date":"2025-09-01","amount":44.990000,"amountOpen":0.000000},"parent":{"id":1210377798,"type":50,"typeAsString":"PAYMENT_RUN_TYPE","description":"Zahllauf-Position M--0041-0000007","descriptionShort":"Zahllauf-Position M--0041-0000007","date":"2025-09-01","amount":44.990000,"amountOpen":0.000000},"unlinkCause":null,"linkDate":"2025-09-01","unlinkDate":null,"amount":44.990000},{"child":{"id":1210377798,"type":50,"typeAsString":"PAYMENT_RUN_TYPE","description":"Zahllauf-Position M--0041-0000007","descriptionShort":"Zahllauf-Position M--0041-0000007","date":"2025-09-01","amount":44.990000,"amountOpen":0.000000},"parent":{"id":1210345795,"type":0,"typeAsString":"NEW_CHARGE_TYPE","description":"Kids 01.09.25 - 30.09.25","descriptionShort":"Kids","date":"2025-09-01","amount":44.990000,"amountOpen":0.000000},"unlinkCause":null,"linkDate":"2025-09-01","unlinkDate":null,"amount":44.990000},{"child":{"id":1210345796,"type":0,"typeAsString":"NEW_CHARGE_TYPE","description":"Kids 01.10.25 - 31.10.25","descriptionShort":"Kids","date":"2025-10-01","amount":44.990000,"amountOpen":0.000000},"parent":{"id":1210396970,"type":50,"typeAsString":"PAYMENT_RUN_TYPE","description":"Zahllauf-Position M--0042-0000007","descriptionShort":"Zahllauf-Position M--0042-0000007","date":"2025-10-02","amount":44.990000,"amountOpen":0.000000},"unlinkCause":null,"linkDate":"2025-10-02","unlinkDate":null,"amount":44.990000},{"child":{"id":1210396970,"type":50,"typeAsString":"PAYMENT_RUN_TYPE","description":"Zahllauf-Position M--0042-0000007","descriptionShort":"Zahllauf-Position M--0042-0000007","date":"2025-10-02","amount":44.990000,"amountOpen":0.000000},"parent":{"id":1210345796,"type":0,"typeAsString":"NEW_CHARGE_TYPE","description":"Kids 01.10.25 - 31.10.25","descriptionShort":"Kids","date":"2025-10-01","amount":44.990000,"amountOpen":0.000000},"unlinkCause":null,"linkDate":"2025-10-02","unlinkDate":null,"amount":44.990000},{"child":{"id":1210345797,"type":0,"typeAsString":"NEW_CHARGE_TYPE","description":"Kids 01.11.25 - 30.11.25","descriptionShort":"Kids","date":"2025-11-01","amount":44.990000,"amountOpen":0.000000},"parent":{"id":1210417421,"type":50,"typeAsString":"PAYMENT_RUN_TYPE","description":"Zahllauf-Position M--0043-0000007","descriptionShort":"Zahllauf-Position M--0043-0000007","date":"2025-11-01","amount":44.990000,"amountOpen":0.000000},"unlinkCause":null,"linkDate":"2025-11-01","unlinkDate":null,"amount":44.990000},{"child":{"id":1210417421,"type":50,"typeAsString":"PAYMENT_RUN_TYPE","description":"Zahllauf-Position M--0043-0000007","descriptionShort":"Zahllauf-Position M--0043-0000007","date":"2025-11-01","amount":44.990000,"amountOpen":0.000000},"parent":{"id":1210345797,"type":0,"typeAsString":"NEW_CHARGE_TYPE","description":"Kids 01.11.25 - 30.11.25","descriptionShort":"Kids","date":"2025-11-01","amount":44.990000,"amountOpen":0.000000},"unlinkCause":null,"linkDate":"2025-11-01","unlinkDate":null,"amount":44.990000},{"child":{"id":1210399440,"type":0,"typeAsString":"NEW_CHARGE_TYPE","description":"Kids 01.12.25 - 31.12.25","descriptionShort":"Kids","date":"2025-12-01","amount":44.990000,"amountOpen":0.000000},"parent":{"id":1210440504,"type":50,"typeAsString":"PAYMENT_RUN_TYPE","description":"Zahllauf-Position M--0046-0000007","descriptionShort":"Zahllauf-Position M--0046-0000007","date":"2025-12-02","amount":44.990000,"amountOpen":0.000000},"unlinkCause":{"id":1210442661,"type":51,"typeAsString":"PAYMENT_RUN_CHARGED_BACK_TYPE","description":"Sonstiger Grund Rückbuchung - M--0046-0000007","descriptionShort":"Sonstiger Grund Rückbuchung - M--0046-0000007","date":"2025-12-01","amount":-44.990000,"amountOpen":0.000000},"linkDate":"2025-12-02","unlinkDate":"2025-12-02","amount":44.990000},{"child":{"id":1210440504,"type":50,"typeAsString":"PAYMENT_RUN_TYPE","description":"Zahllauf-Position M--0046-0000007","descriptionShort":"Zahllauf-Position M--0046-0000007","date":"2025-12-02","amount":44.990000,"amountOpen":0.000000},"parent":{"id":1210399440,"type":0,"typeAsString":"NEW_CHARGE_TYPE","description":"Kids 01.12.25 - 31.12.25","descriptionShort":"Kids","date":"2025-12-01","amount":44.990000,"amountOpen":0.000000},"unlinkCause":{"id":1210442661,"type":51,"typeAsString":"PAYMENT_RUN_CHARGED_BACK_TYPE","description":"Sonstiger Grund Rückbuchung - M--0046-0000007","descriptionShort":"Sonstiger Grund Rückbuchung - M--0046-0000007","date":"2025-12-01","amount":-44.990000,"amountOpen":0.000000},"linkDate":"2025-12-02","unlinkDate":"2025-12-02","amount":44.990000},{"child":{"id":1210440504,"type":50,"typeAsString":"PAYMENT_RUN_TYPE","description":"Zahllauf-Position M--0046-0000007","descriptionShort":"Zahllauf-Position M--0046-0000007","date":"2025-12-02","amount":44.990000,"amountOpen":0.000000},"parent":{"id":1210442661,"type":51,"typeAsString":"PAYMENT_RUN_CHARGED_BACK_TYPE","description":"Sonstiger Grund Rückbuchung - M--0046-0000007","descriptionShort":"Sonstiger Grund Rückbuchung - M--0046-0000007","date":"2025-12-01","amount":-44.990000,"amountOpen":0.000000},"unlinkCause":null,"linkDate":"2025-12-01","unlinkDate":null,"amount":44.990000},{"child":{"id":1210442661,"type":51,"typeAsString":"PAYMENT_RUN_CHARGED_BACK_TYPE","description":"Sonstiger Grund Rückbuchung - M--0046-0000007","descriptionShort":"Sonstiger Grund Rückbuchung - M--0046-0000007","date":"2025-12-01","amount":-44.990000,"amountOpen":0.000000},"parent":{"id":1210440504,"type":50,"typeAsString":"PAYMENT_RUN_TYPE","description":"Zahllauf-Position M--0046-0000007","descriptionShort":"Zahllauf-Position M--0046-0000007","date":"2025-12-02","amount":44.990000,"amountOpen":0.000000},"unlinkCause":null,"linkDate":"2025-12-01","unlinkDate":null,"amount":-44.990000},{"child":{"id":1210442660,"type":4,"typeAsString":"NEW_RETURNED_DEBIT_FEE_TYPE","description":"Rücklastschriftgebühr M--0046-0000007","descriptionShort":"Rücklastschriftgebühr M--0046-0000007","date":"2025-12-01","amount":3.000000,"amountOpen":0.000000},"parent":{"id":1210446147,"type":50,"typeAsString":"PAYMENT_RUN_TYPE","description":"Zahllauf-Position M--0047-0000002","descriptionShort":"Zahllauf-Position M--0047-0000002","date":"2025-12-05","amount":47.990000,"amountOpen":0.000000},"unlinkCause":null,"linkDate":"2025-12-05","unlinkDate":null,"amount":3.000000},{"child":{"id":1210446147,"type":50,"typeAsString":"PAYMENT_RUN_TYPE","description":"Zahllauf-Position M--0047-0000002","descriptionShort":"Zahllauf-Position M--0047-0000002","date":"2025-12-05","amount":47.990000,"amountOpen":0.000000},"parent":{"id":1210442660,"type":4,"typeAsString":"NEW_RETURNED_DEBIT_FEE_TYPE","description":"Rücklastschriftgebühr M--0046-0000007","descriptionShort":"Rücklastschriftgebühr M--0046-0000007","date":"2025-12-01","amount":3.000000,"amountOpen":0.000000},"unlinkCause":null,"linkDate":"2025-12-05","unlinkDate":null,"amount":3.000000},{"child":{"id":1210399440,"type":0,"typeAsString":"NEW_CHARGE_TYPE","description":"Kids 01.12.25 - 31.12.25","descriptionShort":"Kids","date":"2025-12-01","amount":44.990000,"amountOpen":0.000000},"parent":{"id":1210446147,"type":50,"typeAsString":"PAYMENT_RUN_TYPE","description":"Zahllauf-Position M--0047-0000002","descriptionShort":"Zahllauf-Position M--0047-0000002","date":"2025-12-05","amount":47.990000,"amountOpen":0.000000},"unlinkCause":null,"linkDate":"2025-12-05","unlinkDate":null,"amount":44.990000},{"child":{"id":1210446147,"type":50,"typeAsString":"PAYMENT_RUN_TYPE","description":"Zahllauf-Position M--0047-0000002","descriptionShort":"Zahllauf-Position M--0047-0000002","date":"2025-12-05","amount":47.990000,"amountOpen":0.000000},"parent":{"id":1210399440,"type":0,"typeAsString":"NEW_CHARGE_TYPE","description":"Kids 01.12.25 - 31.12.25","descriptionShort":"Kids","date":"2025-12-01","amount":44.990000,"amountOpen":0.000000},"unlinkCause":null,"linkDate":"2025-12-05","unlinkDate":null,"amount":44.990000}]}