[{"customerNumber":"M-22","firstName":"Georg","lastName":"Klinner","dateOfBirth":"2017-02-26","email":"Ankeklinner@web.de","street":"Treidlkofen","houseNumber":"28","addition":null,"zip":"84155","city":"Bodenkirchen","country":"Germany","rateName":"Kids","rateTerm":"3M","cancellationPeriod":"1M","paymentFrequency":"1M","chargeAmountAtContractStart":44.99,"chargeAmountCurrent":44.99,"starterPackageAmount":33.000000,"paymentType":"Lastschrift","paymentTypeContract":null,"signedContract":"03.07.2025","startDate":"2025-05-02","startDateOfUse":null,"startDateIncludingPreviousContracts":"2025-05-02","startDateOfUseIncludingPreviousContracts":null,"externalIdentifier":"","countPeriod":3,"endDateCurrentTerm":"2026-02-01","endDate":"2026-02-01","lastPossibleCancellationDate":"2026-01-01","origin":"Verwaltung","campaign":"","extensionType":"Vertragsverlängerung","extensionRate":"","extensionValue":"3M","chargeAmountNextPeriod":44.99,"cancelledTo":null,"cancelledAt":null,"cancellationType":"","cancellationReason":"","paymentRunGroupName":null,"paidTimePeriodCalculationType":"Kalendarium","company":null,"externalId":null,"location":null,"voucherCode":null,"imported":null,"voucherType":null,"discountType":null,"voucherAmount":null,"discountEffectivePeriod":null,"discountValidFrom":null,"discountValidUntil":null,"additionalDiscount":null,"additionalDiscountType":null,"additionalDiscountEffectivePeriod":null,"additionalDiscountValidFrom":null,"additionalDiscountValidUntil":null,"voucherBonusPeriodDuration":null,"voucherBonusPeriodType":null,"voucherBonusPeriodStartDate":null,"voucherBonusPeriodEndDate":null,"omitStarterPackage":null,"hasAdditionalVoucher":null,"id":1210345573,"type":"CONTRACT","referenceContractId":null}]