{"uuid":"7397831b-0f90-46f9-ba7a-89277198d995","customerNumber":"M-22","customerStatus":"Mitglied","gender":"Männlich","title":"Kein Titel","lastName":"Klinner","secondLastName":null,"firstName":"Georg","secondFirstName":null,"dateOfBirth":"2017-02-26","note":null,"cardNumbers":"","customerTags":"","addresses":[{"street":"Treidlkofen","houseNumber":"28","addition":null,"zip":"84155","city":"Bodenkirchen","country":"DE","additionalInformation":null,"streetType":null,"block":null,"portal":null,"stairway":null,"floor":null,"door":null,"province":null,"secondStreet":null,"buildingName":null,"cityPart":null,"district":null,"addressStatus":"VALID","statusInformation":null,"addressStatusSince":null}],"contact":{"telPrivate":null,"telBusiness":null,"telPrivateMobile":"015770873101","telBusinessMobile":null,"email":"Ankeklinner@web.de"},"paymentMethod":"Lastschrift","bankAccount":{"accountHolder":"Anke Klinner","iban":"DE43701695660000421359","bic":"GENODEF1TAV","bankName":"VR-Bank Taufkirchen-Dorfen","sepaMandateDtos":[{"sepaMandateStatus":"CONFIRMED","referenceNumber":"MLREFM00022","mandateGivenDate":"2025-05-02","mandateWithdrawnDate":null,"signatureRequired":true,"owner":"STUDIO"}]},"emailStatus":{"type":"NOT_YET_USED","information":""},"importedFrom":"NONE","communicationStop":false,"campaign":null,"taxId":null,"documentIdentificationm":null,"locale":null,"deceased":false,"referralCode":"Q93VQ","excludedFromReferral":false,"medicalCertificate":null,"aggregatorAssignments":[],"referralType":null,"lead":null}