{"uuid":"7397831b-0f90-46f9-ba7a-89277198d995","lastName":"Klinner","firstName":"Georg","dateOfBirth":"2017-02-26","placeOfBirth":null,"countryOfBirth":null,"gender":"Männlich","title":"NONE","taxId":null,"documentNumber":null,"documentType":null,"email":"Ankeklinner@web.de","addresses":[{"street":"Treidlkofen","houseNumber":"28","addition":null,"zip":"84155","city":"Bodenkirchen","country":"DE","additionalInformation":null,"streetType":null,"block":null,"portal":null,"stairway":null,"floor":null,"door":null,"province":null,"secondStreet":null,"buildingName":null,"cityPart":null,"district":null,"addressStatus":"VALID","statusInformation":null,"addressStatusSince":null}]}