{"dtos":[{"child":{"id":1210445697,"type":10,"typeAsString":"NEW_STARTER_PACKAGE_TYPE","description":"Beitrag für Startpaket für Vertrag Erwachsene","descriptionShort":"Erwachsene","date":"2025-12-03","amount":33.000000,"amountOpen":0.000000},"parent":{"id":1210446142,"type":50,"typeAsString":"PAYMENT_RUN_TYPE","description":"Zahllauf-Position M--0047-0000004","descriptionShort":"Zahllauf-Position M--0047-0000004","date":"2025-12-05","amount":102.000000,"amountOpen":0.000000},"unlinkCause":null,"linkDate":"2025-12-05","unlinkDate":null,"amount":33.000000},{"child":{"id":1210446142,"type":50,"typeAsString":"PAYMENT_RUN_TYPE","description":"Zahllauf-Position M--0047-0000004","descriptionShort":"Zahllauf-Position M--0047-0000004","date":"2025-12-05","amount":102.000000,"amountOpen":0.000000},"parent":{"id":1210445697,"type":10,"typeAsString":"NEW_STARTER_PACKAGE_TYPE","description":"Beitrag für Startpaket für Vertrag Erwachsene","descriptionShort":"Erwachsene","date":"2025-12-03","amount":33.000000,"amountOpen":0.000000},"unlinkCause":null,"linkDate":"2025-12-05","unlinkDate":null,"amount":33.000000},{"child":{"id":1210445215,"type":0,"typeAsString":"NEW_CHARGE_TYPE","description":"Erwachsene 01.12.25 - 31.12.25","descriptionShort":"Erwachsene","date":"2025-12-03","amount":69.000000,"amountOpen":0.000000},"parent":{"id":1210446142,"type":50,"typeAsString":"PAYMENT_RUN_TYPE","description":"Zahllauf-Position M--0047-0000004","descriptionShort":"Zahllauf-Position M--0047-0000004","date":"2025-12-05","amount":102.000000,"amountOpen":0.000000},"unlinkCause":null,"linkDate":"2025-12-05","unlinkDate":null,"amount":69.000000},{"child":{"id":1210446142,"type":50,"typeAsString":"PAYMENT_RUN_TYPE","description":"Zahllauf-Position M--0047-0000004","descriptionShort":"Zahllauf-Position M--0047-0000004","date":"2025-12-05","amount":102.000000,"amountOpen":0.000000},"parent":{"id":1210445215,"type":0,"typeAsString":"NEW_CHARGE_TYPE","description":"Erwachsene 01.12.25 - 31.12.25","descriptionShort":"Erwachsene","date":"2025-12-03","amount":69.000000,"amountOpen":0.000000},"unlinkCause":null,"linkDate":"2025-12-05","unlinkDate":null,"amount":69.000000}]}