[{"customerNumber":"M-29","firstName":"Franz Josef","lastName":"Eidner","dateOfBirth":"1991-02-28","email":"franzeidner@gmail.com","street":"Frontenhausener Straße","houseNumber":"27","addition":null,"zip":"84137","city":"Vilsbiburg","country":"Germany","rateName":"Erwachsene neu","rateTerm":"12M","cancellationPeriod":"3M","paymentFrequency":"1M","chargeAmountAtContractStart":69.00,"chargeAmountCurrent":69.00,"starterPackageAmount":33.000000,"paymentType":"Lastschrift","paymentTypeContract":null,"signedContract":"01.12.2025","startDate":"2025-12-01","startDateOfUse":null,"startDateIncludingPreviousContracts":"2025-12-01","startDateOfUseIncludingPreviousContracts":null,"externalIdentifier":"","countPeriod":1,"endDateCurrentTerm":"2026-11-30","endDate":"2026-11-30","lastPossibleCancellationDate":"2026-08-31","origin":"Verwaltung","campaign":"","extensionType":"Vertragsverlängerung","extensionRate":"","extensionValue":"12M","chargeAmountNextPeriod":69.00,"cancelledTo":null,"cancelledAt":null,"cancellationType":"","cancellationReason":"","paymentRunGroupName":null,"paidTimePeriodCalculationType":"Kalendarium","company":null,"externalId":null,"location":null,"voucherCode":null,"imported":null,"voucherType":null,"discountType":null,"voucherAmount":null,"discountEffectivePeriod":null,"discountValidFrom":null,"discountValidUntil":null,"additionalDiscount":null,"additionalDiscountType":null,"additionalDiscountEffectivePeriod":null,"additionalDiscountValidFrom":null,"additionalDiscountValidUntil":null,"voucherBonusPeriodDuration":null,"voucherBonusPeriodType":null,"voucherBonusPeriodStartDate":null,"voucherBonusPeriodEndDate":null,"omitStarterPackage":null,"hasAdditionalVoucher":null,"id":1210445152,"type":"CONTRACT","referenceContractId":null}]