{"uuid":"36b2c278-b390-405f-af53-830129fe5f4a","lastName":"Eidner","firstName":"Franz Josef","dateOfBirth":"1991-02-28","placeOfBirth":null,"countryOfBirth":null,"gender":"Männlich","title":"NONE","taxId":null,"documentNumber":null,"documentType":null,"email":"franzeidner@gmail.com","addresses":[{"street":"Frontenhausener Straße","houseNumber":"27","addition":null,"zip":"84137","city":"Vilsbiburg","country":"DE","additionalInformation":null,"streetType":null,"block":null,"portal":null,"stairway":null,"floor":null,"door":null,"province":null,"secondStreet":null,"buildingName":null,"cityPart":null,"district":null,"addressStatus":"VALID","statusInformation":null,"addressStatusSince":null}]}