{"uuid":"36b2c278-b390-405f-af53-830129fe5f4a","customerNumber":"M-29","customerStatus":"Mitglied","gender":"Männlich","title":"Kein Titel","lastName":"Eidner","secondLastName":null,"firstName":"Franz Josef","secondFirstName":null,"dateOfBirth":"1991-02-28","note":null,"cardNumbers":"","customerTags":"","addresses":[{"street":"Frontenhausener Straße","houseNumber":"27","addition":null,"zip":"84137","city":"Vilsbiburg","country":"DE","additionalInformation":null,"streetType":null,"block":null,"portal":null,"stairway":null,"floor":null,"door":null,"province":null,"secondStreet":null,"buildingName":null,"cityPart":null,"district":null,"addressStatus":"VALID","statusInformation":null,"addressStatusSince":null}],"contact":{"telPrivate":null,"telBusiness":null,"telPrivateMobile":"(01514) 075-9493","telBusinessMobile":null,"email":"franzeidner@gmail.com"},"paymentMethod":"Lastschrift","bankAccount":{"accountHolder":"Franz Josef Eidner","iban":"DE84743923000003241025","bic":"GENODEF1VBV","bankName":"VR-Bank Isar-Vils","sepaMandateDtos":[{"sepaMandateStatus":"CONFIRMED","referenceNumber":"MLREFM00029","mandateGivenDate":"2025-12-01","mandateWithdrawnDate":null,"signatureRequired":true,"owner":"STUDIO"}]},"emailStatus":{"type":"NOT_YET_USED","information":""},"importedFrom":"NONE","communicationStop":false,"campaign":null,"taxId":null,"documentIdentificationm":null,"locale":null,"deceased":false,"referralCode":"QPO9M","excludedFromReferral":false,"medicalCertificate":null,"aggregatorAssignments":[],"referralType":null,"lead":null}