{"timelineItemDtos":[{"activity":"SEPA-Mandat erteilt","creationType":"DEFAULT","userName":"info@tda-intl.com","timeStamp":"2025-12-03T08:32:32.304641+01:00","timelineItemPropertyChangeDtos":[{"property":"SEPA-Mandatsreferenz-Nr.","oldValue":null,"newValue":"MLREFM00029"},{"property":"Status","oldValue":null,"newValue":"CONFIRMED"}]},{"activity":"Mitglied angelegt","creationType":"DEFAULT","userName":"info@tda-intl.com","timeStamp":"2025-12-03T08:32:32.305034+01:00","timelineItemPropertyChangeDtos":[]},{"activity":"Vertrag angelegt","creationType":"DEFAULT","userName":"info@tda-intl.com","timeStamp":"2025-12-03T08:32:32.345742+01:00","timelineItemPropertyChangeDtos":[{"property":"Tarif","oldValue":"Erwachsene neu","newValue":null},{"property":"Vertragsbeginn","oldValue":"2025-12-01","newValue":null},{"property":"Vertragsende","oldValue":"2026-11-30","newValue":null},{"property":"Nutzungsbeginn","oldValue":null,"newValue":null},{"property":"Laufzeit","oldValue":"12 MONTH","newValue":null},{"property":"Zahlweise","oldValue":"monatlich: 69,00 €","newValue":null},{"property":"Vertragsquelle","oldValue":"Verwaltung","newValue":null}]}]}