[{"customerNumber":"M-10","firstName":"Adalya","lastName":"Calik","dateOfBirth":"2020-10-01","email":"calikstephanie@t-online.de","street":"Von-Neuhaus-Str.","houseNumber":"8","addition":null,"zip":"84155","city":"Bodenkirchen","country":"Germany","rateName":"Kids","rateTerm":"12M","cancellationPeriod":"3M","paymentFrequency":"1M","chargeAmountAtContractStart":34.99,"chargeAmountCurrent":34.99,"starterPackageAmount":33.000000,"paymentType":"Bar","paymentTypeContract":null,"signedContract":"21.11.2024","startDate":"2024-10-01","startDateOfUse":null,"startDateIncludingPreviousContracts":"2024-10-01","startDateOfUseIncludingPreviousContracts":null,"externalIdentifier":"","countPeriod":1,"endDateCurrentTerm":"2025-05-01","endDate":"2025-05-01","lastPossibleCancellationDate":"2025-02-01","origin":"Verwaltung","campaign":"","extensionType":"Vertragsverlängerung","extensionRate":"","extensionValue":"12M","chargeAmountNextPeriod":null,"cancelledTo":"2025-05-01","cancelledAt":"2025-06-29","cancellationType":"Außerordentliche Kündigung","cancellationReason":"Hausverbot","paymentRunGroupName":null,"paidTimePeriodCalculationType":"Kalendarium","company":null,"externalId":null,"location":null,"voucherCode":null,"imported":null,"voucherType":null,"discountType":null,"voucherAmount":null,"discountEffectivePeriod":null,"discountValidFrom":null,"discountValidUntil":null,"additionalDiscount":null,"additionalDiscountType":null,"additionalDiscountEffectivePeriod":null,"additionalDiscountValidFrom":null,"additionalDiscountValidUntil":null,"voucherBonusPeriodDuration":null,"voucherBonusPeriodType":null,"voucherBonusPeriodStartDate":null,"voucherBonusPeriodEndDate":null,"omitStarterPackage":null,"hasAdditionalVoucher":null,"id":1210197660,"type":"CONTRACT","referenceContractId":null}]