{"uuid":"9c779c2f-3eb7-4fe6-825f-038ea1d941b2","lastName":"Calik","firstName":"Adalya","dateOfBirth":"2020-10-01","placeOfBirth":null,"countryOfBirth":null,"gender":"Weiblich","title":"NONE","taxId":null,"documentNumber":null,"documentType":null,"email":"calikstephanie@t-online.de","addresses":[{"street":"Von-Neuhaus-Str.","houseNumber":"8","addition":null,"zip":"84155","city":"Bodenkirchen","country":"DE","additionalInformation":null,"streetType":null,"block":null,"portal":null,"stairway":null,"floor":null,"door":null,"province":null,"secondStreet":null,"buildingName":null,"cityPart":null,"district":null,"addressStatus":"VALID","statusInformation":null,"addressStatusSince":null}]}