{"uuid":"9c779c2f-3eb7-4fe6-825f-038ea1d941b2","customerNumber":"M-10","customerStatus":"Ehemaliger","gender":"Weiblich","title":"Kein Titel","lastName":"Calik","secondLastName":null,"firstName":"Adalya","secondFirstName":null,"dateOfBirth":"2020-10-01","note":null,"cardNumbers":"","customerTags":"","addresses":[{"street":"Von-Neuhaus-Str.","houseNumber":"8","addition":null,"zip":"84155","city":"Bodenkirchen","country":"DE","additionalInformation":null,"streetType":null,"block":null,"portal":null,"stairway":null,"floor":null,"door":null,"province":null,"secondStreet":null,"buildingName":null,"cityPart":null,"district":null,"addressStatus":"VALID","statusInformation":null,"addressStatusSince":null}],"contact":{"telPrivate":"017620470639","telBusiness":null,"telPrivateMobile":null,"telBusinessMobile":null,"email":"calikstephanie@t-online.de"},"paymentMethod":"Bar","bankAccount":{"accountHolder":"Stephanie Calik","iban":"DE39600901000273280007","bic":"VOBADESSXXX","bankName":"Volksbank Stuttgart","sepaMandateDtos":[{"sepaMandateStatus":"CONFIRMED","referenceNumber":"MLREFM00010","mandateGivenDate":"2024-11-21","mandateWithdrawnDate":null,"signatureRequired":true,"owner":"STUDIO"}]},"emailStatus":{"type":"NOT_YET_USED","information":""},"importedFrom":"NONE","communicationStop":false,"campaign":null,"taxId":null,"documentIdentificationm":null,"locale":null,"deceased":false,"referralCode":"241E2","excludedFromReferral":false,"medicalCertificate":null,"aggregatorAssignments":[],"referralType":null,"lead":null}