{"timelineItemDtos":[{"activity":"SEPA-Mandat erteilt","creationType":"DEFAULT","userName":"info@tda-intl.com","timeStamp":"2024-11-21T15:05:09.81928+01:00","timelineItemPropertyChangeDtos":[{"property":"SEPA-Mandatsreferenz-Nr.","oldValue":null,"newValue":"MLREFM00010"},{"property":"Status","oldValue":null,"newValue":"CONFIRMED"}]},{"activity":"Mitglied angelegt","creationType":"DEFAULT","userName":"info@tda-intl.com","timeStamp":"2024-11-21T15:05:09.81994+01:00","timelineItemPropertyChangeDtos":[]},{"activity":"Vertrag angelegt","creationType":"DEFAULT","userName":"info@tda-intl.com","timeStamp":"2024-11-21T15:05:09.879854+01:00","timelineItemPropertyChangeDtos":[{"property":"Tarif","oldValue":"Kids","newValue":null},{"property":"Vertragsbeginn","oldValue":"2024-10-01","newValue":null},{"property":"Vertragsende","oldValue":"2025-09-30","newValue":null},{"property":"Nutzungsbeginn","oldValue":null,"newValue":null},{"property":"Laufzeit","oldValue":"12 MONTH","newValue":null},{"property":"Zahlweise","oldValue":"monatlich: 34,99 €","newValue":null}]},{"activity":"Externe Person als gesetzlicher Vertreter hinterlegt","creationType":"DEFAULT","userName":"info@tda-intl.com","timeStamp":"2024-11-21T15:05:30.721576+01:00","timelineItemPropertyChangeDtos":[{"property":"Vorname","oldValue":null,"newValue":"Stephanie"},{"property":"Nachname","oldValue":null,"newValue":"Calik"},{"property":"Titel","oldValue":null,"newValue":null},{"property":"Geschlecht","oldValue":null,"newValue":"FEMALE"},{"property":"Geburtstag","oldValue":null,"newValue":null},{"property":"Straße","oldValue":null,"newValue":"Von-Neuhaus-Str."},{"property":"Hausnummer","oldValue":null,"newValue":"8"},{"property":"PLZ","oldValue":null,"newValue":"84155"},{"property":"Ort","oldValue":null,"newValue":"Bodenkirchen"},{"property":"Land","oldValue":null,"newValue":"DE"}]},{"activity":"Zahlungsart geändert","creationType":"DEFAULT","userName":"info@tda-intl.com","timeStamp":"2025-06-29T20:04:13.034683+02:00","timelineItemPropertyChangeDtos":[{"property":"Zahlungsmethode","oldValue":"DIRECT_DEBIT","newValue":"CASH"}]},{"activity":"Vertrag gekündigt","creationType":"DEFAULT","userName":"info@tda-intl.com","timeStamp":"2025-06-29T20:04:54.74199+02:00","timelineItemPropertyChangeDtos":[{"property":"Tarif","oldValue":null,"newValue":"Kids"},{"property":"Eingang der Kündigung","oldValue":null,"newValue":"2025-06-29"},{"property":"Kündigungsart","oldValue":null,"newValue":"EXTRAORDINARY"},{"property":"Kündigung zum","oldValue":null,"newValue":"2025-05-01"},{"property":"Kündigungsgrund","oldValue":null,"newValue":"Hausverbot"},{"property":"Gekündigt von","oldValue":null,"newValue":"STUDIO"}]}]}